* checking for file ‘./DESCRIPTION’ ... OK
* preparing ‘pladdrr’:
* checking DESCRIPTION meta-information ... OK
* cleaning src
* installing the package to build vignettes
      -----------------------------------
* installing *source* package ‘pladdrr’ ...
** using staged installation
Checking for RcppXsimd...
RcppXsimd found - enabling SIMD optimizations
Configuration complete
** libs
using C compiler: ‘Apple clang version 17.0.0 (clang-1700.4.4.1)’
using C++ compiler: ‘Apple clang version 17.0.0 (clang-1700.4.4.1)’
using C++17
using SDK: ‘’
clang++ -arch arm64 -std=gnu++17 -I"/Library/Frameworks/R.framework/Resources/include" -DNDEBUG -DHAVE_XSIMD -I. -Igsl-2.8 -Igsl-2.8/gsl -Ipraat.github.io -Ipraat.github.io/kar -Ipraat.github.io/melder -Ipraat.github.io/sys -Ipraat.github.io/dwsys -Ipraat.github.io/dwtools -Ipraat.github.io/stat -Ipraat.github.io/fon -Ipraat.github.io/foned -Ipraat.github.io/LPC -Ipraat.github.io/sensors -Ipraat.github.io/external/portaudio -Ipraat.github.io/external/flac -Ipraat.github.io/external/mp3 -Ipraat.github.io/external/espeak -Ipraat.github.io/external/gsl -Ipraat/external/gsl -Ipraat.github.io/external/glpk -Ipraat/external/glpk -Ipraat.github.io/external/num -Ipraat/external/num -Iclapack/INCLUDE -I'/Library/Frameworks/R.framework/Versions/4.4-arm64/Resources/library/Rcpp/include' -I'/Library/Frameworks/R.framework/Versions/4.4-arm64/Resources/library/RcppXsimd/include' -I/opt/R/arm64/include -I/opt/homebrew/opt/libomp/include -Xclang -fopenmp   -DPRAAT_LIB -DNO_GUI -DNO_AUDIO -DNO_GRAPHICS -DNO_NETWORK -DUNIX -pthread -ffp-contract=off -Wno-unused-parameter -Wno-sign-compare -Wno-unused-variable -Wno-deprecated-declarations -Wno-trigraphs -Wno-logical-op-parentheses -Wno-shift-op-parentheses -Wno-mismatched-tags -Wno-unused-const-variable -Wno-c++11-narrowing -march=armv8-a+simd -fPIC  -falign-functions=64 -Wall -g -O2   -c sound_extensions_minimal.cpp -o sound_extensions_minimal.o
In file included from sound_extensions_minimal.cpp:10:
In file included from ./praat.github.io/sys/Thing.h:24:
In file included from praat.github.io/melder/melder.h:76:
praat.github.io/melder/melder_tensor.h:64:1: warning: 'vector' defined as a struct template here but previously declared as a class template; this is valid, but may result in linker errors under the Microsoft C++ ABI [-Wmismatched-tags]
   64 | struct vector {
      | ^
praat.github.io/melder/melder_tensor.h:52:23: note: did you mean struct here?
   52 | template <typename T> class vector;
      |                       ^~~~~
      |                       struct
praat.github.io/melder/melder_tensor.h:104:1: warning: 'constvector' defined as a struct template here but previously declared as a class template; this is valid, but may result in linker errors under the Microsoft C++ ABI [-Wmismatched-tags]
  104 | struct constvector {
      | ^
praat.github.io/melder/melder_tensor.h:53:23: note: did you mean struct here?
   53 | template <typename T> class constvector;
      |                       ^~~~~
      |                       struct
praat.github.io/melder/melder_tensor.h:137:1: warning: 'vectorview' defined as a struct template here but previously declared as a class template; this is valid, but may result in linker errors under the Microsoft C++ ABI [-Wmismatched-tags]
  137 | struct vectorview {
      | ^
praat.github.io/melder/melder_tensor.h:54:23: note: did you mean struct here?
   54 | template <typename T> class vectorview;
      |                       ^~~~~
      |                       struct
praat.github.io/melder/melder_tensor.h:167:1: warning: 'constvectorview' defined as a struct template here but previously declared as a class template; this is valid, but may result in linker errors under the Microsoft C++ ABI [-Wmismatched-tags]
  167 | struct constvectorview {
      | ^
praat.github.io/melder/melder_tensor.h:55:23: note: did you mean struct here?
   55 | template <typename T> class constvectorview;
      |                       ^~~~~
      |                       struct
praat.github.io/melder/melder_tensor.h:207:1: warning: 'autovector' defined as a struct template here but previously declared as a class template; this is valid, but may result in linker errors under the Microsoft C++ ABI [-Wmismatched-tags]
  207 | struct autovector {
      | ^
praat.github.io/melder/melder_tensor.h:56:23: note: did you mean struct here?
   56 | template <typename T> class autovector;
      |                       ^~~~~
      |                       struct
praat.github.io/melder/melder_tensor.h:388:1: warning: 'matrix' defined as a struct template here but previously declared as a class template; this is valid, but may result in linker errors under the Microsoft C++ ABI [-Wmismatched-tags]
  388 | struct matrix {
      | ^
praat.github.io/melder/melder_tensor.h:57:23: note: did you mean struct here?
   57 | template <typename T> class matrix;
      |                       ^~~~~
      |                       struct
praat.github.io/melder/melder_tensor.h:461:1: warning: 'constmatrix' defined as a struct template here but previously declared as a class template; this is valid, but may result in linker errors under the Microsoft C++ ABI [-Wmismatched-tags]
  461 | struct constmatrix {
      | ^
praat.github.io/melder/melder_tensor.h:58:23: note: did you mean struct here?
   58 | template <typename T> class constmatrix;
      |                       ^~~~~
      |                       struct
praat.github.io/melder/melder_tensor.h:532:1: warning: 'matrixview' defined as a struct template here but previously declared as a class template; this is valid, but may result in linker errors under the Microsoft C++ ABI [-Wmismatched-tags]
  532 | struct matrixview {
      | ^
praat.github.io/melder/melder_tensor.h:59:23: note: did you mean struct here?
   59 | template <typename T> class matrixview;
      |                       ^~~~~
      |                       struct
praat.github.io/melder/melder_tensor.h:612:1: warning: 'constmatrixview' defined as a struct template here but previously declared as a class template; this is valid, but may result in linker errors under the Microsoft C++ ABI [-Wmismatched-tags]
  612 | struct constmatrixview {
      | ^
praat.github.io/melder/melder_tensor.h:60:23: note: did you mean struct here?
   60 | template <typename T> class constmatrixview;
      |                       ^~~~~
      |                       struct
praat.github.io/melder/melder_tensor.h:683:1: warning: 'automatrix' defined as a struct template here but previously declared as a class template; this is valid, but may result in linker errors under the Microsoft C++ ABI [-Wmismatched-tags]
  683 | struct automatrix {
      | ^
praat.github.io/melder/melder_tensor.h:61:23: note: did you mean struct here?
   61 | template <typename T> class automatrix;
      |                       ^~~~~
      |                       struct
praat.github.io/melder/melder_tensor.h:703:18: warning: unused variable 'numberOfColumnsInThisRow' [-Wunused-variable]
  703 |                         const integer numberOfColumnsInThisRow = uinteger_to_integer_a (row.size());
      |                                       ^~~~~~~~~~~~~~~~~~~~~~~~
In file included from sound_extensions_minimal.cpp:10:
./praat.github.io/sys/Thing.h:77:9: warning: struct 'structThing' was previously declared as a class; this is valid, but may result in linker errors under the Microsoft C++ ABI [-Wmismatched-tags]
   77 | typedef struct structThing *Thing;   // we need an explicit "struct" here, because this is a forward declaration
      |         ^
praat.github.io/melder/MelderArg.h:21:15: note: previous use is here
   21 | typedef class structThing *Thing;   // forward declaration
      |               ^
In file included from sound_extensions_minimal.cpp:10:
./praat.github.io/sys/Thing.h:78:9: warning: struct 'structThing' was previously declared as a class; this is valid, but may result in linker errors under the Microsoft C++ ABI [-Wmismatched-tags]
   78 | typedef struct structThing *mutableThing;
      |         ^
praat.github.io/melder/MelderArg.h:21:15: note: previous use is here
   21 | typedef class structThing *Thing;   // forward declaration
      |               ^
In file included from sound_extensions_minimal.cpp:10:
./praat.github.io/sys/Thing.h:79:15: warning: struct 'structThing' was previously declared as a class; this is valid, but may result in linker errors under the Microsoft C++ ABI [-Wmismatched-tags]
   79 | typedef const struct structThing *constThing;
      |               ^
praat.github.io/melder/MelderArg.h:21:15: note: previous use is here
   21 | typedef class structThing *Thing;   // forward declaration
      |               ^
In file included from sound_extensions_minimal.cpp:10:
./praat.github.io/sys/Thing.h:82:1: warning: 'structThing' defined as a struct here but previously declared as a class; this is valid, but may result in linker errors under the Microsoft C++ ABI [-Wmismatched-tags]
   82 | struct structThing {
      | ^
praat.github.io/melder/MelderArg.h:21:9: note: did you mean struct here?
   21 | typedef class structThing *Thing;   // forward declaration
      |         ^~~~~
      |         struct
In file included from sound_extensions_minimal.cpp:12:
In file included from ./praat.github.io/fon/Sound.h:23:
In file included from ./praat.github.io/fon/Vector.h:24:
In file included from ./praat.github.io/fon/Matrix.h:21:
In file included from ./praat.github.io/fon/SampledXY.h:21:
In file included from ./praat.github.io/fon/Sampled.h:23:
praat.github.io/sys/Graphics.h:42:1: warning: struct 'structGraphics' was previously declared as a class; this is valid, but may result in linker errors under the Microsoft C++ ABI [-Wmismatched-tags]
   42 | Thing_define (Graphics, Thing) {
      | ^
./praat.github.io/sys/Thing.h:60:2: note: expanded from macro 'Thing_define'
   60 |         Thing_declare (klas); \
      |         ^
./praat.github.io/sys/Thing.h:52:10: note: expanded from macro 'Thing_declare'
   52 |         typedef struct struct##klas *klas; \
      |                 ^
praat.github.io/melder/melder_progress.h:143:15: note: previous use is here
  143 | typedef class structGraphics *Graphics;
      |               ^
In file included from sound_extensions_minimal.cpp:12:
In file included from ./praat.github.io/fon/Sound.h:23:
In file included from ./praat.github.io/fon/Vector.h:24:
In file included from ./praat.github.io/fon/Matrix.h:21:
In file included from ./praat.github.io/fon/SampledXY.h:21:
In file included from ./praat.github.io/fon/Sampled.h:23:
praat.github.io/sys/Graphics.h:42:1: warning: struct 'structGraphics' was previously declared as a class; this is valid, but may result in linker errors under the Microsoft C++ ABI [-Wmismatched-tags]
   42 | Thing_define (Graphics, Thing) {
      | ^
./praat.github.io/sys/Thing.h:60:2: note: expanded from macro 'Thing_define'
   60 |         Thing_declare (klas); \
      |         ^
./praat.github.io/sys/Thing.h:53:10: note: expanded from macro 'Thing_declare'
   53 |         typedef struct struct##klas *mutable##klas; \
      |                 ^
praat.github.io/melder/melder_progress.h:143:15: note: previous use is here
  143 | typedef class structGraphics *Graphics;
      |               ^
In file included from sound_extensions_minimal.cpp:12:
In file included from ./praat.github.io/fon/Sound.h:23:
In file included from ./praat.github.io/fon/Vector.h:24:
In file included from ./praat.github.io/fon/Matrix.h:21:
In file included from ./praat.github.io/fon/SampledXY.h:21:
In file included from ./praat.github.io/fon/Sampled.h:23:
praat.github.io/sys/Graphics.h:42:1: warning: struct 'structGraphics' was previously declared as a class; this is valid, but may result in linker errors under the Microsoft C++ ABI [-Wmismatched-tags]
   42 | Thing_define (Graphics, Thing) {
      | ^
./praat.github.io/sys/Thing.h:60:2: note: expanded from macro 'Thing_define'
   60 |         Thing_declare (klas); \
      |         ^
./praat.github.io/sys/Thing.h:54:16: note: expanded from macro 'Thing_declare'
   54 |         typedef const struct struct##klas *const##klas; \
      |                       ^
praat.github.io/melder/melder_progress.h:143:15: note: previous use is here
  143 | typedef class structGraphics *Graphics;
      |               ^
In file included from sound_extensions_minimal.cpp:12:
In file included from ./praat.github.io/fon/Sound.h:23:
In file included from ./praat.github.io/fon/Vector.h:24:
In file included from ./praat.github.io/fon/Matrix.h:21:
In file included from ./praat.github.io/fon/SampledXY.h:21:
In file included from ./praat.github.io/fon/Sampled.h:23:
praat.github.io/sys/Graphics.h:42:1: warning: 'structGraphics' defined as a struct here but previously declared as a class; this is valid, but may result in linker errors under the Microsoft C++ ABI [-Wmismatched-tags]
   42 | Thing_define (Graphics, Thing) {
      | ^
./praat.github.io/sys/Thing.h:62:2: note: expanded from macro 'Thing_define'
   62 |         struct struct##klas : public struct##syntacticParentKlas
      |         ^
praat.github.io/melder/melder_progress.h:143:9: note: did you mean struct here?
  143 | typedef class structGraphics *Graphics;
      |         ^~~~~
      |         struct
19 warnings generated.
clang++ -arch arm64 -std=gnu++17 -I"/Library/Frameworks/R.framework/Resources/include" -DNDEBUG -DHAVE_XSIMD -I. -Igsl-2.8 -Igsl-2.8/gsl -Ipraat.github.io -Ipraat.github.io/kar -Ipraat.github.io/melder -Ipraat.github.io/sys -Ipraat.github.io/dwsys -Ipraat.github.io/dwtools -Ipraat.github.io/stat -Ipraat.github.io/fon -Ipraat.github.io/foned -Ipraat.github.io/LPC -Ipraat.github.io/sensors -Ipraat.github.io/external/portaudio -Ipraat.github.io/external/flac -Ipraat.github.io/external/mp3 -Ipraat.github.io/external/espeak -Ipraat.github.io/external/gsl -Ipraat/external/gsl -Ipraat.github.io/external/glpk -Ipraat/external/glpk -Ipraat.github.io/external/num -Ipraat/external/num -Iclapack/INCLUDE -I'/Library/Frameworks/R.framework/Versions/4.4-arm64/Resources/library/Rcpp/include' -I'/Library/Frameworks/R.framework/Versions/4.4-arm64/Resources/library/RcppXsimd/include' -I/opt/R/arm64/include -I/opt/homebrew/opt/libomp/include -Xclang -fopenmp   -DPRAAT_LIB -DNO_GUI -DNO_AUDIO -DNO_GRAPHICS -DNO_NETWORK -DUNIX -pthread -ffp-contract=off -Wno-unused-parameter -Wno-sign-compare -Wno-unused-variable -Wno-deprecated-declarations -Wno-trigraphs -Wno-logical-op-parentheses -Wno-shift-op-parentheses -Wno-mismatched-tags -Wno-unused-const-variable -Wno-c++11-narrowing -march=armv8-a+simd -fPIC  -falign-functions=64 -Wall -g -O2   -c praat_wrapper.cpp -o praat_wrapper.o
In file included from praat_wrapper.cpp:12:
In file included from ./praat.github.io/sys/Thing.h:24:
In file included from praat.github.io/melder/melder.h:76:
praat.github.io/melder/melder_tensor.h:64:1: warning: 'vector' defined as a struct template here but previously declared as a class template; this is valid, but may result in linker errors under the Microsoft C++ ABI [-Wmismatched-tags]
   64 | struct vector {
      | ^
praat.github.io/melder/melder_tensor.h:52:23: note: did you mean struct here?
   52 | template <typename T> class vector;
      |                       ^~~~~
      |                       struct
praat.github.io/melder/melder_tensor.h:104:1: warning: 'constvector' defined as a struct template here but previously declared as a class template; this is valid, but may result in linker errors under the Microsoft C++ ABI [-Wmismatched-tags]
  104 | struct constvector {
      | ^
praat.github.io/melder/melder_tensor.h:53:23: note: did you mean struct here?
   53 | template <typename T> class constvector;
      |                       ^~~~~
      |                       struct
praat.github.io/melder/melder_tensor.h:137:1: warning: 'vectorview' defined as a struct template here but previously declared as a class template; this is valid, but may result in linker errors under the Microsoft C++ ABI [-Wmismatched-tags]
  137 | struct vectorview {
      | ^
praat.github.io/melder/melder_tensor.h:54:23: note: did you mean struct here?
   54 | template <typename T> class vectorview;
      |                       ^~~~~
      |                       struct
praat.github.io/melder/melder_tensor.h:167:1: warning: 'constvectorview' defined as a struct template here but previously declared as a class template; this is valid, but may result in linker errors under the Microsoft C++ ABI [-Wmismatched-tags]
  167 | struct constvectorview {
      | ^
praat.github.io/melder/melder_tensor.h:55:23: note: did you mean struct here?
   55 | template <typename T> class constvectorview;
      |                       ^~~~~
      |                       struct
praat.github.io/melder/melder_tensor.h:207:1: warning: 'autovector' defined as a struct template here but previously declared as a class template; this is valid, but may result in linker errors under the Microsoft C++ ABI [-Wmismatched-tags]
  207 | struct autovector {
      | ^
praat.github.io/melder/melder_tensor.h:56:23: note: did you mean struct here?
   56 | template <typename T> class autovector;
      |                       ^~~~~
      |                       struct
praat.github.io/melder/melder_tensor.h:388:1: warning: 'matrix' defined as a struct template here but previously declared as a class template; this is valid, but may result in linker errors under the Microsoft C++ ABI [-Wmismatched-tags]
  388 | struct matrix {
      | ^
praat.github.io/melder/melder_tensor.h:57:23: note: did you mean struct here?
   57 | template <typename T> class matrix;
      |                       ^~~~~
      |                       struct
praat.github.io/melder/melder_tensor.h:461:1: warning: 'constmatrix' defined as a struct template here but previously declared as a class template; this is valid, but may result in linker errors under the Microsoft C++ ABI [-Wmismatched-tags]
  461 | struct constmatrix {
      | ^
praat.github.io/melder/melder_tensor.h:58:23: note: did you mean struct here?
   58 | template <typename T> class constmatrix;
      |                       ^~~~~
      |                       struct
praat.github.io/melder/melder_tensor.h:532:1: warning: 'matrixview' defined as a struct template here but previously declared as a class template; this is valid, but may result in linker errors under the Microsoft C++ ABI [-Wmismatched-tags]
  532 | struct matrixview {
      | ^
praat.github.io/melder/melder_tensor.h:59:23: note: did you mean struct here?
   59 | template <typename T> class matrixview;
      |                       ^~~~~
      |                       struct
praat.github.io/melder/melder_tensor.h:612:1: warning: 'constmatrixview' defined as a struct template here but previously declared as a class template; this is valid, but may result in linker errors under the Microsoft C++ ABI [-Wmismatched-tags]
  612 | struct constmatrixview {
      | ^
praat.github.io/melder/melder_tensor.h:60:23: note: did you mean struct here?
   60 | template <typename T> class constmatrixview;
      |                       ^~~~~
      |                       struct
praat.github.io/melder/melder_tensor.h:683:1: warning: 'automatrix' defined as a struct template here but previously declared as a class template; this is valid, but may result in linker errors under the Microsoft C++ ABI [-Wmismatched-tags]
  683 | struct automatrix {
      | ^
praat.github.io/melder/melder_tensor.h:61:23: note: did you mean struct here?
   61 | template <typename T> class automatrix;
      |                       ^~~~~
      |                       struct
praat.github.io/melder/melder_tensor.h:703:18: warning: unused variable 'numberOfColumnsInThisRow' [-Wunused-variable]
  703 |                         const integer numberOfColumnsInThisRow = uinteger_to_integer_a (row.size());
      |                                       ^~~~~~~~~~~~~~~~~~~~~~~~
In file included from praat_wrapper.cpp:12:
./praat.github.io/sys/Thing.h:77:9: warning: struct 'structThing' was previously declared as a class; this is valid, but may result in linker errors under the Microsoft C++ ABI [-Wmismatched-tags]
   77 | typedef struct structThing *Thing;   // we need an explicit "struct" here, because this is a forward declaration
      |         ^
praat.github.io/melder/MelderArg.h:21:15: note: previous use is here
   21 | typedef class structThing *Thing;   // forward declaration
      |               ^
In file included from praat_wrapper.cpp:12:
./praat.github.io/sys/Thing.h:78:9: warning: struct 'structThing' was previously declared as a class; this is valid, but may result in linker errors under the Microsoft C++ ABI [-Wmismatched-tags]
   78 | typedef struct structThing *mutableThing;
      |         ^
praat.github.io/melder/MelderArg.h:21:15: note: previous use is here
   21 | typedef class structThing *Thing;   // forward declaration
      |               ^
In file included from praat_wrapper.cpp:12:
./praat.github.io/sys/Thing.h:79:15: warning: struct 'structThing' was previously declared as a class; this is valid, but may result in linker errors under the Microsoft C++ ABI [-Wmismatched-tags]
   79 | typedef const struct structThing *constThing;
      |               ^
praat.github.io/melder/MelderArg.h:21:15: note: previous use is here
   21 | typedef class structThing *Thing;   // forward declaration
      |               ^
In file included from praat_wrapper.cpp:12:
./praat.github.io/sys/Thing.h:82:1: warning: 'structThing' defined as a struct here but previously declared as a class; this is valid, but may result in linker errors under the Microsoft C++ ABI [-Wmismatched-tags]
   82 | struct structThing {
      | ^
praat.github.io/melder/MelderArg.h:21:9: note: did you mean struct here?
   21 | typedef class structThing *Thing;   // forward declaration
      |         ^~~~~
      |         struct
In file included from praat_wrapper.cpp:14:
In file included from ./praat.github.io/fon/Sound.h:23:
In file included from ./praat.github.io/fon/Vector.h:24:
In file included from ./praat.github.io/fon/Matrix.h:21:
In file included from ./praat.github.io/fon/SampledXY.h:21:
In file included from ./praat.github.io/fon/Sampled.h:23:
praat.github.io/sys/Graphics.h:42:1: warning: struct 'structGraphics' was previously declared as a class; this is valid, but may result in linker errors under the Microsoft C++ ABI [-Wmismatched-tags]
   42 | Thing_define (Graphics, Thing) {
      | ^
./praat.github.io/sys/Thing.h:60:2: note: expanded from macro 'Thing_define'
   60 |         Thing_declare (klas); \
      |         ^
./praat.github.io/sys/Thing.h:52:10: note: expanded from macro 'Thing_declare'
   52 |         typedef struct struct##klas *klas; \
      |                 ^
praat.github.io/melder/melder_progress.h:143:15: note: previous use is here
  143 | typedef class structGraphics *Graphics;
      |               ^
In file included from praat_wrapper.cpp:14:
In file included from ./praat.github.io/fon/Sound.h:23:
In file included from ./praat.github.io/fon/Vector.h:24:
In file included from ./praat.github.io/fon/Matrix.h:21:
In file included from ./praat.github.io/fon/SampledXY.h:21:
In file included from ./praat.github.io/fon/Sampled.h:23:
praat.github.io/sys/Graphics.h:42:1: warning: struct 'structGraphics' was previously declared as a class; this is valid, but may result in linker errors under the Microsoft C++ ABI [-Wmismatched-tags]
   42 | Thing_define (Graphics, Thing) {
      | ^
./praat.github.io/sys/Thing.h:60:2: note: expanded from macro 'Thing_define'
   60 |         Thing_declare (klas); \
      |         ^
./praat.github.io/sys/Thing.h:53:10: note: expanded from macro 'Thing_declare'
   53 |         typedef struct struct##klas *mutable##klas; \
      |                 ^
praat.github.io/melder/melder_progress.h:143:15: note: previous use is here
  143 | typedef class structGraphics *Graphics;
      |               ^
In file included from praat_wrapper.cpp:14:
In file included from ./praat.github.io/fon/Sound.h:23:
In file included from ./praat.github.io/fon/Vector.h:24:
In file included from ./praat.github.io/fon/Matrix.h:21:
In file included from ./praat.github.io/fon/SampledXY.h:21:
In file included from ./praat.github.io/fon/Sampled.h:23:
praat.github.io/sys/Graphics.h:42:1: warning: struct 'structGraphics' was previously declared as a class; this is valid, but may result in linker errors under the Microsoft C++ ABI [-Wmismatched-tags]
   42 | Thing_define (Graphics, Thing) {
      | ^
./praat.github.io/sys/Thing.h:60:2: note: expanded from macro 'Thing_define'
   60 |         Thing_declare (klas); \
      |         ^
./praat.github.io/sys/Thing.h:54:16: note: expanded from macro 'Thing_declare'
   54 |         typedef const struct struct##klas *const##klas; \
      |                       ^
praat.github.io/melder/melder_progress.h:143:15: note: previous use is here
  143 | typedef class structGraphics *Graphics;
      |               ^
In file included from praat_wrapper.cpp:14:
In file included from ./praat.github.io/fon/Sound.h:23:
In file included from ./praat.github.io/fon/Vector.h:24:
In file included from ./praat.github.io/fon/Matrix.h:21:
In file included from ./praat.github.io/fon/SampledXY.h:21:
In file included from ./praat.github.io/fon/Sampled.h:23:
praat.github.io/sys/Graphics.h:42:1: warning: 'structGraphics' defined as a struct here but previously declared as a class; this is valid, but may result in linker errors under the Microsoft C++ ABI [-Wmismatched-tags]
   42 | Thing_define (Graphics, Thing) {
      | ^
./praat.github.io/sys/Thing.h:62:2: note: expanded from macro 'Thing_define'
   62 |         struct struct##klas : public struct##syntacticParentKlas
      |         ^
praat.github.io/melder/melder_progress.h:143:9: note: did you mean struct here?
  143 | typedef class structGraphics *Graphics;
      |         ^~~~~
      |         struct
19 warnings generated.
clang++ -arch arm64 -std=gnu++17 -I"/Library/Frameworks/R.framework/Resources/include" -DNDEBUG -DHAVE_XSIMD -I. -Igsl-2.8 -Igsl-2.8/gsl -Ipraat.github.io -Ipraat.github.io/kar -Ipraat.github.io/melder -Ipraat.github.io/sys -Ipraat.github.io/dwsys -Ipraat.github.io/dwtools -Ipraat.github.io/stat -Ipraat.github.io/fon -Ipraat.github.io/foned -Ipraat.github.io/LPC -Ipraat.github.io/sensors -Ipraat.github.io/external/portaudio -Ipraat.github.io/external/flac -Ipraat.github.io/external/mp3 -Ipraat.github.io/external/espeak -Ipraat.github.io/external/gsl -Ipraat/external/gsl -Ipraat.github.io/external/glpk -Ipraat/external/glpk -Ipraat.github.io/external/num -Ipraat/external/num -Iclapack/INCLUDE -I'/Library/Frameworks/R.framework/Versions/4.4-arm64/Resources/library/Rcpp/include' -I'/Library/Frameworks/R.framework/Versions/4.4-arm64/Resources/library/RcppXsimd/include' -I/opt/R/arm64/include -I/opt/homebrew/opt/libomp/include -Xclang -fopenmp   -DPRAAT_LIB -DNO_GUI -DNO_AUDIO -DNO_GRAPHICS -DNO_NETWORK -DUNIX -pthread -ffp-contract=off -Wno-unused-parameter -Wno-sign-compare -Wno-unused-variable -Wno-deprecated-declarations -Wno-trigraphs -Wno-logical-op-parentheses -Wno-shift-op-parentheses -Wno-mismatched-tags -Wno-unused-const-variable -Wno-c++11-narrowing -march=armv8-a+simd -fPIC  -falign-functions=64 -Wall -g -O2   -c sound_wrappers.cpp -o sound_wrappers.o
In file included from sound_wrappers.cpp:11:
In file included from ./praat_xptr_utils.h:10:
In file included from praat.github.io/sys/Thing.h:24:
In file included from praat.github.io/melder/melder.h:76:
praat.github.io/melder/melder_tensor.h:64:1: warning: 'vector' defined as a struct template here but previously declared as a class template; this is valid, but may result in linker errors under the Microsoft C++ ABI [-Wmismatched-tags]
   64 | struct vector {
      | ^
praat.github.io/melder/melder_tensor.h:52:23: note: did you mean struct here?
   52 | template <typename T> class vector;
      |                       ^~~~~
      |                       struct
praat.github.io/melder/melder_tensor.h:104:1: warning: 'constvector' defined as a struct template here but previously declared as a class template; this is valid, but may result in linker errors under the Microsoft C++ ABI [-Wmismatched-tags]
  104 | struct constvector {
      | ^
praat.github.io/melder/melder_tensor.h:53:23: note: did you mean struct here?
   53 | template <typename T> class constvector;
      |                       ^~~~~
      |                       struct
praat.github.io/melder/melder_tensor.h:137:1: warning: 'vectorview' defined as a struct template here but previously declared as a class template; this is valid, but may result in linker errors under the Microsoft C++ ABI [-Wmismatched-tags]
  137 | struct vectorview {
      | ^
praat.github.io/melder/melder_tensor.h:54:23: note: did you mean struct here?
   54 | template <typename T> class vectorview;
      |                       ^~~~~
      |                       struct
praat.github.io/melder/melder_tensor.h:167:1: warning: 'constvectorview' defined as a struct template here but previously declared as a class template; this is valid, but may result in linker errors under the Microsoft C++ ABI [-Wmismatched-tags]
  167 | struct constvectorview {
      | ^
praat.github.io/melder/melder_tensor.h:55:23: note: did you mean struct here?
   55 | template <typename T> class constvectorview;
      |                       ^~~~~
      |                       struct
praat.github.io/melder/melder_tensor.h:207:1: warning: 'autovector' defined as a struct template here but previously declared as a class template; this is valid, but may result in linker errors under the Microsoft C++ ABI [-Wmismatched-tags]
  207 | struct autovector {
      | ^
praat.github.io/melder/melder_tensor.h:56:23: note: did you mean struct here?
   56 | template <typename T> class autovector;
      |                       ^~~~~
      |                       struct
praat.github.io/melder/melder_tensor.h:388:1: warning: 'matrix' defined as a struct template here but previously declared as a class template; this is valid, but may result in linker errors under the Microsoft C++ ABI [-Wmismatched-tags]
  388 | struct matrix {
      | ^
praat.github.io/melder/melder_tensor.h:57:23: note: did you mean struct here?
   57 | template <typename T> class matrix;
      |                       ^~~~~
      |                       struct
praat.github.io/melder/melder_tensor.h:461:1: warning: 'constmatrix' defined as a struct template here but previously declared as a class template; this is valid, but may result in linker errors under the Microsoft C++ ABI [-Wmismatched-tags]
  461 | struct constmatrix {
      | ^
praat.github.io/melder/melder_tensor.h:58:23: note: did you mean struct here?
   58 | template <typename T> class constmatrix;
      |                       ^~~~~
      |                       struct
praat.github.io/melder/melder_tensor.h:532:1: warning: 'matrixview' defined as a struct template here but previously declared as a class template; this is valid, but may result in linker errors under the Microsoft C++ ABI [-Wmismatched-tags]
  532 | struct matrixview {
      | ^
praat.github.io/melder/melder_tensor.h:59:23: note: did you mean struct here?
   59 | template <typename T> class matrixview;
      |                       ^~~~~
      |                       struct
praat.github.io/melder/melder_tensor.h:612:1: warning: 'constmatrixview' defined as a struct template here but previously declared as a class template; this is valid, but may result in linker errors under the Microsoft C++ ABI [-Wmismatched-tags]
  612 | struct constmatrixview {
      | ^
praat.github.io/melder/melder_tensor.h:60:23: note: did you mean struct here?
   60 | template <typename T> class constmatrixview;
      |                       ^~~~~
      |                       struct
praat.github.io/melder/melder_tensor.h:683:1: warning: 'automatrix' defined as a struct template here but previously declared as a class template; this is valid, but may result in linker errors under the Microsoft C++ ABI [-Wmismatched-tags]
  683 | struct automatrix {
      | ^
praat.github.io/melder/melder_tensor.h:61:23: note: did you mean struct here?
   61 | template <typename T> class automatrix;
      |                       ^~~~~
      |                       struct
praat.github.io/melder/melder_tensor.h:703:18: warning: unused variable 'numberOfColumnsInThisRow' [-Wunused-variable]
  703 |                         const integer numberOfColumnsInThisRow = uinteger_to_integer_a (row.size());
      |                                       ^~~~~~~~~~~~~~~~~~~~~~~~
In file included from sound_wrappers.cpp:11:
In file included from ./praat_xptr_utils.h:10:
praat.github.io/sys/Thing.h:77:9: warning: struct 'structThing' was previously declared as a class; this is valid, but may result in linker errors under the Microsoft C++ ABI [-Wmismatched-tags]
   77 | typedef struct structThing *Thing;   // we need an explicit "struct" here, because this is a forward declaration
      |         ^
praat.github.io/melder/MelderArg.h:21:15: note: previous use is here
   21 | typedef class structThing *Thing;   // forward declaration
      |               ^
In file included from sound_wrappers.cpp:11:
In file included from ./praat_xptr_utils.h:10:
praat.github.io/sys/Thing.h:78:9: warning: struct 'structThing' was previously declared as a class; this is valid, but may result in linker errors under the Microsoft C++ ABI [-Wmismatched-tags]
   78 | typedef struct structThing *mutableThing;
      |         ^
praat.github.io/melder/MelderArg.h:21:15: note: previous use is here
   21 | typedef class structThing *Thing;   // forward declaration
      |               ^
In file included from sound_wrappers.cpp:11:
In file included from ./praat_xptr_utils.h:10:
praat.github.io/sys/Thing.h:79:15: warning: struct 'structThing' was previously declared as a class; this is valid, but may result in linker errors under the Microsoft C++ ABI [-Wmismatched-tags]
   79 | typedef const struct structThing *constThing;
      |               ^
praat.github.io/melder/MelderArg.h:21:15: note: previous use is here
   21 | typedef class structThing *Thing;   // forward declaration
      |               ^
In file included from sound_wrappers.cpp:11:
In file included from ./praat_xptr_utils.h:10:
praat.github.io/sys/Thing.h:82:1: warning: 'structThing' defined as a struct here but previously declared as a class; this is valid, but may result in linker errors under the Microsoft C++ ABI [-Wmismatched-tags]
   82 | struct structThing {
      | ^
praat.github.io/melder/MelderArg.h:21:9: note: did you mean struct here?
   21 | typedef class structThing *Thing;   // forward declaration
      |         ^~~~~
      |         struct
In file included from sound_wrappers.cpp:16:
In file included from praat.github.io/fon/Sound.h:23:
In file included from praat.github.io/fon/Vector.h:24:
In file included from praat.github.io/fon/Matrix.h:21:
In file included from praat.github.io/fon/SampledXY.h:21:
In file included from praat.github.io/fon/Sampled.h:23:
praat.github.io/sys/Graphics.h:42:1: warning: struct 'structGraphics' was previously declared as a class; this is valid, but may result in linker errors under the Microsoft C++ ABI [-Wmismatched-tags]
   42 | Thing_define (Graphics, Thing) {
      | ^
praat.github.io/sys/Thing.h:60:2: note: expanded from macro 'Thing_define'
   60 |         Thing_declare (klas); \
      |         ^
praat.github.io/sys/Thing.h:52:10: note: expanded from macro 'Thing_declare'
   52 |         typedef struct struct##klas *klas; \
      |                 ^
praat.github.io/melder/melder_progress.h:143:15: note: previous use is here
  143 | typedef class structGraphics *Graphics;
      |               ^
In file included from sound_wrappers.cpp:16:
In file included from praat.github.io/fon/Sound.h:23:
In file included from praat.github.io/fon/Vector.h:24:
In file included from praat.github.io/fon/Matrix.h:21:
In file included from praat.github.io/fon/SampledXY.h:21:
In file included from praat.github.io/fon/Sampled.h:23:
praat.github.io/sys/Graphics.h:42:1: warning: struct 'structGraphics' was previously declared as a class; this is valid, but may result in linker errors under the Microsoft C++ ABI [-Wmismatched-tags]
   42 | Thing_define (Graphics, Thing) {
      | ^
praat.github.io/sys/Thing.h:60:2: note: expanded from macro 'Thing_define'
   60 |         Thing_declare (klas); \
      |         ^
praat.github.io/sys/Thing.h:53:10: note: expanded from macro 'Thing_declare'
   53 |         typedef struct struct##klas *mutable##klas; \
      |                 ^
praat.github.io/melder/melder_progress.h:143:15: note: previous use is here
  143 | typedef class structGraphics *Graphics;
      |               ^
In file included from sound_wrappers.cpp:16:
In file included from praat.github.io/fon/Sound.h:23:
In file included from praat.github.io/fon/Vector.h:24:
In file included from praat.github.io/fon/Matrix.h:21:
In file included from praat.github.io/fon/SampledXY.h:21:
In file included from praat.github.io/fon/Sampled.h:23:
praat.github.io/sys/Graphics.h:42:1: warning: struct 'structGraphics' was previously declared as a class; this is valid, but may result in linker errors under the Microsoft C++ ABI [-Wmismatched-tags]
   42 | Thing_define (Graphics, Thing) {
      | ^
praat.github.io/sys/Thing.h:60:2: note: expanded from macro 'Thing_define'
   60 |         Thing_declare (klas); \
      |         ^
praat.github.io/sys/Thing.h:54:16: note: expanded from macro 'Thing_declare'
   54 |         typedef const struct struct##klas *const##klas; \
      |                       ^
praat.github.io/melder/melder_progress.h:143:15: note: previous use is here
  143 | typedef class structGraphics *Graphics;
      |               ^
In file included from sound_wrappers.cpp:16:
In file included from praat.github.io/fon/Sound.h:23:
In file included from praat.github.io/fon/Vector.h:24:
In file included from praat.github.io/fon/Matrix.h:21:
In file included from praat.github.io/fon/SampledXY.h:21:
In file included from praat.github.io/fon/Sampled.h:23:
praat.github.io/sys/Graphics.h:42:1: warning: 'structGraphics' defined as a struct here but previously declared as a class; this is valid, but may result in linker errors under the Microsoft C++ ABI [-Wmismatched-tags]
   42 | Thing_define (Graphics, Thing) {
      | ^
praat.github.io/sys/Thing.h:62:2: note: expanded from macro 'Thing_define'
   62 |         struct struct##klas : public struct##syntacticParentKlas
      |         ^
praat.github.io/melder/melder_progress.h:143:9: note: did you mean struct here?
  143 | typedef class structGraphics *Graphics;
      |         ^~~~~
      |         struct
19 warnings generated.
clang++ -arch arm64 -std=gnu++17 -I"/Library/Frameworks/R.framework/Resources/include" -DNDEBUG -DHAVE_XSIMD -I. -Igsl-2.8 -Igsl-2.8/gsl -Ipraat.github.io -Ipraat.github.io/kar -Ipraat.github.io/melder -Ipraat.github.io/sys -Ipraat.github.io/dwsys -Ipraat.github.io/dwtools -Ipraat.github.io/stat -Ipraat.github.io/fon -Ipraat.github.io/foned -Ipraat.github.io/LPC -Ipraat.github.io/sensors -Ipraat.github.io/external/portaudio -Ipraat.github.io/external/flac -Ipraat.github.io/external/mp3 -Ipraat.github.io/external/espeak -Ipraat.github.io/external/gsl -Ipraat/external/gsl -Ipraat.github.io/external/glpk -Ipraat/external/glpk -Ipraat.github.io/external/num -Ipraat/external/num -Iclapack/INCLUDE -I'/Library/Frameworks/R.framework/Versions/4.4-arm64/Resources/library/Rcpp/include' -I'/Library/Frameworks/R.framework/Versions/4.4-arm64/Resources/library/RcppXsimd/include' -I/opt/R/arm64/include -I/opt/homebrew/opt/libomp/include -Xclang -fopenmp   -DPRAAT_LIB -DNO_GUI -DNO_AUDIO -DNO_GRAPHICS -DNO_NETWORK -DUNIX -pthread -ffp-contract=off -Wno-unused-parameter -Wno-sign-compare -Wno-unused-variable -Wno-deprecated-declarations -Wno-trigraphs -Wno-logical-op-parentheses -Wno-shift-op-parentheses -Wno-mismatched-tags -Wno-unused-const-variable -Wno-c++11-narrowing -march=armv8-a+simd -fPIC  -falign-functions=64 -Wall -g -O2   -c pitch_wrappers.cpp -o pitch_wrappers.o
In file included from pitch_wrappers.cpp:6:
In file included from ./praat_xptr_utils.h:10:
In file included from praat.github.io/sys/Thing.h:24:
In file included from praat.github.io/melder/melder.h:76:
praat.github.io/melder/melder_tensor.h:64:1: warning: 'vector' defined as a struct template here but previously declared as a class template; this is valid, but may result in linker errors under the Microsoft C++ ABI [-Wmismatched-tags]
   64 | struct vector {
      | ^
praat.github.io/melder/melder_tensor.h:52:23: note: did you mean struct here?
   52 | template <typename T> class vector;
      |                       ^~~~~
      |                       struct
praat.github.io/melder/melder_tensor.h:104:1: warning: 'constvector' defined as a struct template here but previously declared as a class template; this is valid, but may result in linker errors under the Microsoft C++ ABI [-Wmismatched-tags]
  104 | struct constvector {
      | ^
praat.github.io/melder/melder_tensor.h:53:23: note: did you mean struct here?
   53 | template <typename T> class constvector;
      |                       ^~~~~
      |                       struct
praat.github.io/melder/melder_tensor.h:137:1: warning: 'vectorview' defined as a struct template here but previously declared as a class template; this is valid, but may result in linker errors under the Microsoft C++ ABI [-Wmismatched-tags]
  137 | struct vectorview {
      | ^
praat.github.io/melder/melder_tensor.h:54:23: note: did you mean struct here?
   54 | template <typename T> class vectorview;
      |                       ^~~~~
      |                       struct
praat.github.io/melder/melder_tensor.h:167:1: warning: 'constvectorview' defined as a struct template here but previously declared as a class template; this is valid, but may result in linker errors under the Microsoft C++ ABI [-Wmismatched-tags]
  167 | struct constvectorview {
      | ^
praat.github.io/melder/melder_tensor.h:55:23: note: did you mean struct here?
   55 | template <typename T> class constvectorview;
      |                       ^~~~~
      |                       struct
praat.github.io/melder/melder_tensor.h:207:1: warning: 'autovector' defined as a struct template here but previously declared as a class template; this is valid, but may result in linker errors under the Microsoft C++ ABI [-Wmismatched-tags]
  207 | struct autovector {
      | ^
praat.github.io/melder/melder_tensor.h:56:23: note: did you mean struct here?
   56 | template <typename T> class autovector;
      |                       ^~~~~
      |                       struct
praat.github.io/melder/melder_tensor.h:388:1: warning: 'matrix' defined as a struct template here but previously declared as a class template; this is valid, but may result in linker errors under the Microsoft C++ ABI [-Wmismatched-tags]
  388 | struct matrix {
      | ^
praat.github.io/melder/melder_tensor.h:57:23: note: did you mean struct here?
   57 | template <typename T> class matrix;
      |                       ^~~~~
      |                       struct
praat.github.io/melder/melder_tensor.h:461:1: warning: 'constmatrix' defined as a struct template here but previously declared as a class template; this is valid, but may result in linker errors under the Microsoft C++ ABI [-Wmismatched-tags]
  461 | struct constmatrix {
      | ^
praat.github.io/melder/melder_tensor.h:58:23: note: did you mean struct here?
   58 | template <typename T> class constmatrix;
      |                       ^~~~~
      |                       struct
praat.github.io/melder/melder_tensor.h:532:1: warning: 'matrixview' defined as a struct template here but previously declared as a class template; this is valid, but may result in linker errors under the Microsoft C++ ABI [-Wmismatched-tags]
  532 | struct matrixview {
      | ^
praat.github.io/melder/melder_tensor.h:59:23: note: did you mean struct here?
   59 | template <typename T> class matrixview;
      |                       ^~~~~
      |                       struct
praat.github.io/melder/melder_tensor.h:612:1: warning: 'constmatrixview' defined as a struct template here but previously declared as a class template; this is valid, but may result in linker errors under the Microsoft C++ ABI [-Wmismatched-tags]
  612 | struct constmatrixview {
      | ^
praat.github.io/melder/melder_tensor.h:60:23: note: did you mean struct here?
   60 | template <typename T> class constmatrixview;
      |                       ^~~~~
      |                       struct
praat.github.io/melder/melder_tensor.h:683:1: warning: 'automatrix' defined as a struct template here but previously declared as a class template; this is valid, but may result in linker errors under the Microsoft C++ ABI [-Wmismatched-tags]
  683 | struct automatrix {
      | ^
praat.github.io/melder/melder_tensor.h:61:23: note: did you mean struct here?
   61 | template <typename T> class automatrix;
      |                       ^~~~~
      |                       struct
praat.github.io/melder/melder_tensor.h:703:18: warning: unused variable 'numberOfColumnsInThisRow' [-Wunused-variable]
  703 |                         const integer numberOfColumnsInThisRow = uinteger_to_integer_a (row.size());
      |                                       ^~~~~~~~~~~~~~~~~~~~~~~~
In file included from pitch_wrappers.cpp:6:
In file included from ./praat_xptr_utils.h:10:
praat.github.io/sys/Thing.h:77:9: warning: struct 'structThing' was previously declared as a class; this is valid, but may result in linker errors under the Microsoft C++ ABI [-Wmismatched-tags]
   77 | typedef struct structThing *Thing;   // we need an explicit "struct" here, because this is a forward declaration
      |         ^
praat.github.io/melder/MelderArg.h:21:15: note: previous use is here
   21 | typedef class structThing *Thing;   // forward declaration
      |               ^
In file included from pitch_wrappers.cpp:6:
In file included from ./praat_xptr_utils.h:10:
praat.github.io/sys/Thing.h:78:9: warning: struct 'structThing' was previously declared as a class; this is valid, but may result in linker errors under the Microsoft C++ ABI [-Wmismatched-tags]
   78 | typedef struct structThing *mutableThing;
      |         ^
praat.github.io/melder/MelderArg.h:21:15: note: previous use is here
   21 | typedef class structThing *Thing;   // forward declaration
      |               ^
In file included from pitch_wrappers.cpp:6:
In file included from ./praat_xptr_utils.h:10:
praat.github.io/sys/Thing.h:79:15: warning: struct 'structThing' was previously declared as a class; this is valid, but may result in linker errors under the Microsoft C++ ABI [-Wmismatched-tags]
   79 | typedef const struct structThing *constThing;
      |               ^
praat.github.io/melder/MelderArg.h:21:15: note: previous use is here
   21 | typedef class structThing *Thing;   // forward declaration
      |               ^
In file included from pitch_wrappers.cpp:6:
In file included from ./praat_xptr_utils.h:10:
praat.github.io/sys/Thing.h:82:1: warning: 'structThing' defined as a struct here but previously declared as a class; this is valid, but may result in linker errors under the Microsoft C++ ABI [-Wmismatched-tags]
   82 | struct structThing {
      | ^
praat.github.io/melder/MelderArg.h:21:9: note: did you mean struct here?
   21 | typedef class structThing *Thing;   // forward declaration
      |         ^~~~~
      |         struct
In file included from pitch_wrappers.cpp:10:
In file included from ./praat.github.io/fon/Pitch.h:21:
In file included from ./praat.github.io/fon/Sampled.h:23:
praat.github.io/sys/Graphics.h:42:1: warning: struct 'structGraphics' was previously declared as a class; this is valid, but may result in linker errors under the Microsoft C++ ABI [-Wmismatched-tags]
   42 | Thing_define (Graphics, Thing) {
      | ^
praat.github.io/sys/Thing.h:60:2: note: expanded from macro 'Thing_define'
   60 |         Thing_declare (klas); \
      |         ^
praat.github.io/sys/Thing.h:52:10: note: expanded from macro 'Thing_declare'
   52 |         typedef struct struct##klas *klas; \
      |                 ^
praat.github.io/melder/melder_progress.h:143:15: note: previous use is here
  143 | typedef class structGraphics *Graphics;
      |               ^
In file included from pitch_wrappers.cpp:10:
In file included from ./praat.github.io/fon/Pitch.h:21:
In file included from ./praat.github.io/fon/Sampled.h:23:
praat.github.io/sys/Graphics.h:42:1: warning: struct 'structGraphics' was previously declared as a class; this is valid, but may result in linker errors under the Microsoft C++ ABI [-Wmismatched-tags]
   42 | Thing_define (Graphics, Thing) {
      | ^
praat.github.io/sys/Thing.h:60:2: note: expanded from macro 'Thing_define'
   60 |         Thing_declare (klas); \
      |         ^
praat.github.io/sys/Thing.h:53:10: note: expanded from macro 'Thing_declare'
   53 |         typedef struct struct##klas *mutable##klas; \
      |                 ^
praat.github.io/melder/melder_progress.h:143:15: note: previous use is here
  143 | typedef class structGraphics *Graphics;
      |               ^
In file included from pitch_wrappers.cpp:10:
In file included from ./praat.github.io/fon/Pitch.h:21:
In file included from ./praat.github.io/fon/Sampled.h:23:
praat.github.io/sys/Graphics.h:42:1: warning: struct 'structGraphics' was previously declared as a class; this is valid, but may result in linker errors under the Microsoft C++ ABI [-Wmismatched-tags]
   42 | Thing_define (Graphics, Thing) {
      | ^
praat.github.io/sys/Thing.h:60:2: note: expanded from macro 'Thing_define'
   60 |         Thing_declare (klas); \
      |         ^
praat.github.io/sys/Thing.h:54:16: note: expanded from macro 'Thing_declare'
   54 |         typedef const struct struct##klas *const##klas; \
      |                       ^
praat.github.io/melder/melder_progress.h:143:15: note: previous use is here
  143 | typedef class structGraphics *Graphics;
      |               ^
In file included from pitch_wrappers.cpp:10:
In file included from ./praat.github.io/fon/Pitch.h:21:
In file included from ./praat.github.io/fon/Sampled.h:23:
praat.github.io/sys/Graphics.h:42:1: warning: 'structGraphics' defined as a struct here but previously declared as a class; this is valid, but may result in linker errors under the Microsoft C++ ABI [-Wmismatched-tags]
   42 | Thing_define (Graphics, Thing) {
      | ^
praat.github.io/sys/Thing.h:62:2: note: expanded from macro 'Thing_define'
   62 |         struct struct##klas : public struct##syntacticParentKlas
      |         ^
praat.github.io/melder/melder_progress.h:143:9: note: did you mean struct here?
  143 | typedef class structGraphics *Graphics;
      |         ^~~~~
      |         struct
19 warnings generated.
clang++ -arch arm64 -std=gnu++17 -I"/Library/Frameworks/R.framework/Resources/include" -DNDEBUG -DHAVE_XSIMD -I. -Igsl-2.8 -Igsl-2.8/gsl -Ipraat.github.io -Ipraat.github.io/kar -Ipraat.github.io/melder -Ipraat.github.io/sys -Ipraat.github.io/dwsys -Ipraat.github.io/dwtools -Ipraat.github.io/stat -Ipraat.github.io/fon -Ipraat.github.io/foned -Ipraat.github.io/LPC -Ipraat.github.io/sensors -Ipraat.github.io/external/portaudio -Ipraat.github.io/external/flac -Ipraat.github.io/external/mp3 -Ipraat.github.io/external/espeak -Ipraat.github.io/external/gsl -Ipraat/external/gsl -Ipraat.github.io/external/glpk -Ipraat/external/glpk -Ipraat.github.io/external/num -Ipraat/external/num -Iclapack/INCLUDE -I'/Library/Frameworks/R.framework/Versions/4.4-arm64/Resources/library/Rcpp/include' -I'/Library/Frameworks/R.framework/Versions/4.4-arm64/Resources/library/RcppXsimd/include' -I/opt/R/arm64/include -I/opt/homebrew/opt/libomp/include -Xclang -fopenmp   -DPRAAT_LIB -DNO_GUI -DNO_AUDIO -DNO_GRAPHICS -DNO_NETWORK -DUNIX -pthread -ffp-contract=off -Wno-unused-parameter -Wno-sign-compare -Wno-unused-variable -Wno-deprecated-declarations -Wno-trigraphs -Wno-logical-op-parentheses -Wno-shift-op-parentheses -Wno-mismatched-tags -Wno-unused-const-variable -Wno-c++11-narrowing -march=armv8-a+simd -fPIC  -falign-functions=64 -Wall -g -O2   -c formant_wrappers.cpp -o formant_wrappers.o
In file included from formant_wrappers.cpp:10:
In file included from ./praat_xptr_utils.h:10:
In file included from praat.github.io/sys/Thing.h:24:
In file included from praat.github.io/melder/melder.h:76:
praat.github.io/melder/melder_tensor.h:64:1: warning: 'vector' defined as a struct template here but previously declared as a class template; this is valid, but may result in linker errors under the Microsoft C++ ABI [-Wmismatched-tags]
   64 | struct vector {
      | ^
praat.github.io/melder/melder_tensor.h:52:23: note: did you mean struct here?
   52 | template <typename T> class vector;
      |                       ^~~~~
      |                       struct
praat.github.io/melder/melder_tensor.h:104:1: warning: 'constvector' defined as a struct template here but previously declared as a class template; this is valid, but may result in linker errors under the Microsoft C++ ABI [-Wmismatched-tags]
  104 | struct constvector {
      | ^
praat.github.io/melder/melder_tensor.h:53:23: note: did you mean struct here?
   53 | template <typename T> class constvector;
      |                       ^~~~~
      |                       struct
praat.github.io/melder/melder_tensor.h:137:1: warning: 'vectorview' defined as a struct template here but previously declared as a class template; this is valid, but may result in linker errors under the Microsoft C++ ABI [-Wmismatched-tags]
  137 | struct vectorview {
      | ^
praat.github.io/melder/melder_tensor.h:54:23: note: did you mean struct here?
   54 | template <typename T> class vectorview;
      |                       ^~~~~
      |                       struct
praat.github.io/melder/melder_tensor.h:167:1: warning: 'constvectorview' defined as a struct template here but previously declared as a class template; this is valid, but may result in linker errors under the Microsoft C++ ABI [-Wmismatched-tags]
  167 | struct constvectorview {
      | ^
praat.github.io/melder/melder_tensor.h:55:23: note: did you mean struct here?
   55 | template <typename T> class constvectorview;
      |                       ^~~~~
      |                       struct
praat.github.io/melder/melder_tensor.h:207:1: warning: 'autovector' defined as a struct template here but previously declared as a class template; this is valid, but may result in linker errors under the Microsoft C++ ABI [-Wmismatched-tags]
  207 | struct autovector {
      | ^
praat.github.io/melder/melder_tensor.h:56:23: note: did you mean struct here?
   56 | template <typename T> class autovector;
      |                       ^~~~~
      |                       struct
praat.github.io/melder/melder_tensor.h:388:1: warning: 'matrix' defined as a struct template here but previously declared as a class template; this is valid, but may result in linker errors under the Microsoft C++ ABI [-Wmismatched-tags]
  388 | struct matrix {
      | ^
praat.github.io/melder/melder_tensor.h:57:23: note: did you mean struct here?
   57 | template <typename T> class matrix;
      |                       ^~~~~
      |                       struct
praat.github.io/melder/melder_tensor.h:461:1: warning: 'constmatrix' defined as a struct template here but previously declared as a class template; this is valid, but may result in linker errors under the Microsoft C++ ABI [-Wmismatched-tags]
  461 | struct constmatrix {
      | ^
praat.github.io/melder/melder_tensor.h:58:23: note: did you mean struct here?
   58 | template <typename T> class constmatrix;
      |                       ^~~~~
      |                       struct
praat.github.io/melder/melder_tensor.h:532:1: warning: 'matrixview' defined as a struct template here but previously declared as a class template; this is valid, but may result in linker errors under the Microsoft C++ ABI [-Wmismatched-tags]
  532 | struct matrixview {
      | ^
praat.github.io/melder/melder_tensor.h:59:23: note: did you mean struct here?
   59 | template <typename T> class matrixview;
      |                       ^~~~~
      |                       struct
praat.github.io/melder/melder_tensor.h:612:1: warning: 'constmatrixview' defined as a struct template here but previously declared as a class template; this is valid, but may result in linker errors under the Microsoft C++ ABI [-Wmismatched-tags]
  612 | struct constmatrixview {
      | ^
praat.github.io/melder/melder_tensor.h:60:23: note: did you mean struct here?
   60 | template <typename T> class constmatrixview;
      |                       ^~~~~
      |                       struct
praat.github.io/melder/melder_tensor.h:683:1: warning: 'automatrix' defined as a struct template here but previously declared as a class template; this is valid, but may result in linker errors under the Microsoft C++ ABI [-Wmismatched-tags]
  683 | struct automatrix {
      | ^
praat.github.io/melder/melder_tensor.h:61:23: note: did you mean struct here?
   61 | template <typename T> class automatrix;
      |                       ^~~~~
      |                       struct
praat.github.io/melder/melder_tensor.h:703:18: warning: unused variable 'numberOfColumnsInThisRow' [-Wunused-variable]
  703 |                         const integer numberOfColumnsInThisRow = uinteger_to_integer_a (row.size());
      |                                       ^~~~~~~~~~~~~~~~~~~~~~~~
In file included from formant_wrappers.cpp:10:
In file included from ./praat_xptr_utils.h:10:
praat.github.io/sys/Thing.h:77:9: warning: struct 'structThing' was previously declared as a class; this is valid, but may result in linker errors under the Microsoft C++ ABI [-Wmismatched-tags]
   77 | typedef struct structThing *Thing;   // we need an explicit "struct" here, because this is a forward declaration
      |         ^
praat.github.io/melder/MelderArg.h:21:15: note: previous use is here
   21 | typedef class structThing *Thing;   // forward declaration
      |               ^
In file included from formant_wrappers.cpp:10:
In file included from ./praat_xptr_utils.h:10:
praat.github.io/sys/Thing.h:78:9: warning: struct 'structThing' was previously declared as a class; this is valid, but may result in linker errors under the Microsoft C++ ABI [-Wmismatched-tags]
   78 | typedef struct structThing *mutableThing;
      |         ^
praat.github.io/melder/MelderArg.h:21:15: note: previous use is here
   21 | typedef class structThing *Thing;   // forward declaration
      |               ^
In file included from formant_wrappers.cpp:10:
In file included from ./praat_xptr_utils.h:10:
praat.github.io/sys/Thing.h:79:15: warning: struct 'structThing' was previously declared as a class; this is valid, but may result in linker errors under the Microsoft C++ ABI [-Wmismatched-tags]
   79 | typedef const struct structThing *constThing;
      |               ^
praat.github.io/melder/MelderArg.h:21:15: note: previous use is here
   21 | typedef class structThing *Thing;   // forward declaration
      |               ^
In file included from formant_wrappers.cpp:10:
In file included from ./praat_xptr_utils.h:10:
praat.github.io/sys/Thing.h:82:1: warning: 'structThing' defined as a struct here but previously declared as a class; this is valid, but may result in linker errors under the Microsoft C++ ABI [-Wmismatched-tags]
   82 | struct structThing {
      | ^
praat.github.io/melder/MelderArg.h:21:9: note: did you mean struct here?
   21 | typedef class structThing *Thing;   // forward declaration
      |         ^~~~~
      |         struct
In file included from formant_wrappers.cpp:14:
In file included from praat.github.io/fon/Formant.h:21:
In file included from praat.github.io/fon/Matrix.h:21:
In file included from praat.github.io/fon/SampledXY.h:21:
In file included from praat.github.io/fon/Sampled.h:23:
praat.github.io/sys/Graphics.h:42:1: warning: struct 'structGraphics' was previously declared as a class; this is valid, but may result in linker errors under the Microsoft C++ ABI [-Wmismatched-tags]
   42 | Thing_define (Graphics, Thing) {
      | ^
praat.github.io/sys/Thing.h:60:2: note: expanded from macro 'Thing_define'
   60 |         Thing_declare (klas); \
      |         ^
praat.github.io/sys/Thing.h:52:10: note: expanded from macro 'Thing_declare'
   52 |         typedef struct struct##klas *klas; \
      |                 ^
praat.github.io/melder/melder_progress.h:143:15: note: previous use is here
  143 | typedef class structGraphics *Graphics;
      |               ^
In file included from formant_wrappers.cpp:14:
In file included from praat.github.io/fon/Formant.h:21:
In file included from praat.github.io/fon/Matrix.h:21:
In file included from praat.github.io/fon/SampledXY.h:21:
In file included from praat.github.io/fon/Sampled.h:23:
praat.github.io/sys/Graphics.h:42:1: warning: struct 'structGraphics' was previously declared as a class; this is valid, but may result in linker errors under the Microsoft C++ ABI [-Wmismatched-tags]
   42 | Thing_define (Graphics, Thing) {
      | ^
praat.github.io/sys/Thing.h:60:2: note: expanded from macro 'Thing_define'
   60 |         Thing_declare (klas); \
      |         ^
praat.github.io/sys/Thing.h:53:10: note: expanded from macro 'Thing_declare'
   53 |         typedef struct struct##klas *mutable##klas; \
      |                 ^
praat.github.io/melder/melder_progress.h:143:15: note: previous use is here
  143 | typedef class structGraphics *Graphics;
      |               ^
In file included from formant_wrappers.cpp:14:
In file included from praat.github.io/fon/Formant.h:21:
In file included from praat.github.io/fon/Matrix.h:21:
In file included from praat.github.io/fon/SampledXY.h:21:
In file included from praat.github.io/fon/Sampled.h:23:
praat.github.io/sys/Graphics.h:42:1: warning: struct 'structGraphics' was previously declared as a class; this is valid, but may result in linker errors under the Microsoft C++ ABI [-Wmismatched-tags]
   42 | Thing_define (Graphics, Thing) {
      | ^
praat.github.io/sys/Thing.h:60:2: note: expanded from macro 'Thing_define'
   60 |         Thing_declare (klas); \
      |         ^
praat.github.io/sys/Thing.h:54:16: note: expanded from macro 'Thing_declare'
   54 |         typedef const struct struct##klas *const##klas; \
      |                       ^
praat.github.io/melder/melder_progress.h:143:15: note: previous use is here
  143 | typedef class structGraphics *Graphics;
      |               ^
In file included from formant_wrappers.cpp:14:
In file included from praat.github.io/fon/Formant.h:21:
In file included from praat.github.io/fon/Matrix.h:21:
In file included from praat.github.io/fon/SampledXY.h:21:
In file included from praat.github.io/fon/Sampled.h:23:
praat.github.io/sys/Graphics.h:42:1: warning: 'structGraphics' defined as a struct here but previously declared as a class; this is valid, but may result in linker errors under the Microsoft C++ ABI [-Wmismatched-tags]
   42 | Thing_define (Graphics, Thing) {
      | ^
praat.github.io/sys/Thing.h:62:2: note: expanded from macro 'Thing_define'
   62 |         struct struct##klas : public struct##syntacticParentKlas
      |         ^
praat.github.io/melder/melder_progress.h:143:9: note: did you mean struct here?
  143 | typedef class structGraphics *Graphics;
      |         ^~~~~
      |         struct
19 warnings generated.
clang++ -arch arm64 -std=gnu++17 -I"/Library/Frameworks/R.framework/Resources/include" -DNDEBUG -DHAVE_XSIMD -I. -Igsl-2.8 -Igsl-2.8/gsl -Ipraat.github.io -Ipraat.github.io/kar -Ipraat.github.io/melder -Ipraat.github.io/sys -Ipraat.github.io/dwsys -Ipraat.github.io/dwtools -Ipraat.github.io/stat -Ipraat.github.io/fon -Ipraat.github.io/foned -Ipraat.github.io/LPC -Ipraat.github.io/sensors -Ipraat.github.io/external/portaudio -Ipraat.github.io/external/flac -Ipraat.github.io/external/mp3 -Ipraat.github.io/external/espeak -Ipraat.github.io/external/gsl -Ipraat/external/gsl -Ipraat.github.io/external/glpk -Ipraat/external/glpk -Ipraat.github.io/external/num -Ipraat/external/num -Iclapack/INCLUDE -I'/Library/Frameworks/R.framework/Versions/4.4-arm64/Resources/library/Rcpp/include' -I'/Library/Frameworks/R.framework/Versions/4.4-arm64/Resources/library/RcppXsimd/include' -I/opt/R/arm64/include -I/opt/homebrew/opt/libomp/include -Xclang -fopenmp   -DPRAAT_LIB -DNO_GUI -DNO_AUDIO -DNO_GRAPHICS -DNO_NETWORK -DUNIX -pthread -ffp-contract=off -Wno-unused-parameter -Wno-sign-compare -Wno-unused-variable -Wno-deprecated-declarations -Wno-trigraphs -Wno-logical-op-parentheses -Wno-shift-op-parentheses -Wno-mismatched-tags -Wno-unused-const-variable -Wno-c++11-narrowing -march=armv8-a+simd -fPIC  -falign-functions=64 -Wall -g -O2   -c formantgrid_wrappers.cpp -o formantgrid_wrappers.o
In file included from formantgrid_wrappers.cpp:10:
In file included from ./praat_xptr_utils.h:10:
In file included from praat.github.io/sys/Thing.h:24:
In file included from praat.github.io/melder/melder.h:76:
praat.github.io/melder/melder_tensor.h:64:1: warning: 'vector' defined as a struct template here but previously declared as a class template; this is valid, but may result in linker errors under the Microsoft C++ ABI [-Wmismatched-tags]
   64 | struct vector {
      | ^
praat.github.io/melder/melder_tensor.h:52:23: note: did you mean struct here?
   52 | template <typename T> class vector;
      |                       ^~~~~
      |                       struct
praat.github.io/melder/melder_tensor.h:104:1: warning: 'constvector' defined as a struct template here but previously declared as a class template; this is valid, but may result in linker errors under the Microsoft C++ ABI [-Wmismatched-tags]
  104 | struct constvector {
      | ^
praat.github.io/melder/melder_tensor.h:53:23: note: did you mean struct here?
   53 | template <typename T> class constvector;
      |                       ^~~~~
      |                       struct
praat.github.io/melder/melder_tensor.h:137:1: warning: 'vectorview' defined as a struct template here but previously declared as a class template; this is valid, but may result in linker errors under the Microsoft C++ ABI [-Wmismatched-tags]
  137 | struct vectorview {
      | ^
praat.github.io/melder/melder_tensor.h:54:23: note: did you mean struct here?
   54 | template <typename T> class vectorview;
      |                       ^~~~~
      |                       struct
praat.github.io/melder/melder_tensor.h:167:1: warning: 'constvectorview' defined as a struct template here but previously declared as a class template; this is valid, but may result in linker errors under the Microsoft C++ ABI [-Wmismatched-tags]
  167 | struct constvectorview {
      | ^
praat.github.io/melder/melder_tensor.h:55:23: note: did you mean struct here?
   55 | template <typename T> class constvectorview;
      |                       ^~~~~
      |                       struct
praat.github.io/melder/melder_tensor.h:207:1: warning: 'autovector' defined as a struct template here but previously declared as a class template; this is valid, but may result in linker errors under the Microsoft C++ ABI [-Wmismatched-tags]
  207 | struct autovector {
      | ^
praat.github.io/melder/melder_tensor.h:56:23: note: did you mean struct here?
   56 | template <typename T> class autovector;
      |                       ^~~~~
      |                       struct
praat.github.io/melder/melder_tensor.h:388:1: warning: 'matrix' defined as a struct template here but previously declared as a class template; this is valid, but may result in linker errors under the Microsoft C++ ABI [-Wmismatched-tags]
  388 | struct matrix {
      | ^
praat.github.io/melder/melder_tensor.h:57:23: note: did you mean struct here?
   57 | template <typename T> class matrix;
      |                       ^~~~~
      |                       struct
praat.github.io/melder/melder_tensor.h:461:1: warning: 'constmatrix' defined as a struct template here but previously declared as a class template; this is valid, but may result in linker errors under the Microsoft C++ ABI [-Wmismatched-tags]
  461 | struct constmatrix {
      | ^
praat.github.io/melder/melder_tensor.h:58:23: note: did you mean struct here?
   58 | template <typename T> class constmatrix;
      |                       ^~~~~
      |                       struct
praat.github.io/melder/melder_tensor.h:532:1: warning: 'matrixview' defined as a struct template here but previously declared as a class template; this is valid, but may result in linker errors under the Microsoft C++ ABI [-Wmismatched-tags]
  532 | struct matrixview {
      | ^
praat.github.io/melder/melder_tensor.h:59:23: note: did you mean struct here?
   59 | template <typename T> class matrixview;
      |                       ^~~~~
      |                       struct
praat.github.io/melder/melder_tensor.h:612:1: warning: 'constmatrixview' defined as a struct template here but previously declared as a class template; this is valid, but may result in linker errors under the Microsoft C++ ABI [-Wmismatched-tags]
  612 | struct constmatrixview {
      | ^
praat.github.io/melder/melder_tensor.h:60:23: note: did you mean struct here?
   60 | template <typename T> class constmatrixview;
      |                       ^~~~~
      |                       struct
praat.github.io/melder/melder_tensor.h:683:1: warning: 'automatrix' defined as a struct template here but previously declared as a class template; this is valid, but may result in linker errors under the Microsoft C++ ABI [-Wmismatched-tags]
  683 | struct automatrix {
      | ^
praat.github.io/melder/melder_tensor.h:61:23: note: did you mean struct here?
   61 | template <typename T> class automatrix;
      |                       ^~~~~
      |                       struct
praat.github.io/melder/melder_tensor.h:703:18: warning: unused variable 'numberOfColumnsInThisRow' [-Wunused-variable]
  703 |                         const integer numberOfColumnsInThisRow = uinteger_to_integer_a (row.size());
      |                                       ^~~~~~~~~~~~~~~~~~~~~~~~
In file included from formantgrid_wrappers.cpp:10:
In file included from ./praat_xptr_utils.h:10:
praat.github.io/sys/Thing.h:77:9: warning: struct 'structThing' was previously declared as a class; this is valid, but may result in linker errors under the Microsoft C++ ABI [-Wmismatched-tags]
   77 | typedef struct structThing *Thing;   // we need an explicit "struct" here, because this is a forward declaration
      |         ^
praat.github.io/melder/MelderArg.h:21:15: note: previous use is here
   21 | typedef class structThing *Thing;   // forward declaration
      |               ^
In file included from formantgrid_wrappers.cpp:10:
In file included from ./praat_xptr_utils.h:10:
praat.github.io/sys/Thing.h:78:9: warning: struct 'structThing' was previously declared as a class; this is valid, but may result in linker errors under the Microsoft C++ ABI [-Wmismatched-tags]
   78 | typedef struct structThing *mutableThing;
      |         ^
praat.github.io/melder/MelderArg.h:21:15: note: previous use is here
   21 | typedef class structThing *Thing;   // forward declaration
      |               ^
In file included from formantgrid_wrappers.cpp:10:
In file included from ./praat_xptr_utils.h:10:
praat.github.io/sys/Thing.h:79:15: warning: struct 'structThing' was previously declared as a class; this is valid, but may result in linker errors under the Microsoft C++ ABI [-Wmismatched-tags]
   79 | typedef const struct structThing *constThing;
      |               ^
praat.github.io/melder/MelderArg.h:21:15: note: previous use is here
   21 | typedef class structThing *Thing;   // forward declaration
      |               ^
In file included from formantgrid_wrappers.cpp:10:
In file included from ./praat_xptr_utils.h:10:
praat.github.io/sys/Thing.h:82:1: warning: 'structThing' defined as a struct here but previously declared as a class; this is valid, but may result in linker errors under the Microsoft C++ ABI [-Wmismatched-tags]
   82 | struct structThing {
      | ^
praat.github.io/melder/MelderArg.h:21:9: note: did you mean struct here?
   21 | typedef class structThing *Thing;   // forward declaration
      |         ^~~~~
      |         struct
In file included from formantgrid_wrappers.cpp:14:
In file included from praat.github.io/fon/FormantGrid.h:21:
In file included from praat.github.io/fon/RealTier.h:21:
In file included from praat.github.io/fon/AnyTier.h:22:
In file included from praat.github.io/fon/PointProcess.h:22:
praat.github.io/sys/Graphics.h:42:1: warning: struct 'structGraphics' was previously declared as a class; this is valid, but may result in linker errors under the Microsoft C++ ABI [-Wmismatched-tags]
   42 | Thing_define (Graphics, Thing) {
      | ^
praat.github.io/sys/Thing.h:60:2: note: expanded from macro 'Thing_define'
   60 |         Thing_declare (klas); \
      |         ^
praat.github.io/sys/Thing.h:52:10: note: expanded from macro 'Thing_declare'
   52 |         typedef struct struct##klas *klas; \
      |                 ^
praat.github.io/melder/melder_progress.h:143:15: note: previous use is here
  143 | typedef class structGraphics *Graphics;
      |               ^
In file included from formantgrid_wrappers.cpp:14:
In file included from praat.github.io/fon/FormantGrid.h:21:
In file included from praat.github.io/fon/RealTier.h:21:
In file included from praat.github.io/fon/AnyTier.h:22:
In file included from praat.github.io/fon/PointProcess.h:22:
praat.github.io/sys/Graphics.h:42:1: warning: struct 'structGraphics' was previously declared as a class; this is valid, but may result in linker errors under the Microsoft C++ ABI [-Wmismatched-tags]
   42 | Thing_define (Graphics, Thing) {
      | ^
praat.github.io/sys/Thing.h:60:2: note: expanded from macro 'Thing_define'
   60 |         Thing_declare (klas); \
      |         ^
praat.github.io/sys/Thing.h:53:10: note: expanded from macro 'Thing_declare'
   53 |         typedef struct struct##klas *mutable##klas; \
      |                 ^
praat.github.io/melder/melder_progress.h:143:15: note: previous use is here
  143 | typedef class structGraphics *Graphics;
      |               ^
In file included from formantgrid_wrappers.cpp:14:
In file included from praat.github.io/fon/FormantGrid.h:21:
In file included from praat.github.io/fon/RealTier.h:21:
In file included from praat.github.io/fon/AnyTier.h:22:
In file included from praat.github.io/fon/PointProcess.h:22:
praat.github.io/sys/Graphics.h:42:1: warning: struct 'structGraphics' was previously declared as a class; this is valid, but may result in linker errors under the Microsoft C++ ABI [-Wmismatched-tags]
   42 | Thing_define (Graphics, Thing) {
      | ^
praat.github.io/sys/Thing.h:60:2: note: expanded from macro 'Thing_define'
   60 |         Thing_declare (klas); \
      |         ^
praat.github.io/sys/Thing.h:54:16: note: expanded from macro 'Thing_declare'
   54 |         typedef const struct struct##klas *const##klas; \
      |                       ^
praat.github.io/melder/melder_progress.h:143:15: note: previous use is here
  143 | typedef class structGraphics *Graphics;
      |               ^
In file included from formantgrid_wrappers.cpp:14:
In file included from praat.github.io/fon/FormantGrid.h:21:
In file included from praat.github.io/fon/RealTier.h:21:
In file included from praat.github.io/fon/AnyTier.h:22:
In file included from praat.github.io/fon/PointProcess.h:22:
praat.github.io/sys/Graphics.h:42:1: warning: 'structGraphics' defined as a struct here but previously declared as a class; this is valid, but may result in linker errors under the Microsoft C++ ABI [-Wmismatched-tags]
   42 | Thing_define (Graphics, Thing) {
      | ^
praat.github.io/sys/Thing.h:62:2: note: expanded from macro 'Thing_define'
   62 |         struct struct##klas : public struct##syntacticParentKlas
      |         ^
praat.github.io/melder/melder_progress.h:143:9: note: did you mean struct here?
  143 | typedef class structGraphics *Graphics;
      |         ^~~~~
      |         struct
19 warnings generated.
clang++ -arch arm64 -std=gnu++17 -I"/Library/Frameworks/R.framework/Resources/include" -DNDEBUG -DHAVE_XSIMD -I. -Igsl-2.8 -Igsl-2.8/gsl -Ipraat.github.io -Ipraat.github.io/kar -Ipraat.github.io/melder -Ipraat.github.io/sys -Ipraat.github.io/dwsys -Ipraat.github.io/dwtools -Ipraat.github.io/stat -Ipraat.github.io/fon -Ipraat.github.io/foned -Ipraat.github.io/LPC -Ipraat.github.io/sensors -Ipraat.github.io/external/portaudio -Ipraat.github.io/external/flac -Ipraat.github.io/external/mp3 -Ipraat.github.io/external/espeak -Ipraat.github.io/external/gsl -Ipraat/external/gsl -Ipraat.github.io/external/glpk -Ipraat/external/glpk -Ipraat.github.io/external/num -Ipraat/external/num -Iclapack/INCLUDE -I'/Library/Frameworks/R.framework/Versions/4.4-arm64/Resources/library/Rcpp/include' -I'/Library/Frameworks/R.framework/Versions/4.4-arm64/Resources/library/RcppXsimd/include' -I/opt/R/arm64/include -I/opt/homebrew/opt/libomp/include -Xclang -fopenmp   -DPRAAT_LIB -DNO_GUI -DNO_AUDIO -DNO_GRAPHICS -DNO_NETWORK -DUNIX -pthread -ffp-contract=off -Wno-unused-parameter -Wno-sign-compare -Wno-unused-variable -Wno-deprecated-declarations -Wno-trigraphs -Wno-logical-op-parentheses -Wno-shift-op-parentheses -Wno-mismatched-tags -Wno-unused-const-variable -Wno-c++11-narrowing -march=armv8-a+simd -fPIC  -falign-functions=64 -Wall -g -O2   -c harmonicity_wrappers.cpp -o harmonicity_wrappers.o
In file included from harmonicity_wrappers.cpp:6:
In file included from ./praat_xptr_utils.h:10:
In file included from praat.github.io/sys/Thing.h:24:
In file included from praat.github.io/melder/melder.h:76:
praat.github.io/melder/melder_tensor.h:64:1: warning: 'vector' defined as a struct template here but previously declared as a class template; this is valid, but may result in linker errors under the Microsoft C++ ABI [-Wmismatched-tags]
   64 | struct vector {
      | ^
praat.github.io/melder/melder_tensor.h:52:23: note: did you mean struct here?
   52 | template <typename T> class vector;
      |                       ^~~~~
      |                       struct
praat.github.io/melder/melder_tensor.h:104:1: warning: 'constvector' defined as a struct template here but previously declared as a class template; this is valid, but may result in linker errors under the Microsoft C++ ABI [-Wmismatched-tags]
  104 | struct constvector {
      | ^
praat.github.io/melder/melder_tensor.h:53:23: note: did you mean struct here?
   53 | template <typename T> class constvector;
      |                       ^~~~~
      |                       struct
praat.github.io/melder/melder_tensor.h:137:1: warning: 'vectorview' defined as a struct template here but previously declared as a class template; this is valid, but may result in linker errors under the Microsoft C++ ABI [-Wmismatched-tags]
  137 | struct vectorview {
      | ^
praat.github.io/melder/melder_tensor.h:54:23: note: did you mean struct here?
   54 | template <typename T> class vectorview;
      |                       ^~~~~
      |                       struct
praat.github.io/melder/melder_tensor.h:167:1: warning: 'constvectorview' defined as a struct template here but previously declared as a class template; this is valid, but may result in linker errors under the Microsoft C++ ABI [-Wmismatched-tags]
  167 | struct constvectorview {
      | ^
praat.github.io/melder/melder_tensor.h:55:23: note: did you mean struct here?
   55 | template <typename T> class constvectorview;
      |                       ^~~~~
      |                       struct
praat.github.io/melder/melder_tensor.h:207:1: warning: 'autovector' defined as a struct template here but previously declared as a class template; this is valid, but may result in linker errors under the Microsoft C++ ABI [-Wmismatched-tags]
  207 | struct autovector {
      | ^
praat.github.io/melder/melder_tensor.h:56:23: note: did you mean struct here?
   56 | template <typename T> class autovector;
      |                       ^~~~~
      |                       struct
praat.github.io/melder/melder_tensor.h:388:1: warning: 'matrix' defined as a struct template here but previously declared as a class template; this is valid, but may result in linker errors under the Microsoft C++ ABI [-Wmismatched-tags]
  388 | struct matrix {
      | ^
praat.github.io/melder/melder_tensor.h:57:23: note: did you mean struct here?
   57 | template <typename T> class matrix;
      |                       ^~~~~
      |                       struct
praat.github.io/melder/melder_tensor.h:461:1: warning: 'constmatrix' defined as a struct template here but previously declared as a class template; this is valid, but may result in linker errors under the Microsoft C++ ABI [-Wmismatched-tags]
  461 | struct constmatrix {
      | ^
praat.github.io/melder/melder_tensor.h:58:23: note: did you mean struct here?
   58 | template <typename T> class constmatrix;
      |                       ^~~~~
      |                       struct
praat.github.io/melder/melder_tensor.h:532:1: warning: 'matrixview' defined as a struct template here but previously declared as a class template; this is valid, but may result in linker errors under the Microsoft C++ ABI [-Wmismatched-tags]
  532 | struct matrixview {
      | ^
praat.github.io/melder/melder_tensor.h:59:23: note: did you mean struct here?
   59 | template <typename T> class matrixview;
      |                       ^~~~~
      |                       struct
praat.github.io/melder/melder_tensor.h:612:1: warning: 'constmatrixview' defined as a struct template here but previously declared as a class template; this is valid, but may result in linker errors under the Microsoft C++ ABI [-Wmismatched-tags]
  612 | struct constmatrixview {
      | ^
praat.github.io/melder/melder_tensor.h:60:23: note: did you mean struct here?
   60 | template <typename T> class constmatrixview;
      |                       ^~~~~
      |                       struct
praat.github.io/melder/melder_tensor.h:683:1: warning: 'automatrix' defined as a struct template here but previously declared as a class template; this is valid, but may result in linker errors under the Microsoft C++ ABI [-Wmismatched-tags]
  683 | struct automatrix {
      | ^
praat.github.io/melder/melder_tensor.h:61:23: note: did you mean struct here?
   61 | template <typename T> class automatrix;
      |                       ^~~~~
      |                       struct
praat.github.io/melder/melder_tensor.h:703:18: warning: unused variable 'numberOfColumnsInThisRow' [-Wunused-variable]
  703 |                         const integer numberOfColumnsInThisRow = uinteger_to_integer_a (row.size());
      |                                       ^~~~~~~~~~~~~~~~~~~~~~~~
In file included from harmonicity_wrappers.cpp:6:
In file included from ./praat_xptr_utils.h:10:
praat.github.io/sys/Thing.h:77:9: warning: struct 'structThing' was previously declared as a class; this is valid, but may result in linker errors under the Microsoft C++ ABI [-Wmismatched-tags]
   77 | typedef struct structThing *Thing;   // we need an explicit "struct" here, because this is a forward declaration
      |         ^
praat.github.io/melder/MelderArg.h:21:15: note: previous use is here
   21 | typedef class structThing *Thing;   // forward declaration
      |               ^
In file included from harmonicity_wrappers.cpp:6:
In file included from ./praat_xptr_utils.h:10:
praat.github.io/sys/Thing.h:78:9: warning: struct 'structThing' was previously declared as a class; this is valid, but may result in linker errors under the Microsoft C++ ABI [-Wmismatched-tags]
   78 | typedef struct structThing *mutableThing;
      |         ^
praat.github.io/melder/MelderArg.h:21:15: note: previous use is here
   21 | typedef class structThing *Thing;   // forward declaration
      |               ^
In file included from harmonicity_wrappers.cpp:6:
In file included from ./praat_xptr_utils.h:10:
praat.github.io/sys/Thing.h:79:15: warning: struct 'structThing' was previously declared as a class; this is valid, but may result in linker errors under the Microsoft C++ ABI [-Wmismatched-tags]
   79 | typedef const struct structThing *constThing;
      |               ^
praat.github.io/melder/MelderArg.h:21:15: note: previous use is here
   21 | typedef class structThing *Thing;   // forward declaration
      |               ^
In file included from harmonicity_wrappers.cpp:6:
In file included from ./praat_xptr_utils.h:10:
praat.github.io/sys/Thing.h:82:1: warning: 'structThing' defined as a struct here but previously declared as a class; this is valid, but may result in linker errors under the Microsoft C++ ABI [-Wmismatched-tags]
   82 | struct structThing {
      | ^
praat.github.io/melder/MelderArg.h:21:9: note: did you mean struct here?
   21 | typedef class structThing *Thing;   // forward declaration
      |         ^~~~~
      |         struct
In file included from harmonicity_wrappers.cpp:10:
In file included from praat.github.io/fon/Sound.h:23:
In file included from praat.github.io/fon/Vector.h:24:
In file included from praat.github.io/fon/Matrix.h:21:
In file included from praat.github.io/fon/SampledXY.h:21:
In file included from praat.github.io/fon/Sampled.h:23:
praat.github.io/sys/Graphics.h:42:1: warning: struct 'structGraphics' was previously declared as a class; this is valid, but may result in linker errors under the Microsoft C++ ABI [-Wmismatched-tags]
   42 | Thing_define (Graphics, Thing) {
      | ^
praat.github.io/sys/Thing.h:60:2: note: expanded from macro 'Thing_define'
   60 |         Thing_declare (klas); \
      |         ^
praat.github.io/sys/Thing.h:52:10: note: expanded from macro 'Thing_declare'
   52 |         typedef struct struct##klas *klas; \
      |                 ^
praat.github.io/melder/melder_progress.h:143:15: note: previous use is here
  143 | typedef class structGraphics *Graphics;
      |               ^
In file included from harmonicity_wrappers.cpp:10:
In file included from praat.github.io/fon/Sound.h:23:
In file included from praat.github.io/fon/Vector.h:24:
In file included from praat.github.io/fon/Matrix.h:21:
In file included from praat.github.io/fon/SampledXY.h:21:
In file included from praat.github.io/fon/Sampled.h:23:
praat.github.io/sys/Graphics.h:42:1: warning: struct 'structGraphics' was previously declared as a class; this is valid, but may result in linker errors under the Microsoft C++ ABI [-Wmismatched-tags]
   42 | Thing_define (Graphics, Thing) {
      | ^
praat.github.io/sys/Thing.h:60:2: note: expanded from macro 'Thing_define'
   60 |         Thing_declare (klas); \
      |         ^
praat.github.io/sys/Thing.h:53:10: note: expanded from macro 'Thing_declare'
   53 |         typedef struct struct##klas *mutable##klas; \
      |                 ^
praat.github.io/melder/melder_progress.h:143:15: note: previous use is here
  143 | typedef class structGraphics *Graphics;
      |               ^
In file included from harmonicity_wrappers.cpp:10:
In file included from praat.github.io/fon/Sound.h:23:
In file included from praat.github.io/fon/Vector.h:24:
In file included from praat.github.io/fon/Matrix.h:21:
In file included from praat.github.io/fon/SampledXY.h:21:
In file included from praat.github.io/fon/Sampled.h:23:
praat.github.io/sys/Graphics.h:42:1: warning: struct 'structGraphics' was previously declared as a class; this is valid, but may result in linker errors under the Microsoft C++ ABI [-Wmismatched-tags]
   42 | Thing_define (Graphics, Thing) {
      | ^
praat.github.io/sys/Thing.h:60:2: note: expanded from macro 'Thing_define'
   60 |         Thing_declare (klas); \
      |         ^
praat.github.io/sys/Thing.h:54:16: note: expanded from macro 'Thing_declare'
   54 |         typedef const struct struct##klas *const##klas; \
      |                       ^
praat.github.io/melder/melder_progress.h:143:15: note: previous use is here
  143 | typedef class structGraphics *Graphics;
      |               ^
In file included from harmonicity_wrappers.cpp:10:
In file included from praat.github.io/fon/Sound.h:23:
In file included from praat.github.io/fon/Vector.h:24:
In file included from praat.github.io/fon/Matrix.h:21:
In file included from praat.github.io/fon/SampledXY.h:21:
In file included from praat.github.io/fon/Sampled.h:23:
praat.github.io/sys/Graphics.h:42:1: warning: 'structGraphics' defined as a struct here but previously declared as a class; this is valid, but may result in linker errors under the Microsoft C++ ABI [-Wmismatched-tags]
   42 | Thing_define (Graphics, Thing) {
      | ^
praat.github.io/sys/Thing.h:62:2: note: expanded from macro 'Thing_define'
   62 |         struct struct##klas : public struct##syntacticParentKlas
      |         ^
praat.github.io/melder/melder_progress.h:143:9: note: did you mean struct here?
  143 | typedef class structGraphics *Graphics;
      |         ^~~~~
      |         struct
19 warnings generated.
clang++ -arch arm64 -std=gnu++17 -I"/Library/Frameworks/R.framework/Resources/include" -DNDEBUG -DHAVE_XSIMD -I. -Igsl-2.8 -Igsl-2.8/gsl -Ipraat.github.io -Ipraat.github.io/kar -Ipraat.github.io/melder -Ipraat.github.io/sys -Ipraat.github.io/dwsys -Ipraat.github.io/dwtools -Ipraat.github.io/stat -Ipraat.github.io/fon -Ipraat.github.io/foned -Ipraat.github.io/LPC -Ipraat.github.io/sensors -Ipraat.github.io/external/portaudio -Ipraat.github.io/external/flac -Ipraat.github.io/external/mp3 -Ipraat.github.io/external/espeak -Ipraat.github.io/external/gsl -Ipraat/external/gsl -Ipraat.github.io/external/glpk -Ipraat/external/glpk -Ipraat.github.io/external/num -Ipraat/external/num -Iclapack/INCLUDE -I'/Library/Frameworks/R.framework/Versions/4.4-arm64/Resources/library/Rcpp/include' -I'/Library/Frameworks/R.framework/Versions/4.4-arm64/Resources/library/RcppXsimd/include' -I/opt/R/arm64/include -I/opt/homebrew/opt/libomp/include -Xclang -fopenmp   -DPRAAT_LIB -DNO_GUI -DNO_AUDIO -DNO_GRAPHICS -DNO_NETWORK -DUNIX -pthread -ffp-contract=off -Wno-unused-parameter -Wno-sign-compare -Wno-unused-variable -Wno-deprecated-declarations -Wno-trigraphs -Wno-logical-op-parentheses -Wno-shift-op-parentheses -Wno-mismatched-tags -Wno-unused-const-variable -Wno-c++11-narrowing -march=armv8-a+simd -fPIC  -falign-functions=64 -Wall -g -O2   -c intensity_wrappers.cpp -o intensity_wrappers.o
In file included from intensity_wrappers.cpp:6:
In file included from ./praat_xptr_utils.h:10:
In file included from praat.github.io/sys/Thing.h:24:
In file included from praat.github.io/melder/melder.h:76:
praat.github.io/melder/melder_tensor.h:64:1: warning: 'vector' defined as a struct template here but previously declared as a class template; this is valid, but may result in linker errors under the Microsoft C++ ABI [-Wmismatched-tags]
   64 | struct vector {
      | ^
praat.github.io/melder/melder_tensor.h:52:23: note: did you mean struct here?
   52 | template <typename T> class vector;
      |                       ^~~~~
      |                       struct
praat.github.io/melder/melder_tensor.h:104:1: warning: 'constvector' defined as a struct template here but previously declared as a class template; this is valid, but may result in linker errors under the Microsoft C++ ABI [-Wmismatched-tags]
  104 | struct constvector {
      | ^
praat.github.io/melder/melder_tensor.h:53:23: note: did you mean struct here?
   53 | template <typename T> class constvector;
      |                       ^~~~~
      |                       struct
praat.github.io/melder/melder_tensor.h:137:1: warning: 'vectorview' defined as a struct template here but previously declared as a class template; this is valid, but may result in linker errors under the Microsoft C++ ABI [-Wmismatched-tags]
  137 | struct vectorview {
      | ^
praat.github.io/melder/melder_tensor.h:54:23: note: did you mean struct here?
   54 | template <typename T> class vectorview;
      |                       ^~~~~
      |                       struct
praat.github.io/melder/melder_tensor.h:167:1: warning: 'constvectorview' defined as a struct template here but previously declared as a class template; this is valid, but may result in linker errors under the Microsoft C++ ABI [-Wmismatched-tags]
  167 | struct constvectorview {
      | ^
praat.github.io/melder/melder_tensor.h:55:23: note: did you mean struct here?
   55 | template <typename T> class constvectorview;
      |                       ^~~~~
      |                       struct
praat.github.io/melder/melder_tensor.h:207:1: warning: 'autovector' defined as a struct template here but previously declared as a class template; this is valid, but may result in linker errors under the Microsoft C++ ABI [-Wmismatched-tags]
  207 | struct autovector {
      | ^
praat.github.io/melder/melder_tensor.h:56:23: note: did you mean struct here?
   56 | template <typename T> class autovector;
      |                       ^~~~~
      |                       struct
praat.github.io/melder/melder_tensor.h:388:1: warning: 'matrix' defined as a struct template here but previously declared as a class template; this is valid, but may result in linker errors under the Microsoft C++ ABI [-Wmismatched-tags]
  388 | struct matrix {
      | ^
praat.github.io/melder/melder_tensor.h:57:23: note: did you mean struct here?
   57 | template <typename T> class matrix;
      |                       ^~~~~
      |                       struct
praat.github.io/melder/melder_tensor.h:461:1: warning: 'constmatrix' defined as a struct template here but previously declared as a class template; this is valid, but may result in linker errors under the Microsoft C++ ABI [-Wmismatched-tags]
  461 | struct constmatrix {
      | ^
praat.github.io/melder/melder_tensor.h:58:23: note: did you mean struct here?
   58 | template <typename T> class constmatrix;
      |                       ^~~~~
      |                       struct
praat.github.io/melder/melder_tensor.h:532:1: warning: 'matrixview' defined as a struct template here but previously declared as a class template; this is valid, but may result in linker errors under the Microsoft C++ ABI [-Wmismatched-tags]
  532 | struct matrixview {
      | ^
praat.github.io/melder/melder_tensor.h:59:23: note: did you mean struct here?
   59 | template <typename T> class matrixview;
      |                       ^~~~~
      |                       struct
praat.github.io/melder/melder_tensor.h:612:1: warning: 'constmatrixview' defined as a struct template here but previously declared as a class template; this is valid, but may result in linker errors under the Microsoft C++ ABI [-Wmismatched-tags]
  612 | struct constmatrixview {
      | ^
praat.github.io/melder/melder_tensor.h:60:23: note: did you mean struct here?
   60 | template <typename T> class constmatrixview;
      |                       ^~~~~
      |                       struct
praat.github.io/melder/melder_tensor.h:683:1: warning: 'automatrix' defined as a struct template here but previously declared as a class template; this is valid, but may result in linker errors under the Microsoft C++ ABI [-Wmismatched-tags]
  683 | struct automatrix {
      | ^
praat.github.io/melder/melder_tensor.h:61:23: note: did you mean struct here?
   61 | template <typename T> class automatrix;
      |                       ^~~~~
      |                       struct
praat.github.io/melder/melder_tensor.h:703:18: warning: unused variable 'numberOfColumnsInThisRow' [-Wunused-variable]
  703 |                         const integer numberOfColumnsInThisRow = uinteger_to_integer_a (row.size());
      |                                       ^~~~~~~~~~~~~~~~~~~~~~~~
In file included from intensity_wrappers.cpp:6:
In file included from ./praat_xptr_utils.h:10:
praat.github.io/sys/Thing.h:77:9: warning: struct 'structThing' was previously declared as a class; this is valid, but may result in linker errors under the Microsoft C++ ABI [-Wmismatched-tags]
   77 | typedef struct structThing *Thing;   // we need an explicit "struct" here, because this is a forward declaration
      |         ^
praat.github.io/melder/MelderArg.h:21:15: note: previous use is here
   21 | typedef class structThing *Thing;   // forward declaration
      |               ^
In file included from intensity_wrappers.cpp:6:
In file included from ./praat_xptr_utils.h:10:
praat.github.io/sys/Thing.h:78:9: warning: struct 'structThing' was previously declared as a class; this is valid, but may result in linker errors under the Microsoft C++ ABI [-Wmismatched-tags]
   78 | typedef struct structThing *mutableThing;
      |         ^
praat.github.io/melder/MelderArg.h:21:15: note: previous use is here
   21 | typedef class structThing *Thing;   // forward declaration
      |               ^
In file included from intensity_wrappers.cpp:6:
In file included from ./praat_xptr_utils.h:10:
praat.github.io/sys/Thing.h:79:15: warning: struct 'structThing' was previously declared as a class; this is valid, but may result in linker errors under the Microsoft C++ ABI [-Wmismatched-tags]
   79 | typedef const struct structThing *constThing;
      |               ^
praat.github.io/melder/MelderArg.h:21:15: note: previous use is here
   21 | typedef class structThing *Thing;   // forward declaration
      |               ^
In file included from intensity_wrappers.cpp:6:
In file included from ./praat_xptr_utils.h:10:
praat.github.io/sys/Thing.h:82:1: warning: 'structThing' defined as a struct here but previously declared as a class; this is valid, but may result in linker errors under the Microsoft C++ ABI [-Wmismatched-tags]
   82 | struct structThing {
      | ^
praat.github.io/melder/MelderArg.h:21:9: note: did you mean struct here?
   21 | typedef class structThing *Thing;   // forward declaration
      |         ^~~~~
      |         struct
In file included from intensity_wrappers.cpp:10:
In file included from praat.github.io/fon/Sound.h:23:
In file included from praat.github.io/fon/Vector.h:24:
In file included from praat.github.io/fon/Matrix.h:21:
In file included from praat.github.io/fon/SampledXY.h:21:
In file included from praat.github.io/fon/Sampled.h:23:
praat.github.io/sys/Graphics.h:42:1: warning: struct 'structGraphics' was previously declared as a class; this is valid, but may result in linker errors under the Microsoft C++ ABI [-Wmismatched-tags]
   42 | Thing_define (Graphics, Thing) {
      | ^
praat.github.io/sys/Thing.h:60:2: note: expanded from macro 'Thing_define'
   60 |         Thing_declare (klas); \
      |         ^
praat.github.io/sys/Thing.h:52:10: note: expanded from macro 'Thing_declare'
   52 |         typedef struct struct##klas *klas; \
      |                 ^
praat.github.io/melder/melder_progress.h:143:15: note: previous use is here
  143 | typedef class structGraphics *Graphics;
      |               ^
In file included from intensity_wrappers.cpp:10:
In file included from praat.github.io/fon/Sound.h:23:
In file included from praat.github.io/fon/Vector.h:24:
In file included from praat.github.io/fon/Matrix.h:21:
In file included from praat.github.io/fon/SampledXY.h:21:
In file included from praat.github.io/fon/Sampled.h:23:
praat.github.io/sys/Graphics.h:42:1: warning: struct 'structGraphics' was previously declared as a class; this is valid, but may result in linker errors under the Microsoft C++ ABI [-Wmismatched-tags]
   42 | Thing_define (Graphics, Thing) {
      | ^
praat.github.io/sys/Thing.h:60:2: note: expanded from macro 'Thing_define'
   60 |         Thing_declare (klas); \
      |         ^
praat.github.io/sys/Thing.h:53:10: note: expanded from macro 'Thing_declare'
   53 |         typedef struct struct##klas *mutable##klas; \
      |                 ^
praat.github.io/melder/melder_progress.h:143:15: note: previous use is here
  143 | typedef class structGraphics *Graphics;
      |               ^
In file included from intensity_wrappers.cpp:10:
In file included from praat.github.io/fon/Sound.h:23:
In file included from praat.github.io/fon/Vector.h:24:
In file included from praat.github.io/fon/Matrix.h:21:
In file included from praat.github.io/fon/SampledXY.h:21:
In file included from praat.github.io/fon/Sampled.h:23:
praat.github.io/sys/Graphics.h:42:1: warning: struct 'structGraphics' was previously declared as a class; this is valid, but may result in linker errors under the Microsoft C++ ABI [-Wmismatched-tags]
   42 | Thing_define (Graphics, Thing) {
      | ^
praat.github.io/sys/Thing.h:60:2: note: expanded from macro 'Thing_define'
   60 |         Thing_declare (klas); \
      |         ^
praat.github.io/sys/Thing.h:54:16: note: expanded from macro 'Thing_declare'
   54 |         typedef const struct struct##klas *const##klas; \
      |                       ^
praat.github.io/melder/melder_progress.h:143:15: note: previous use is here
  143 | typedef class structGraphics *Graphics;
      |               ^
In file included from intensity_wrappers.cpp:10:
In file included from praat.github.io/fon/Sound.h:23:
In file included from praat.github.io/fon/Vector.h:24:
In file included from praat.github.io/fon/Matrix.h:21:
In file included from praat.github.io/fon/SampledXY.h:21:
In file included from praat.github.io/fon/Sampled.h:23:
praat.github.io/sys/Graphics.h:42:1: warning: 'structGraphics' defined as a struct here but previously declared as a class; this is valid, but may result in linker errors under the Microsoft C++ ABI [-Wmismatched-tags]
   42 | Thing_define (Graphics, Thing) {
      | ^
praat.github.io/sys/Thing.h:62:2: note: expanded from macro 'Thing_define'
   62 |         struct struct##klas : public struct##syntacticParentKlas
      |         ^
praat.github.io/melder/melder_progress.h:143:9: note: did you mean struct here?
  143 | typedef class structGraphics *Graphics;
      |         ^~~~~
      |         struct
19 warnings generated.
clang++ -arch arm64 -std=gnu++17 -I"/Library/Frameworks/R.framework/Resources/include" -DNDEBUG -DHAVE_XSIMD -I. -Igsl-2.8 -Igsl-2.8/gsl -Ipraat.github.io -Ipraat.github.io/kar -Ipraat.github.io/melder -Ipraat.github.io/sys -Ipraat.github.io/dwsys -Ipraat.github.io/dwtools -Ipraat.github.io/stat -Ipraat.github.io/fon -Ipraat.github.io/foned -Ipraat.github.io/LPC -Ipraat.github.io/sensors -Ipraat.github.io/external/portaudio -Ipraat.github.io/external/flac -Ipraat.github.io/external/mp3 -Ipraat.github.io/external/espeak -Ipraat.github.io/external/gsl -Ipraat/external/gsl -Ipraat.github.io/external/glpk -Ipraat/external/glpk -Ipraat.github.io/external/num -Ipraat/external/num -Iclapack/INCLUDE -I'/Library/Frameworks/R.framework/Versions/4.4-arm64/Resources/library/Rcpp/include' -I'/Library/Frameworks/R.framework/Versions/4.4-arm64/Resources/library/RcppXsimd/include' -I/opt/R/arm64/include -I/opt/homebrew/opt/libomp/include -Xclang -fopenmp   -DPRAAT_LIB -DNO_GUI -DNO_AUDIO -DNO_GRAPHICS -DNO_NETWORK -DUNIX -pthread -ffp-contract=off -Wno-unused-parameter -Wno-sign-compare -Wno-unused-variable -Wno-deprecated-declarations -Wno-trigraphs -Wno-logical-op-parentheses -Wno-shift-op-parentheses -Wno-mismatched-tags -Wno-unused-const-variable -Wno-c++11-narrowing -march=armv8-a+simd -fPIC  -falign-functions=64 -Wall -g -O2   -c pointprocess_wrappers.cpp -o pointprocess_wrappers.o
In file included from pointprocess_wrappers.cpp:5:
In file included from ./praat_xptr_utils.h:10:
In file included from praat.github.io/sys/Thing.h:24:
In file included from praat.github.io/melder/melder.h:76:
praat.github.io/melder/melder_tensor.h:64:1: warning: 'vector' defined as a struct template here but previously declared as a class template; this is valid, but may result in linker errors under the Microsoft C++ ABI [-Wmismatched-tags]
   64 | struct vector {
      | ^
praat.github.io/melder/melder_tensor.h:52:23: note: did you mean struct here?
   52 | template <typename T> class vector;
      |                       ^~~~~
      |                       struct
praat.github.io/melder/melder_tensor.h:104:1: warning: 'constvector' defined as a struct template here but previously declared as a class template; this is valid, but may result in linker errors under the Microsoft C++ ABI [-Wmismatched-tags]
  104 | struct constvector {
      | ^
praat.github.io/melder/melder_tensor.h:53:23: note: did you mean struct here?
   53 | template <typename T> class constvector;
      |                       ^~~~~
      |                       struct
praat.github.io/melder/melder_tensor.h:137:1: warning: 'vectorview' defined as a struct template here but previously declared as a class template; this is valid, but may result in linker errors under the Microsoft C++ ABI [-Wmismatched-tags]
  137 | struct vectorview {
      | ^
praat.github.io/melder/melder_tensor.h:54:23: note: did you mean struct here?
   54 | template <typename T> class vectorview;
      |                       ^~~~~
      |                       struct
praat.github.io/melder/melder_tensor.h:167:1: warning: 'constvectorview' defined as a struct template here but previously declared as a class template; this is valid, but may result in linker errors under the Microsoft C++ ABI [-Wmismatched-tags]
  167 | struct constvectorview {
      | ^
praat.github.io/melder/melder_tensor.h:55:23: note: did you mean struct here?
   55 | template <typename T> class constvectorview;
      |                       ^~~~~
      |                       struct
praat.github.io/melder/melder_tensor.h:207:1: warning: 'autovector' defined as a struct template here but previously declared as a class template; this is valid, but may result in linker errors under the Microsoft C++ ABI [-Wmismatched-tags]
  207 | struct autovector {
      | ^
praat.github.io/melder/melder_tensor.h:56:23: note: did you mean struct here?
   56 | template <typename T> class autovector;
      |                       ^~~~~
      |                       struct
praat.github.io/melder/melder_tensor.h:388:1: warning: 'matrix' defined as a struct template here but previously declared as a class template; this is valid, but may result in linker errors under the Microsoft C++ ABI [-Wmismatched-tags]
  388 | struct matrix {
      | ^
praat.github.io/melder/melder_tensor.h:57:23: note: did you mean struct here?
   57 | template <typename T> class matrix;
      |                       ^~~~~
      |                       struct
praat.github.io/melder/melder_tensor.h:461:1: warning: 'constmatrix' defined as a struct template here but previously declared as a class template; this is valid, but may result in linker errors under the Microsoft C++ ABI [-Wmismatched-tags]
  461 | struct constmatrix {
      | ^
praat.github.io/melder/melder_tensor.h:58:23: note: did you mean struct here?
   58 | template <typename T> class constmatrix;
      |                       ^~~~~
      |                       struct
praat.github.io/melder/melder_tensor.h:532:1: warning: 'matrixview' defined as a struct template here but previously declared as a class template; this is valid, but may result in linker errors under the Microsoft C++ ABI [-Wmismatched-tags]
  532 | struct matrixview {
      | ^
praat.github.io/melder/melder_tensor.h:59:23: note: did you mean struct here?
   59 | template <typename T> class matrixview;
      |                       ^~~~~
      |                       struct
praat.github.io/melder/melder_tensor.h:612:1: warning: 'constmatrixview' defined as a struct template here but previously declared as a class template; this is valid, but may result in linker errors under the Microsoft C++ ABI [-Wmismatched-tags]
  612 | struct constmatrixview {
      | ^
praat.github.io/melder/melder_tensor.h:60:23: note: did you mean struct here?
   60 | template <typename T> class constmatrixview;
      |                       ^~~~~
      |                       struct
praat.github.io/melder/melder_tensor.h:683:1: warning: 'automatrix' defined as a struct template here but previously declared as a class template; this is valid, but may result in linker errors under the Microsoft C++ ABI [-Wmismatched-tags]
  683 | struct automatrix {
      | ^
praat.github.io/melder/melder_tensor.h:61:23: note: did you mean struct here?
   61 | template <typename T> class automatrix;
      |                       ^~~~~
      |                       struct
praat.github.io/melder/melder_tensor.h:703:18: warning: unused variable 'numberOfColumnsInThisRow' [-Wunused-variable]
  703 |                         const integer numberOfColumnsInThisRow = uinteger_to_integer_a (row.size());
      |                                       ^~~~~~~~~~~~~~~~~~~~~~~~
In file included from pointprocess_wrappers.cpp:5:
In file included from ./praat_xptr_utils.h:10:
praat.github.io/sys/Thing.h:77:9: warning: struct 'structThing' was previously declared as a class; this is valid, but may result in linker errors under the Microsoft C++ ABI [-Wmismatched-tags]
   77 | typedef struct structThing *Thing;   // we need an explicit "struct" here, because this is a forward declaration
      |         ^
praat.github.io/melder/MelderArg.h:21:15: note: previous use is here
   21 | typedef class structThing *Thing;   // forward declaration
      |               ^
In file included from pointprocess_wrappers.cpp:5:
In file included from ./praat_xptr_utils.h:10:
praat.github.io/sys/Thing.h:78:9: warning: struct 'structThing' was previously declared as a class; this is valid, but may result in linker errors under the Microsoft C++ ABI [-Wmismatched-tags]
   78 | typedef struct structThing *mutableThing;
      |         ^
praat.github.io/melder/MelderArg.h:21:15: note: previous use is here
   21 | typedef class structThing *Thing;   // forward declaration
      |               ^
In file included from pointprocess_wrappers.cpp:5:
In file included from ./praat_xptr_utils.h:10:
praat.github.io/sys/Thing.h:79:15: warning: struct 'structThing' was previously declared as a class; this is valid, but may result in linker errors under the Microsoft C++ ABI [-Wmismatched-tags]
   79 | typedef const struct structThing *constThing;
      |               ^
praat.github.io/melder/MelderArg.h:21:15: note: previous use is here
   21 | typedef class structThing *Thing;   // forward declaration
      |               ^
In file included from pointprocess_wrappers.cpp:5:
In file included from ./praat_xptr_utils.h:10:
praat.github.io/sys/Thing.h:82:1: warning: 'structThing' defined as a struct here but previously declared as a class; this is valid, but may result in linker errors under the Microsoft C++ ABI [-Wmismatched-tags]
   82 | struct structThing {
      | ^
praat.github.io/melder/MelderArg.h:21:9: note: did you mean struct here?
   21 | typedef class structThing *Thing;   // forward declaration
      |         ^~~~~
      |         struct
In file included from pointprocess_wrappers.cpp:9:
In file included from ./praat.github.io/fon/PointProcess.h:22:
praat.github.io/sys/Graphics.h:42:1: warning: struct 'structGraphics' was previously declared as a class; this is valid, but may result in linker errors under the Microsoft C++ ABI [-Wmismatched-tags]
   42 | Thing_define (Graphics, Thing) {
      | ^
praat.github.io/sys/Thing.h:60:2: note: expanded from macro 'Thing_define'
   60 |         Thing_declare (klas); \
      |         ^
praat.github.io/sys/Thing.h:52:10: note: expanded from macro 'Thing_declare'
   52 |         typedef struct struct##klas *klas; \
      |                 ^
praat.github.io/melder/melder_progress.h:143:15: note: previous use is here
  143 | typedef class structGraphics *Graphics;
      |               ^
In file included from pointprocess_wrappers.cpp:9:
In file included from ./praat.github.io/fon/PointProcess.h:22:
praat.github.io/sys/Graphics.h:42:1: warning: struct 'structGraphics' was previously declared as a class; this is valid, but may result in linker errors under the Microsoft C++ ABI [-Wmismatched-tags]
   42 | Thing_define (Graphics, Thing) {
      | ^
praat.github.io/sys/Thing.h:60:2: note: expanded from macro 'Thing_define'
   60 |         Thing_declare (klas); \
      |         ^
praat.github.io/sys/Thing.h:53:10: note: expanded from macro 'Thing_declare'
   53 |         typedef struct struct##klas *mutable##klas; \
      |                 ^
praat.github.io/melder/melder_progress.h:143:15: note: previous use is here
  143 | typedef class structGraphics *Graphics;
      |               ^
In file included from pointprocess_wrappers.cpp:9:
In file included from ./praat.github.io/fon/PointProcess.h:22:
praat.github.io/sys/Graphics.h:42:1: warning: struct 'structGraphics' was previously declared as a class; this is valid, but may result in linker errors under the Microsoft C++ ABI [-Wmismatched-tags]
   42 | Thing_define (Graphics, Thing) {
      | ^
praat.github.io/sys/Thing.h:60:2: note: expanded from macro 'Thing_define'
   60 |         Thing_declare (klas); \
      |         ^
praat.github.io/sys/Thing.h:54:16: note: expanded from macro 'Thing_declare'
   54 |         typedef const struct struct##klas *const##klas; \
      |                       ^
praat.github.io/melder/melder_progress.h:143:15: note: previous use is here
  143 | typedef class structGraphics *Graphics;
      |               ^
In file included from pointprocess_wrappers.cpp:9:
In file included from ./praat.github.io/fon/PointProcess.h:22:
praat.github.io/sys/Graphics.h:42:1: warning: 'structGraphics' defined as a struct here but previously declared as a class; this is valid, but may result in linker errors under the Microsoft C++ ABI [-Wmismatched-tags]
   42 | Thing_define (Graphics, Thing) {
      | ^
praat.github.io/sys/Thing.h:62:2: note: expanded from macro 'Thing_define'
   62 |         struct struct##klas : public struct##syntacticParentKlas
      |         ^
praat.github.io/melder/melder_progress.h:143:9: note: did you mean struct here?
  143 | typedef class structGraphics *Graphics;
      |         ^~~~~
      |         struct
19 warnings generated.
clang++ -arch arm64 -std=gnu++17 -I"/Library/Frameworks/R.framework/Resources/include" -DNDEBUG -DHAVE_XSIMD -I. -Igsl-2.8 -Igsl-2.8/gsl -Ipraat.github.io -Ipraat.github.io/kar -Ipraat.github.io/melder -Ipraat.github.io/sys -Ipraat.github.io/dwsys -Ipraat.github.io/dwtools -Ipraat.github.io/stat -Ipraat.github.io/fon -Ipraat.github.io/foned -Ipraat.github.io/LPC -Ipraat.github.io/sensors -Ipraat.github.io/external/portaudio -Ipraat.github.io/external/flac -Ipraat.github.io/external/mp3 -Ipraat.github.io/external/espeak -Ipraat.github.io/external/gsl -Ipraat/external/gsl -Ipraat.github.io/external/glpk -Ipraat/external/glpk -Ipraat.github.io/external/num -Ipraat/external/num -Iclapack/INCLUDE -I'/Library/Frameworks/R.framework/Versions/4.4-arm64/Resources/library/Rcpp/include' -I'/Library/Frameworks/R.framework/Versions/4.4-arm64/Resources/library/RcppXsimd/include' -I/opt/R/arm64/include -I/opt/homebrew/opt/libomp/include -Xclang -fopenmp   -DPRAAT_LIB -DNO_GUI -DNO_AUDIO -DNO_GRAPHICS -DNO_NETWORK -DUNIX -pthread -ffp-contract=off -Wno-unused-parameter -Wno-sign-compare -Wno-unused-variable -Wno-deprecated-declarations -Wno-trigraphs -Wno-logical-op-parentheses -Wno-shift-op-parentheses -Wno-mismatched-tags -Wno-unused-const-variable -Wno-c++11-narrowing -march=armv8-a+simd -fPIC  -falign-functions=64 -Wall -g -O2   -c spectrum_wrappers.cpp -o spectrum_wrappers.o
In file included from spectrum_wrappers.cpp:6:
In file included from ./praat_xptr_utils.h:10:
In file included from praat.github.io/sys/Thing.h:24:
In file included from praat.github.io/melder/melder.h:76:
praat.github.io/melder/melder_tensor.h:64:1: warning: 'vector' defined as a struct template here but previously declared as a class template; this is valid, but may result in linker errors under the Microsoft C++ ABI [-Wmismatched-tags]
   64 | struct vector {
      | ^
praat.github.io/melder/melder_tensor.h:52:23: note: did you mean struct here?
   52 | template <typename T> class vector;
      |                       ^~~~~
      |                       struct
praat.github.io/melder/melder_tensor.h:104:1: warning: 'constvector' defined as a struct template here but previously declared as a class template; this is valid, but may result in linker errors under the Microsoft C++ ABI [-Wmismatched-tags]
  104 | struct constvector {
      | ^
praat.github.io/melder/melder_tensor.h:53:23: note: did you mean struct here?
   53 | template <typename T> class constvector;
      |                       ^~~~~
      |                       struct
praat.github.io/melder/melder_tensor.h:137:1: warning: 'vectorview' defined as a struct template here but previously declared as a class template; this is valid, but may result in linker errors under the Microsoft C++ ABI [-Wmismatched-tags]
  137 | struct vectorview {
      | ^
praat.github.io/melder/melder_tensor.h:54:23: note: did you mean struct here?
   54 | template <typename T> class vectorview;
      |                       ^~~~~
      |                       struct
praat.github.io/melder/melder_tensor.h:167:1: warning: 'constvectorview' defined as a struct template here but previously declared as a class template; this is valid, but may result in linker errors under the Microsoft C++ ABI [-Wmismatched-tags]
  167 | struct constvectorview {
      | ^
praat.github.io/melder/melder_tensor.h:55:23: note: did you mean struct here?
   55 | template <typename T> class constvectorview;
      |                       ^~~~~
      |                       struct
praat.github.io/melder/melder_tensor.h:207:1: warning: 'autovector' defined as a struct template here but previously declared as a class template; this is valid, but may result in linker errors under the Microsoft C++ ABI [-Wmismatched-tags]
  207 | struct autovector {
      | ^
praat.github.io/melder/melder_tensor.h:56:23: note: did you mean struct here?
   56 | template <typename T> class autovector;
      |                       ^~~~~
      |                       struct
praat.github.io/melder/melder_tensor.h:388:1: warning: 'matrix' defined as a struct template here but previously declared as a class template; this is valid, but may result in linker errors under the Microsoft C++ ABI [-Wmismatched-tags]
  388 | struct matrix {
      | ^
praat.github.io/melder/melder_tensor.h:57:23: note: did you mean struct here?
   57 | template <typename T> class matrix;
      |                       ^~~~~
      |                       struct
praat.github.io/melder/melder_tensor.h:461:1: warning: 'constmatrix' defined as a struct template here but previously declared as a class template; this is valid, but may result in linker errors under the Microsoft C++ ABI [-Wmismatched-tags]
  461 | struct constmatrix {
      | ^
praat.github.io/melder/melder_tensor.h:58:23: note: did you mean struct here?
   58 | template <typename T> class constmatrix;
      |                       ^~~~~
      |                       struct
praat.github.io/melder/melder_tensor.h:532:1: warning: 'matrixview' defined as a struct template here but previously declared as a class template; this is valid, but may result in linker errors under the Microsoft C++ ABI [-Wmismatched-tags]
  532 | struct matrixview {
      | ^
praat.github.io/melder/melder_tensor.h:59:23: note: did you mean struct here?
   59 | template <typename T> class matrixview;
      |                       ^~~~~
      |                       struct
praat.github.io/melder/melder_tensor.h:612:1: warning: 'constmatrixview' defined as a struct template here but previously declared as a class template; this is valid, but may result in linker errors under the Microsoft C++ ABI [-Wmismatched-tags]
  612 | struct constmatrixview {
      | ^
praat.github.io/melder/melder_tensor.h:60:23: note: did you mean struct here?
   60 | template <typename T> class constmatrixview;
      |                       ^~~~~
      |                       struct
praat.github.io/melder/melder_tensor.h:683:1: warning: 'automatrix' defined as a struct template here but previously declared as a class template; this is valid, but may result in linker errors under the Microsoft C++ ABI [-Wmismatched-tags]
  683 | struct automatrix {
      | ^
praat.github.io/melder/melder_tensor.h:61:23: note: did you mean struct here?
   61 | template <typename T> class automatrix;
      |                       ^~~~~
      |                       struct
praat.github.io/melder/melder_tensor.h:703:18: warning: unused variable 'numberOfColumnsInThisRow' [-Wunused-variable]
  703 |                         const integer numberOfColumnsInThisRow = uinteger_to_integer_a (row.size());
      |                                       ^~~~~~~~~~~~~~~~~~~~~~~~
In file included from spectrum_wrappers.cpp:6:
In file included from ./praat_xptr_utils.h:10:
praat.github.io/sys/Thing.h:77:9: warning: struct 'structThing' was previously declared as a class; this is valid, but may result in linker errors under the Microsoft C++ ABI [-Wmismatched-tags]
   77 | typedef struct structThing *Thing;   // we need an explicit "struct" here, because this is a forward declaration
      |         ^
praat.github.io/melder/MelderArg.h:21:15: note: previous use is here
   21 | typedef class structThing *Thing;   // forward declaration
      |               ^
In file included from spectrum_wrappers.cpp:6:
In file included from ./praat_xptr_utils.h:10:
praat.github.io/sys/Thing.h:78:9: warning: struct 'structThing' was previously declared as a class; this is valid, but may result in linker errors under the Microsoft C++ ABI [-Wmismatched-tags]
   78 | typedef struct structThing *mutableThing;
      |         ^
praat.github.io/melder/MelderArg.h:21:15: note: previous use is here
   21 | typedef class structThing *Thing;   // forward declaration
      |               ^
In file included from spectrum_wrappers.cpp:6:
In file included from ./praat_xptr_utils.h:10:
praat.github.io/sys/Thing.h:79:15: warning: struct 'structThing' was previously declared as a class; this is valid, but may result in linker errors under the Microsoft C++ ABI [-Wmismatched-tags]
   79 | typedef const struct structThing *constThing;
      |               ^
praat.github.io/melder/MelderArg.h:21:15: note: previous use is here
   21 | typedef class structThing *Thing;   // forward declaration
      |               ^
In file included from spectrum_wrappers.cpp:6:
In file included from ./praat_xptr_utils.h:10:
praat.github.io/sys/Thing.h:82:1: warning: 'structThing' defined as a struct here but previously declared as a class; this is valid, but may result in linker errors under the Microsoft C++ ABI [-Wmismatched-tags]
   82 | struct structThing {
      | ^
praat.github.io/melder/MelderArg.h:21:9: note: did you mean struct here?
   21 | typedef class structThing *Thing;   // forward declaration
      |         ^~~~~
      |         struct
In file included from spectrum_wrappers.cpp:10:
In file included from praat.github.io/fon/Spectrum.h:24:
In file included from praat.github.io/fon/Matrix.h:21:
In file included from praat.github.io/fon/SampledXY.h:21:
In file included from praat.github.io/fon/Sampled.h:23:
praat.github.io/sys/Graphics.h:42:1: warning: struct 'structGraphics' was previously declared as a class; this is valid, but may result in linker errors under the Microsoft C++ ABI [-Wmismatched-tags]
   42 | Thing_define (Graphics, Thing) {
      | ^
praat.github.io/sys/Thing.h:60:2: note: expanded from macro 'Thing_define'
   60 |         Thing_declare (klas); \
      |         ^
praat.github.io/sys/Thing.h:52:10: note: expanded from macro 'Thing_declare'
   52 |         typedef struct struct##klas *klas; \
      |                 ^
praat.github.io/melder/melder_progress.h:143:15: note: previous use is here
  143 | typedef class structGraphics *Graphics;
      |               ^
In file included from spectrum_wrappers.cpp:10:
In file included from praat.github.io/fon/Spectrum.h:24:
In file included from praat.github.io/fon/Matrix.h:21:
In file included from praat.github.io/fon/SampledXY.h:21:
In file included from praat.github.io/fon/Sampled.h:23:
praat.github.io/sys/Graphics.h:42:1: warning: struct 'structGraphics' was previously declared as a class; this is valid, but may result in linker errors under the Microsoft C++ ABI [-Wmismatched-tags]
   42 | Thing_define (Graphics, Thing) {
      | ^
praat.github.io/sys/Thing.h:60:2: note: expanded from macro 'Thing_define'
   60 |         Thing_declare (klas); \
      |         ^
praat.github.io/sys/Thing.h:53:10: note: expanded from macro 'Thing_declare'
   53 |         typedef struct struct##klas *mutable##klas; \
      |                 ^
praat.github.io/melder/melder_progress.h:143:15: note: previous use is here
  143 | typedef class structGraphics *Graphics;
      |               ^
In file included from spectrum_wrappers.cpp:10:
In file included from praat.github.io/fon/Spectrum.h:24:
In file included from praat.github.io/fon/Matrix.h:21:
In file included from praat.github.io/fon/SampledXY.h:21:
In file included from praat.github.io/fon/Sampled.h:23:
praat.github.io/sys/Graphics.h:42:1: warning: struct 'structGraphics' was previously declared as a class; this is valid, but may result in linker errors under the Microsoft C++ ABI [-Wmismatched-tags]
   42 | Thing_define (Graphics, Thing) {
      | ^
praat.github.io/sys/Thing.h:60:2: note: expanded from macro 'Thing_define'
   60 |         Thing_declare (klas); \
      |         ^
praat.github.io/sys/Thing.h:54:16: note: expanded from macro 'Thing_declare'
   54 |         typedef const struct struct##klas *const##klas; \
      |                       ^
praat.github.io/melder/melder_progress.h:143:15: note: previous use is here
  143 | typedef class structGraphics *Graphics;
      |               ^
In file included from spectrum_wrappers.cpp:10:
In file included from praat.github.io/fon/Spectrum.h:24:
In file included from praat.github.io/fon/Matrix.h:21:
In file included from praat.github.io/fon/SampledXY.h:21:
In file included from praat.github.io/fon/Sampled.h:23:
praat.github.io/sys/Graphics.h:42:1: warning: 'structGraphics' defined as a struct here but previously declared as a class; this is valid, but may result in linker errors under the Microsoft C++ ABI [-Wmismatched-tags]
   42 | Thing_define (Graphics, Thing) {
      | ^
praat.github.io/sys/Thing.h:62:2: note: expanded from macro 'Thing_define'
   62 |         struct struct##klas : public struct##syntacticParentKlas
      |         ^
praat.github.io/melder/melder_progress.h:143:9: note: did you mean struct here?
  143 | typedef class structGraphics *Graphics;
      |         ^~~~~
      |         struct
19 warnings generated.
clang++ -arch arm64 -std=gnu++17 -I"/Library/Frameworks/R.framework/Resources/include" -DNDEBUG -DHAVE_XSIMD -I. -Igsl-2.8 -Igsl-2.8/gsl -Ipraat.github.io -Ipraat.github.io/kar -Ipraat.github.io/melder -Ipraat.github.io/sys -Ipraat.github.io/dwsys -Ipraat.github.io/dwtools -Ipraat.github.io/stat -Ipraat.github.io/fon -Ipraat.github.io/foned -Ipraat.github.io/LPC -Ipraat.github.io/sensors -Ipraat.github.io/external/portaudio -Ipraat.github.io/external/flac -Ipraat.github.io/external/mp3 -Ipraat.github.io/external/espeak -Ipraat.github.io/external/gsl -Ipraat/external/gsl -Ipraat.github.io/external/glpk -Ipraat/external/glpk -Ipraat.github.io/external/num -Ipraat/external/num -Iclapack/INCLUDE -I'/Library/Frameworks/R.framework/Versions/4.4-arm64/Resources/library/Rcpp/include' -I'/Library/Frameworks/R.framework/Versions/4.4-arm64/Resources/library/RcppXsimd/include' -I/opt/R/arm64/include -I/opt/homebrew/opt/libomp/include -Xclang -fopenmp   -DPRAAT_LIB -DNO_GUI -DNO_AUDIO -DNO_GRAPHICS -DNO_NETWORK -DUNIX -pthread -ffp-contract=off -Wno-unused-parameter -Wno-sign-compare -Wno-unused-variable -Wno-deprecated-declarations -Wno-trigraphs -Wno-logical-op-parentheses -Wno-shift-op-parentheses -Wno-mismatched-tags -Wno-unused-const-variable -Wno-c++11-narrowing -march=armv8-a+simd -fPIC  -falign-functions=64 -Wall -g -O2   -c spectrogram_wrappers.cpp -o spectrogram_wrappers.o
In file included from spectrogram_wrappers.cpp:6:
In file included from ./praat_xptr_utils.h:10:
In file included from praat.github.io/sys/Thing.h:24:
In file included from praat.github.io/melder/melder.h:76:
praat.github.io/melder/melder_tensor.h:64:1: warning: 'vector' defined as a struct template here but previously declared as a class template; this is valid, but may result in linker errors under the Microsoft C++ ABI [-Wmismatched-tags]
   64 | struct vector {
      | ^
praat.github.io/melder/melder_tensor.h:52:23: note: did you mean struct here?
   52 | template <typename T> class vector;
      |                       ^~~~~
      |                       struct
praat.github.io/melder/melder_tensor.h:104:1: warning: 'constvector' defined as a struct template here but previously declared as a class template; this is valid, but may result in linker errors under the Microsoft C++ ABI [-Wmismatched-tags]
  104 | struct constvector {
      | ^
praat.github.io/melder/melder_tensor.h:53:23: note: did you mean struct here?
   53 | template <typename T> class constvector;
      |                       ^~~~~
      |                       struct
praat.github.io/melder/melder_tensor.h:137:1: warning: 'vectorview' defined as a struct template here but previously declared as a class template; this is valid, but may result in linker errors under the Microsoft C++ ABI [-Wmismatched-tags]
  137 | struct vectorview {
      | ^
praat.github.io/melder/melder_tensor.h:54:23: note: did you mean struct here?
   54 | template <typename T> class vectorview;
      |                       ^~~~~
      |                       struct
praat.github.io/melder/melder_tensor.h:167:1: warning: 'constvectorview' defined as a struct template here but previously declared as a class template; this is valid, but may result in linker errors under the Microsoft C++ ABI [-Wmismatched-tags]
  167 | struct constvectorview {
      | ^
praat.github.io/melder/melder_tensor.h:55:23: note: did you mean struct here?
   55 | template <typename T> class constvectorview;
      |                       ^~~~~
      |                       struct
praat.github.io/melder/melder_tensor.h:207:1: warning: 'autovector' defined as a struct template here but previously declared as a class template; this is valid, but may result in linker errors under the Microsoft C++ ABI [-Wmismatched-tags]
  207 | struct autovector {
      | ^
praat.github.io/melder/melder_tensor.h:56:23: note: did you mean struct here?
   56 | template <typename T> class autovector;
      |                       ^~~~~
      |                       struct
praat.github.io/melder/melder_tensor.h:388:1: warning: 'matrix' defined as a struct template here but previously declared as a class template; this is valid, but may result in linker errors under the Microsoft C++ ABI [-Wmismatched-tags]
  388 | struct matrix {
      | ^
praat.github.io/melder/melder_tensor.h:57:23: note: did you mean struct here?
   57 | template <typename T> class matrix;
      |                       ^~~~~
      |                       struct
praat.github.io/melder/melder_tensor.h:461:1: warning: 'constmatrix' defined as a struct template here but previously declared as a class template; this is valid, but may result in linker errors under the Microsoft C++ ABI [-Wmismatched-tags]
  461 | struct constmatrix {
      | ^
praat.github.io/melder/melder_tensor.h:58:23: note: did you mean struct here?
   58 | template <typename T> class constmatrix;
      |                       ^~~~~
      |                       struct
praat.github.io/melder/melder_tensor.h:532:1: warning: 'matrixview' defined as a struct template here but previously declared as a class template; this is valid, but may result in linker errors under the Microsoft C++ ABI [-Wmismatched-tags]
  532 | struct matrixview {
      | ^
praat.github.io/melder/melder_tensor.h:59:23: note: did you mean struct here?
   59 | template <typename T> class matrixview;
      |                       ^~~~~
      |                       struct
praat.github.io/melder/melder_tensor.h:612:1: warning: 'constmatrixview' defined as a struct template here but previously declared as a class template; this is valid, but may result in linker errors under the Microsoft C++ ABI [-Wmismatched-tags]
  612 | struct constmatrixview {
      | ^
praat.github.io/melder/melder_tensor.h:60:23: note: did you mean struct here?
   60 | template <typename T> class constmatrixview;
      |                       ^~~~~
      |                       struct
praat.github.io/melder/melder_tensor.h:683:1: warning: 'automatrix' defined as a struct template here but previously declared as a class template; this is valid, but may result in linker errors under the Microsoft C++ ABI [-Wmismatched-tags]
  683 | struct automatrix {
      | ^
praat.github.io/melder/melder_tensor.h:61:23: note: did you mean struct here?
   61 | template <typename T> class automatrix;
      |                       ^~~~~
      |                       struct
praat.github.io/melder/melder_tensor.h:703:18: warning: unused variable 'numberOfColumnsInThisRow' [-Wunused-variable]
  703 |                         const integer numberOfColumnsInThisRow = uinteger_to_integer_a (row.size());
      |                                       ^~~~~~~~~~~~~~~~~~~~~~~~
In file included from spectrogram_wrappers.cpp:6:
In file included from ./praat_xptr_utils.h:10:
praat.github.io/sys/Thing.h:77:9: warning: struct 'structThing' was previously declared as a class; this is valid, but may result in linker errors under the Microsoft C++ ABI [-Wmismatched-tags]
   77 | typedef struct structThing *Thing;   // we need an explicit "struct" here, because this is a forward declaration
      |         ^
praat.github.io/melder/MelderArg.h:21:15: note: previous use is here
   21 | typedef class structThing *Thing;   // forward declaration
      |               ^
In file included from spectrogram_wrappers.cpp:6:
In file included from ./praat_xptr_utils.h:10:
praat.github.io/sys/Thing.h:78:9: warning: struct 'structThing' was previously declared as a class; this is valid, but may result in linker errors under the Microsoft C++ ABI [-Wmismatched-tags]
   78 | typedef struct structThing *mutableThing;
      |         ^
praat.github.io/melder/MelderArg.h:21:15: note: previous use is here
   21 | typedef class structThing *Thing;   // forward declaration
      |               ^
In file included from spectrogram_wrappers.cpp:6:
In file included from ./praat_xptr_utils.h:10:
praat.github.io/sys/Thing.h:79:15: warning: struct 'structThing' was previously declared as a class; this is valid, but may result in linker errors under the Microsoft C++ ABI [-Wmismatched-tags]
   79 | typedef const struct structThing *constThing;
      |               ^
praat.github.io/melder/MelderArg.h:21:15: note: previous use is here
   21 | typedef class structThing *Thing;   // forward declaration
      |               ^
In file included from spectrogram_wrappers.cpp:6:
In file included from ./praat_xptr_utils.h:10:
praat.github.io/sys/Thing.h:82:1: warning: 'structThing' defined as a struct here but previously declared as a class; this is valid, but may result in linker errors under the Microsoft C++ ABI [-Wmismatched-tags]
   82 | struct structThing {
      | ^
praat.github.io/melder/MelderArg.h:21:9: note: did you mean struct here?
   21 | typedef class structThing *Thing;   // forward declaration
      |         ^~~~~
      |         struct
In file included from spectrogram_wrappers.cpp:10:
In file included from praat.github.io/fon/Spectrogram.h:21:
In file included from praat.github.io/fon/Matrix.h:21:
In file included from praat.github.io/fon/SampledXY.h:21:
In file included from praat.github.io/fon/Sampled.h:23:
praat.github.io/sys/Graphics.h:42:1: warning: struct 'structGraphics' was previously declared as a class; this is valid, but may result in linker errors under the Microsoft C++ ABI [-Wmismatched-tags]
   42 | Thing_define (Graphics, Thing) {
      | ^
praat.github.io/sys/Thing.h:60:2: note: expanded from macro 'Thing_define'
   60 |         Thing_declare (klas); \
      |         ^
praat.github.io/sys/Thing.h:52:10: note: expanded from macro 'Thing_declare'
   52 |         typedef struct struct##klas *klas; \
      |                 ^
praat.github.io/melder/melder_progress.h:143:15: note: previous use is here
  143 | typedef class structGraphics *Graphics;
      |               ^
In file included from spectrogram_wrappers.cpp:10:
In file included from praat.github.io/fon/Spectrogram.h:21:
In file included from praat.github.io/fon/Matrix.h:21:
In file included from praat.github.io/fon/SampledXY.h:21:
In file included from praat.github.io/fon/Sampled.h:23:
praat.github.io/sys/Graphics.h:42:1: warning: struct 'structGraphics' was previously declared as a class; this is valid, but may result in linker errors under the Microsoft C++ ABI [-Wmismatched-tags]
   42 | Thing_define (Graphics, Thing) {
      | ^
praat.github.io/sys/Thing.h:60:2: note: expanded from macro 'Thing_define'
   60 |         Thing_declare (klas); \
      |         ^
praat.github.io/sys/Thing.h:53:10: note: expanded from macro 'Thing_declare'
   53 |         typedef struct struct##klas *mutable##klas; \
      |                 ^
praat.github.io/melder/melder_progress.h:143:15: note: previous use is here
  143 | typedef class structGraphics *Graphics;
      |               ^
In file included from spectrogram_wrappers.cpp:10:
In file included from praat.github.io/fon/Spectrogram.h:21:
In file included from praat.github.io/fon/Matrix.h:21:
In file included from praat.github.io/fon/SampledXY.h:21:
In file included from praat.github.io/fon/Sampled.h:23:
praat.github.io/sys/Graphics.h:42:1: warning: struct 'structGraphics' was previously declared as a class; this is valid, but may result in linker errors under the Microsoft C++ ABI [-Wmismatched-tags]
   42 | Thing_define (Graphics, Thing) {
      | ^
praat.github.io/sys/Thing.h:60:2: note: expanded from macro 'Thing_define'
   60 |         Thing_declare (klas); \
      |         ^
praat.github.io/sys/Thing.h:54:16: note: expanded from macro 'Thing_declare'
   54 |         typedef const struct struct##klas *const##klas; \
      |                       ^
praat.github.io/melder/melder_progress.h:143:15: note: previous use is here
  143 | typedef class structGraphics *Graphics;
      |               ^
In file included from spectrogram_wrappers.cpp:10:
In file included from praat.github.io/fon/Spectrogram.h:21:
In file included from praat.github.io/fon/Matrix.h:21:
In file included from praat.github.io/fon/SampledXY.h:21:
In file included from praat.github.io/fon/Sampled.h:23:
praat.github.io/sys/Graphics.h:42:1: warning: 'structGraphics' defined as a struct here but previously declared as a class; this is valid, but may result in linker errors under the Microsoft C++ ABI [-Wmismatched-tags]
   42 | Thing_define (Graphics, Thing) {
      | ^
praat.github.io/sys/Thing.h:62:2: note: expanded from macro 'Thing_define'
   62 |         struct struct##klas : public struct##syntacticParentKlas
      |         ^
praat.github.io/melder/melder_progress.h:143:9: note: did you mean struct here?
  143 | typedef class structGraphics *Graphics;
      |         ^~~~~
      |         struct
19 warnings generated.
clang++ -arch arm64 -std=gnu++17 -I"/Library/Frameworks/R.framework/Resources/include" -DNDEBUG -DHAVE_XSIMD -I. -Igsl-2.8 -Igsl-2.8/gsl -Ipraat.github.io -Ipraat.github.io/kar -Ipraat.github.io/melder -Ipraat.github.io/sys -Ipraat.github.io/dwsys -Ipraat.github.io/dwtools -Ipraat.github.io/stat -Ipraat.github.io/fon -Ipraat.github.io/foned -Ipraat.github.io/LPC -Ipraat.github.io/sensors -Ipraat.github.io/external/portaudio -Ipraat.github.io/external/flac -Ipraat.github.io/external/mp3 -Ipraat.github.io/external/espeak -Ipraat.github.io/external/gsl -Ipraat/external/gsl -Ipraat.github.io/external/glpk -Ipraat/external/glpk -Ipraat.github.io/external/num -Ipraat/external/num -Iclapack/INCLUDE -I'/Library/Frameworks/R.framework/Versions/4.4-arm64/Resources/library/Rcpp/include' -I'/Library/Frameworks/R.framework/Versions/4.4-arm64/Resources/library/RcppXsimd/include' -I/opt/R/arm64/include -I/opt/homebrew/opt/libomp/include -Xclang -fopenmp   -DPRAAT_LIB -DNO_GUI -DNO_AUDIO -DNO_GRAPHICS -DNO_NETWORK -DUNIX -pthread -ffp-contract=off -Wno-unused-parameter -Wno-sign-compare -Wno-unused-variable -Wno-deprecated-declarations -Wno-trigraphs -Wno-logical-op-parentheses -Wno-shift-op-parentheses -Wno-mismatched-tags -Wno-unused-const-variable -Wno-c++11-narrowing -march=armv8-a+simd -fPIC  -falign-functions=64 -Wall -g -O2   -c ltas_wrappers.cpp -o ltas_wrappers.o
In file included from ltas_wrappers.cpp:5:
In file included from ./praat_xptr_utils.h:10:
In file included from praat.github.io/sys/Thing.h:24:
In file included from praat.github.io/melder/melder.h:76:
praat.github.io/melder/melder_tensor.h:64:1: warning: 'vector' defined as a struct template here but previously declared as a class template; this is valid, but may result in linker errors under the Microsoft C++ ABI [-Wmismatched-tags]
   64 | struct vector {
      | ^
praat.github.io/melder/melder_tensor.h:52:23: note: did you mean struct here?
   52 | template <typename T> class vector;
      |                       ^~~~~
      |                       struct
praat.github.io/melder/melder_tensor.h:104:1: warning: 'constvector' defined as a struct template here but previously declared as a class template; this is valid, but may result in linker errors under the Microsoft C++ ABI [-Wmismatched-tags]
  104 | struct constvector {
      | ^
praat.github.io/melder/melder_tensor.h:53:23: note: did you mean struct here?
   53 | template <typename T> class constvector;
      |                       ^~~~~
      |                       struct
praat.github.io/melder/melder_tensor.h:137:1: warning: 'vectorview' defined as a struct template here but previously declared as a class template; this is valid, but may result in linker errors under the Microsoft C++ ABI [-Wmismatched-tags]
  137 | struct vectorview {
      | ^
praat.github.io/melder/melder_tensor.h:54:23: note: did you mean struct here?
   54 | template <typename T> class vectorview;
      |                       ^~~~~
      |                       struct
praat.github.io/melder/melder_tensor.h:167:1: warning: 'constvectorview' defined as a struct template here but previously declared as a class template; this is valid, but may result in linker errors under the Microsoft C++ ABI [-Wmismatched-tags]
  167 | struct constvectorview {
      | ^
praat.github.io/melder/melder_tensor.h:55:23: note: did you mean struct here?
   55 | template <typename T> class constvectorview;
      |                       ^~~~~
      |                       struct
praat.github.io/melder/melder_tensor.h:207:1: warning: 'autovector' defined as a struct template here but previously declared as a class template; this is valid, but may result in linker errors under the Microsoft C++ ABI [-Wmismatched-tags]
  207 | struct autovector {
      | ^
praat.github.io/melder/melder_tensor.h:56:23: note: did you mean struct here?
   56 | template <typename T> class autovector;
      |                       ^~~~~
      |                       struct
praat.github.io/melder/melder_tensor.h:388:1: warning: 'matrix' defined as a struct template here but previously declared as a class template; this is valid, but may result in linker errors under the Microsoft C++ ABI [-Wmismatched-tags]
  388 | struct matrix {
      | ^
praat.github.io/melder/melder_tensor.h:57:23: note: did you mean struct here?
   57 | template <typename T> class matrix;
      |                       ^~~~~
      |                       struct
praat.github.io/melder/melder_tensor.h:461:1: warning: 'constmatrix' defined as a struct template here but previously declared as a class template; this is valid, but may result in linker errors under the Microsoft C++ ABI [-Wmismatched-tags]
  461 | struct constmatrix {
      | ^
praat.github.io/melder/melder_tensor.h:58:23: note: did you mean struct here?
   58 | template <typename T> class constmatrix;
      |                       ^~~~~
      |                       struct
praat.github.io/melder/melder_tensor.h:532:1: warning: 'matrixview' defined as a struct template here but previously declared as a class template; this is valid, but may result in linker errors under the Microsoft C++ ABI [-Wmismatched-tags]
  532 | struct matrixview {
      | ^
praat.github.io/melder/melder_tensor.h:59:23: note: did you mean struct here?
   59 | template <typename T> class matrixview;
      |                       ^~~~~
      |                       struct
praat.github.io/melder/melder_tensor.h:612:1: warning: 'constmatrixview' defined as a struct template here but previously declared as a class template; this is valid, but may result in linker errors under the Microsoft C++ ABI [-Wmismatched-tags]
  612 | struct constmatrixview {
      | ^
praat.github.io/melder/melder_tensor.h:60:23: note: did you mean struct here?
   60 | template <typename T> class constmatrixview;
      |                       ^~~~~
      |                       struct
praat.github.io/melder/melder_tensor.h:683:1: warning: 'automatrix' defined as a struct template here but previously declared as a class template; this is valid, but may result in linker errors under the Microsoft C++ ABI [-Wmismatched-tags]
  683 | struct automatrix {
      | ^
praat.github.io/melder/melder_tensor.h:61:23: note: did you mean struct here?
   61 | template <typename T> class automatrix;
      |                       ^~~~~
      |                       struct
praat.github.io/melder/melder_tensor.h:703:18: warning: unused variable 'numberOfColumnsInThisRow' [-Wunused-variable]
  703 |                         const integer numberOfColumnsInThisRow = uinteger_to_integer_a (row.size());
      |                                       ^~~~~~~~~~~~~~~~~~~~~~~~
In file included from ltas_wrappers.cpp:5:
In file included from ./praat_xptr_utils.h:10:
praat.github.io/sys/Thing.h:77:9: warning: struct 'structThing' was previously declared as a class; this is valid, but may result in linker errors under the Microsoft C++ ABI [-Wmismatched-tags]
   77 | typedef struct structThing *Thing;   // we need an explicit "struct" here, because this is a forward declaration
      |         ^
praat.github.io/melder/MelderArg.h:21:15: note: previous use is here
   21 | typedef class structThing *Thing;   // forward declaration
      |               ^
In file included from ltas_wrappers.cpp:5:
In file included from ./praat_xptr_utils.h:10:
praat.github.io/sys/Thing.h:78:9: warning: struct 'structThing' was previously declared as a class; this is valid, but may result in linker errors under the Microsoft C++ ABI [-Wmismatched-tags]
   78 | typedef struct structThing *mutableThing;
      |         ^
praat.github.io/melder/MelderArg.h:21:15: note: previous use is here
   21 | typedef class structThing *Thing;   // forward declaration
      |               ^
In file included from ltas_wrappers.cpp:5:
In file included from ./praat_xptr_utils.h:10:
praat.github.io/sys/Thing.h:79:15: warning: struct 'structThing' was previously declared as a class; this is valid, but may result in linker errors under the Microsoft C++ ABI [-Wmismatched-tags]
   79 | typedef const struct structThing *constThing;
      |               ^
praat.github.io/melder/MelderArg.h:21:15: note: previous use is here
   21 | typedef class structThing *Thing;   // forward declaration
      |               ^
In file included from ltas_wrappers.cpp:5:
In file included from ./praat_xptr_utils.h:10:
praat.github.io/sys/Thing.h:82:1: warning: 'structThing' defined as a struct here but previously declared as a class; this is valid, but may result in linker errors under the Microsoft C++ ABI [-Wmismatched-tags]
   82 | struct structThing {
      | ^
praat.github.io/melder/MelderArg.h:21:9: note: did you mean struct here?
   21 | typedef class structThing *Thing;   // forward declaration
      |         ^~~~~
      |         struct
In file included from ltas_wrappers.cpp:6:
In file included from ./praat.github.io/fon/Ltas.h:21:
In file included from ./praat.github.io/fon/Spectrum.h:24:
In file included from ./praat.github.io/fon/Matrix.h:21:
In file included from ./praat.github.io/fon/SampledXY.h:21:
In file included from ./praat.github.io/fon/Sampled.h:23:
praat.github.io/sys/Graphics.h:42:1: warning: struct 'structGraphics' was previously declared as a class; this is valid, but may result in linker errors under the Microsoft C++ ABI [-Wmismatched-tags]
   42 | Thing_define (Graphics, Thing) {
      | ^
praat.github.io/sys/Thing.h:60:2: note: expanded from macro 'Thing_define'
   60 |         Thing_declare (klas); \
      |         ^
praat.github.io/sys/Thing.h:52:10: note: expanded from macro 'Thing_declare'
   52 |         typedef struct struct##klas *klas; \
      |                 ^
praat.github.io/melder/melder_progress.h:143:15: note: previous use is here
  143 | typedef class structGraphics *Graphics;
      |               ^
In file included from ltas_wrappers.cpp:6:
In file included from ./praat.github.io/fon/Ltas.h:21:
In file included from ./praat.github.io/fon/Spectrum.h:24:
In file included from ./praat.github.io/fon/Matrix.h:21:
In file included from ./praat.github.io/fon/SampledXY.h:21:
In file included from ./praat.github.io/fon/Sampled.h:23:
praat.github.io/sys/Graphics.h:42:1: warning: struct 'structGraphics' was previously declared as a class; this is valid, but may result in linker errors under the Microsoft C++ ABI [-Wmismatched-tags]
   42 | Thing_define (Graphics, Thing) {
      | ^
praat.github.io/sys/Thing.h:60:2: note: expanded from macro 'Thing_define'
   60 |         Thing_declare (klas); \
      |         ^
praat.github.io/sys/Thing.h:53:10: note: expanded from macro 'Thing_declare'
   53 |         typedef struct struct##klas *mutable##klas; \
      |                 ^
praat.github.io/melder/melder_progress.h:143:15: note: previous use is here
  143 | typedef class structGraphics *Graphics;
      |               ^
In file included from ltas_wrappers.cpp:6:
In file included from ./praat.github.io/fon/Ltas.h:21:
In file included from ./praat.github.io/fon/Spectrum.h:24:
In file included from ./praat.github.io/fon/Matrix.h:21:
In file included from ./praat.github.io/fon/SampledXY.h:21:
In file included from ./praat.github.io/fon/Sampled.h:23:
praat.github.io/sys/Graphics.h:42:1: warning: struct 'structGraphics' was previously declared as a class; this is valid, but may result in linker errors under the Microsoft C++ ABI [-Wmismatched-tags]
   42 | Thing_define (Graphics, Thing) {
      | ^
praat.github.io/sys/Thing.h:60:2: note: expanded from macro 'Thing_define'
   60 |         Thing_declare (klas); \
      |         ^
praat.github.io/sys/Thing.h:54:16: note: expanded from macro 'Thing_declare'
   54 |         typedef const struct struct##klas *const##klas; \
      |                       ^
praat.github.io/melder/melder_progress.h:143:15: note: previous use is here
  143 | typedef class structGraphics *Graphics;
      |               ^
In file included from ltas_wrappers.cpp:6:
In file included from ./praat.github.io/fon/Ltas.h:21:
In file included from ./praat.github.io/fon/Spectrum.h:24:
In file included from ./praat.github.io/fon/Matrix.h:21:
In file included from ./praat.github.io/fon/SampledXY.h:21:
In file included from ./praat.github.io/fon/Sampled.h:23:
praat.github.io/sys/Graphics.h:42:1: warning: 'structGraphics' defined as a struct here but previously declared as a class; this is valid, but may result in linker errors under the Microsoft C++ ABI [-Wmismatched-tags]
   42 | Thing_define (Graphics, Thing) {
      | ^
praat.github.io/sys/Thing.h:62:2: note: expanded from macro 'Thing_define'
   62 |         struct struct##klas : public struct##syntacticParentKlas
      |         ^
praat.github.io/melder/melder_progress.h:143:9: note: did you mean struct here?
  143 | typedef class structGraphics *Graphics;
      |         ^~~~~
      |         struct
19 warnings generated.
clang++ -arch arm64 -std=gnu++17 -I"/Library/Frameworks/R.framework/Resources/include" -DNDEBUG -DHAVE_XSIMD -I. -Igsl-2.8 -Igsl-2.8/gsl -Ipraat.github.io -Ipraat.github.io/kar -Ipraat.github.io/melder -Ipraat.github.io/sys -Ipraat.github.io/dwsys -Ipraat.github.io/dwtools -Ipraat.github.io/stat -Ipraat.github.io/fon -Ipraat.github.io/foned -Ipraat.github.io/LPC -Ipraat.github.io/sensors -Ipraat.github.io/external/portaudio -Ipraat.github.io/external/flac -Ipraat.github.io/external/mp3 -Ipraat.github.io/external/espeak -Ipraat.github.io/external/gsl -Ipraat/external/gsl -Ipraat.github.io/external/glpk -Ipraat/external/glpk -Ipraat.github.io/external/num -Ipraat/external/num -Iclapack/INCLUDE -I'/Library/Frameworks/R.framework/Versions/4.4-arm64/Resources/library/Rcpp/include' -I'/Library/Frameworks/R.framework/Versions/4.4-arm64/Resources/library/RcppXsimd/include' -I/opt/R/arm64/include -I/opt/homebrew/opt/libomp/include -Xclang -fopenmp   -DPRAAT_LIB -DNO_GUI -DNO_AUDIO -DNO_GRAPHICS -DNO_NETWORK -DUNIX -pthread -ffp-contract=off -Wno-unused-parameter -Wno-sign-compare -Wno-unused-variable -Wno-deprecated-declarations -Wno-trigraphs -Wno-logical-op-parentheses -Wno-shift-op-parentheses -Wno-mismatched-tags -Wno-unused-const-variable -Wno-c++11-narrowing -march=armv8-a+simd -fPIC  -falign-functions=64 -Wall -g -O2   -c lpc_wrappers.cpp -o lpc_wrappers.o
In file included from lpc_wrappers.cpp:6:
In file included from ./praat_xptr_utils.h:10:
In file included from praat.github.io/sys/Thing.h:24:
In file included from praat.github.io/melder/melder.h:76:
praat.github.io/melder/melder_tensor.h:64:1: warning: 'vector' defined as a struct template here but previously declared as a class template; this is valid, but may result in linker errors under the Microsoft C++ ABI [-Wmismatched-tags]
   64 | struct vector {
      | ^
praat.github.io/melder/melder_tensor.h:52:23: note: did you mean struct here?
   52 | template <typename T> class vector;
      |                       ^~~~~
      |                       struct
praat.github.io/melder/melder_tensor.h:104:1: warning: 'constvector' defined as a struct template here but previously declared as a class template; this is valid, but may result in linker errors under the Microsoft C++ ABI [-Wmismatched-tags]
  104 | struct constvector {
      | ^
praat.github.io/melder/melder_tensor.h:53:23: note: did you mean struct here?
   53 | template <typename T> class constvector;
      |                       ^~~~~
      |                       struct
praat.github.io/melder/melder_tensor.h:137:1: warning: 'vectorview' defined as a struct template here but previously declared as a class template; this is valid, but may result in linker errors under the Microsoft C++ ABI [-Wmismatched-tags]
  137 | struct vectorview {
      | ^
praat.github.io/melder/melder_tensor.h:54:23: note: did you mean struct here?
   54 | template <typename T> class vectorview;
      |                       ^~~~~
      |                       struct
praat.github.io/melder/melder_tensor.h:167:1: warning: 'constvectorview' defined as a struct template here but previously declared as a class template; this is valid, but may result in linker errors under the Microsoft C++ ABI [-Wmismatched-tags]
  167 | struct constvectorview {
      | ^
praat.github.io/melder/melder_tensor.h:55:23: note: did you mean struct here?
   55 | template <typename T> class constvectorview;
      |                       ^~~~~
      |                       struct
praat.github.io/melder/melder_tensor.h:207:1: warning: 'autovector' defined as a struct template here but previously declared as a class template; this is valid, but may result in linker errors under the Microsoft C++ ABI [-Wmismatched-tags]
  207 | struct autovector {
      | ^
praat.github.io/melder/melder_tensor.h:56:23: note: did you mean struct here?
   56 | template <typename T> class autovector;
      |                       ^~~~~
      |                       struct
praat.github.io/melder/melder_tensor.h:388:1: warning: 'matrix' defined as a struct template here but previously declared as a class template; this is valid, but may result in linker errors under the Microsoft C++ ABI [-Wmismatched-tags]
  388 | struct matrix {
      | ^
praat.github.io/melder/melder_tensor.h:57:23: note: did you mean struct here?
   57 | template <typename T> class matrix;
      |                       ^~~~~
      |                       struct
praat.github.io/melder/melder_tensor.h:461:1: warning: 'constmatrix' defined as a struct template here but previously declared as a class template; this is valid, but may result in linker errors under the Microsoft C++ ABI [-Wmismatched-tags]
  461 | struct constmatrix {
      | ^
praat.github.io/melder/melder_tensor.h:58:23: note: did you mean struct here?
   58 | template <typename T> class constmatrix;
      |                       ^~~~~
      |                       struct
praat.github.io/melder/melder_tensor.h:532:1: warning: 'matrixview' defined as a struct template here but previously declared as a class template; this is valid, but may result in linker errors under the Microsoft C++ ABI [-Wmismatched-tags]
  532 | struct matrixview {
      | ^
praat.github.io/melder/melder_tensor.h:59:23: note: did you mean struct here?
   59 | template <typename T> class matrixview;
      |                       ^~~~~
      |                       struct
praat.github.io/melder/melder_tensor.h:612:1: warning: 'constmatrixview' defined as a struct template here but previously declared as a class template; this is valid, but may result in linker errors under the Microsoft C++ ABI [-Wmismatched-tags]
  612 | struct constmatrixview {
      | ^
praat.github.io/melder/melder_tensor.h:60:23: note: did you mean struct here?
   60 | template <typename T> class constmatrixview;
      |                       ^~~~~
      |                       struct
praat.github.io/melder/melder_tensor.h:683:1: warning: 'automatrix' defined as a struct template here but previously declared as a class template; this is valid, but may result in linker errors under the Microsoft C++ ABI [-Wmismatched-tags]
  683 | struct automatrix {
      | ^
praat.github.io/melder/melder_tensor.h:61:23: note: did you mean struct here?
   61 | template <typename T> class automatrix;
      |                       ^~~~~
      |                       struct
praat.github.io/melder/melder_tensor.h:703:18: warning: unused variable 'numberOfColumnsInThisRow' [-Wunused-variable]
  703 |                         const integer numberOfColumnsInThisRow = uinteger_to_integer_a (row.size());
      |                                       ^~~~~~~~~~~~~~~~~~~~~~~~
In file included from lpc_wrappers.cpp:6:
In file included from ./praat_xptr_utils.h:10:
praat.github.io/sys/Thing.h:77:9: warning: struct 'structThing' was previously declared as a class; this is valid, but may result in linker errors under the Microsoft C++ ABI [-Wmismatched-tags]
   77 | typedef struct structThing *Thing;   // we need an explicit "struct" here, because this is a forward declaration
      |         ^
praat.github.io/melder/MelderArg.h:21:15: note: previous use is here
   21 | typedef class structThing *Thing;   // forward declaration
      |               ^
In file included from lpc_wrappers.cpp:6:
In file included from ./praat_xptr_utils.h:10:
praat.github.io/sys/Thing.h:78:9: warning: struct 'structThing' was previously declared as a class; this is valid, but may result in linker errors under the Microsoft C++ ABI [-Wmismatched-tags]
   78 | typedef struct structThing *mutableThing;
      |         ^
praat.github.io/melder/MelderArg.h:21:15: note: previous use is here
   21 | typedef class structThing *Thing;   // forward declaration
      |               ^
In file included from lpc_wrappers.cpp:6:
In file included from ./praat_xptr_utils.h:10:
praat.github.io/sys/Thing.h:79:15: warning: struct 'structThing' was previously declared as a class; this is valid, but may result in linker errors under the Microsoft C++ ABI [-Wmismatched-tags]
   79 | typedef const struct structThing *constThing;
      |               ^
praat.github.io/melder/MelderArg.h:21:15: note: previous use is here
   21 | typedef class structThing *Thing;   // forward declaration
      |               ^
In file included from lpc_wrappers.cpp:6:
In file included from ./praat_xptr_utils.h:10:
praat.github.io/sys/Thing.h:82:1: warning: 'structThing' defined as a struct here but previously declared as a class; this is valid, but may result in linker errors under the Microsoft C++ ABI [-Wmismatched-tags]
   82 | struct structThing {
      | ^
praat.github.io/melder/MelderArg.h:21:9: note: did you mean struct here?
   21 | typedef class structThing *Thing;   // forward declaration
      |         ^~~~~
      |         struct
In file included from lpc_wrappers.cpp:10:
In file included from ./praat.github.io/LPC/LPC.h:21:
In file included from praat.github.io/fon/Matrix.h:21:
In file included from praat.github.io/fon/SampledXY.h:21:
In file included from praat.github.io/fon/Sampled.h:23:
praat.github.io/sys/Graphics.h:42:1: warning: struct 'structGraphics' was previously declared as a class; this is valid, but may result in linker errors under the Microsoft C++ ABI [-Wmismatched-tags]
   42 | Thing_define (Graphics, Thing) {
      | ^
praat.github.io/sys/Thing.h:60:2: note: expanded from macro 'Thing_define'
   60 |         Thing_declare (klas); \
      |         ^
praat.github.io/sys/Thing.h:52:10: note: expanded from macro 'Thing_declare'
   52 |         typedef struct struct##klas *klas; \
      |                 ^
praat.github.io/melder/melder_progress.h:143:15: note: previous use is here
  143 | typedef class structGraphics *Graphics;
      |               ^
In file included from lpc_wrappers.cpp:10:
In file included from ./praat.github.io/LPC/LPC.h:21:
In file included from praat.github.io/fon/Matrix.h:21:
In file included from praat.github.io/fon/SampledXY.h:21:
In file included from praat.github.io/fon/Sampled.h:23:
praat.github.io/sys/Graphics.h:42:1: warning: struct 'structGraphics' was previously declared as a class; this is valid, but may result in linker errors under the Microsoft C++ ABI [-Wmismatched-tags]
   42 | Thing_define (Graphics, Thing) {
      | ^
praat.github.io/sys/Thing.h:60:2: note: expanded from macro 'Thing_define'
   60 |         Thing_declare (klas); \
      |         ^
praat.github.io/sys/Thing.h:53:10: note: expanded from macro 'Thing_declare'
   53 |         typedef struct struct##klas *mutable##klas; \
      |                 ^
praat.github.io/melder/melder_progress.h:143:15: note: previous use is here
  143 | typedef class structGraphics *Graphics;
      |               ^
In file included from lpc_wrappers.cpp:10:
In file included from ./praat.github.io/LPC/LPC.h:21:
In file included from praat.github.io/fon/Matrix.h:21:
In file included from praat.github.io/fon/SampledXY.h:21:
In file included from praat.github.io/fon/Sampled.h:23:
praat.github.io/sys/Graphics.h:42:1: warning: struct 'structGraphics' was previously declared as a class; this is valid, but may result in linker errors under the Microsoft C++ ABI [-Wmismatched-tags]
   42 | Thing_define (Graphics, Thing) {
      | ^
praat.github.io/sys/Thing.h:60:2: note: expanded from macro 'Thing_define'
   60 |         Thing_declare (klas); \
      |         ^
praat.github.io/sys/Thing.h:54:16: note: expanded from macro 'Thing_declare'
   54 |         typedef const struct struct##klas *const##klas; \
      |                       ^
praat.github.io/melder/melder_progress.h:143:15: note: previous use is here
  143 | typedef class structGraphics *Graphics;
      |               ^
In file included from lpc_wrappers.cpp:10:
In file included from ./praat.github.io/LPC/LPC.h:21:
In file included from praat.github.io/fon/Matrix.h:21:
In file included from praat.github.io/fon/SampledXY.h:21:
In file included from praat.github.io/fon/Sampled.h:23:
praat.github.io/sys/Graphics.h:42:1: warning: 'structGraphics' defined as a struct here but previously declared as a class; this is valid, but may result in linker errors under the Microsoft C++ ABI [-Wmismatched-tags]
   42 | Thing_define (Graphics, Thing) {
      | ^
praat.github.io/sys/Thing.h:62:2: note: expanded from macro 'Thing_define'
   62 |         struct struct##klas : public struct##syntacticParentKlas
      |         ^
praat.github.io/melder/melder_progress.h:143:9: note: did you mean struct here?
  143 | typedef class structGraphics *Graphics;
      |         ^~~~~
      |         struct
19 warnings generated.
clang++ -arch arm64 -std=gnu++17 -I"/Library/Frameworks/R.framework/Resources/include" -DNDEBUG -DHAVE_XSIMD -I. -Igsl-2.8 -Igsl-2.8/gsl -Ipraat.github.io -Ipraat.github.io/kar -Ipraat.github.io/melder -Ipraat.github.io/sys -Ipraat.github.io/dwsys -Ipraat.github.io/dwtools -Ipraat.github.io/stat -Ipraat.github.io/fon -Ipraat.github.io/foned -Ipraat.github.io/LPC -Ipraat.github.io/sensors -Ipraat.github.io/external/portaudio -Ipraat.github.io/external/flac -Ipraat.github.io/external/mp3 -Ipraat.github.io/external/espeak -Ipraat.github.io/external/gsl -Ipraat/external/gsl -Ipraat.github.io/external/glpk -Ipraat/external/glpk -Ipraat.github.io/external/num -Ipraat/external/num -Iclapack/INCLUDE -I'/Library/Frameworks/R.framework/Versions/4.4-arm64/Resources/library/Rcpp/include' -I'/Library/Frameworks/R.framework/Versions/4.4-arm64/Resources/library/RcppXsimd/include' -I/opt/R/arm64/include -I/opt/homebrew/opt/libomp/include -Xclang -fopenmp   -DPRAAT_LIB -DNO_GUI -DNO_AUDIO -DNO_GRAPHICS -DNO_NETWORK -DUNIX -pthread -ffp-contract=off -Wno-unused-parameter -Wno-sign-compare -Wno-unused-variable -Wno-deprecated-declarations -Wno-trigraphs -Wno-logical-op-parentheses -Wno-shift-op-parentheses -Wno-mismatched-tags -Wno-unused-const-variable -Wno-c++11-narrowing -march=armv8-a+simd -fPIC  -falign-functions=64 -Wall -g -O2   -c textgrid_wrappers.cpp -o textgrid_wrappers.o
In file included from textgrid_wrappers.cpp:6:
In file included from ./praat_xptr_utils.h:10:
In file included from praat.github.io/sys/Thing.h:24:
In file included from praat.github.io/melder/melder.h:76:
praat.github.io/melder/melder_tensor.h:64:1: warning: 'vector' defined as a struct template here but previously declared as a class template; this is valid, but may result in linker errors under the Microsoft C++ ABI [-Wmismatched-tags]
   64 | struct vector {
      | ^
praat.github.io/melder/melder_tensor.h:52:23: note: did you mean struct here?
   52 | template <typename T> class vector;
      |                       ^~~~~
      |                       struct
praat.github.io/melder/melder_tensor.h:104:1: warning: 'constvector' defined as a struct template here but previously declared as a class template; this is valid, but may result in linker errors under the Microsoft C++ ABI [-Wmismatched-tags]
  104 | struct constvector {
      | ^
praat.github.io/melder/melder_tensor.h:53:23: note: did you mean struct here?
   53 | template <typename T> class constvector;
      |                       ^~~~~
      |                       struct
praat.github.io/melder/melder_tensor.h:137:1: warning: 'vectorview' defined as a struct template here but previously declared as a class template; this is valid, but may result in linker errors under the Microsoft C++ ABI [-Wmismatched-tags]
  137 | struct vectorview {
      | ^
praat.github.io/melder/melder_tensor.h:54:23: note: did you mean struct here?
   54 | template <typename T> class vectorview;
      |                       ^~~~~
      |                       struct
praat.github.io/melder/melder_tensor.h:167:1: warning: 'constvectorview' defined as a struct template here but previously declared as a class template; this is valid, but may result in linker errors under the Microsoft C++ ABI [-Wmismatched-tags]
  167 | struct constvectorview {
      | ^
praat.github.io/melder/melder_tensor.h:55:23: note: did you mean struct here?
   55 | template <typename T> class constvectorview;
      |                       ^~~~~
      |                       struct
praat.github.io/melder/melder_tensor.h:207:1: warning: 'autovector' defined as a struct template here but previously declared as a class template; this is valid, but may result in linker errors under the Microsoft C++ ABI [-Wmismatched-tags]
  207 | struct autovector {
      | ^
praat.github.io/melder/melder_tensor.h:56:23: note: did you mean struct here?
   56 | template <typename T> class autovector;
      |                       ^~~~~
      |                       struct
praat.github.io/melder/melder_tensor.h:388:1: warning: 'matrix' defined as a struct template here but previously declared as a class template; this is valid, but may result in linker errors under the Microsoft C++ ABI [-Wmismatched-tags]
  388 | struct matrix {
      | ^
praat.github.io/melder/melder_tensor.h:57:23: note: did you mean struct here?
   57 | template <typename T> class matrix;
      |                       ^~~~~
      |                       struct
praat.github.io/melder/melder_tensor.h:461:1: warning: 'constmatrix' defined as a struct template here but previously declared as a class template; this is valid, but may result in linker errors under the Microsoft C++ ABI [-Wmismatched-tags]
  461 | struct constmatrix {
      | ^
praat.github.io/melder/melder_tensor.h:58:23: note: did you mean struct here?
   58 | template <typename T> class constmatrix;
      |                       ^~~~~
      |                       struct
praat.github.io/melder/melder_tensor.h:532:1: warning: 'matrixview' defined as a struct template here but previously declared as a class template; this is valid, but may result in linker errors under the Microsoft C++ ABI [-Wmismatched-tags]
  532 | struct matrixview {
      | ^
praat.github.io/melder/melder_tensor.h:59:23: note: did you mean struct here?
   59 | template <typename T> class matrixview;
      |                       ^~~~~
      |                       struct
praat.github.io/melder/melder_tensor.h:612:1: warning: 'constmatrixview' defined as a struct template here but previously declared as a class template; this is valid, but may result in linker errors under the Microsoft C++ ABI [-Wmismatched-tags]
  612 | struct constmatrixview {
      | ^
praat.github.io/melder/melder_tensor.h:60:23: note: did you mean struct here?
   60 | template <typename T> class constmatrixview;
      |                       ^~~~~
      |                       struct
praat.github.io/melder/melder_tensor.h:683:1: warning: 'automatrix' defined as a struct template here but previously declared as a class template; this is valid, but may result in linker errors under the Microsoft C++ ABI [-Wmismatched-tags]
  683 | struct automatrix {
      | ^
praat.github.io/melder/melder_tensor.h:61:23: note: did you mean struct here?
   61 | template <typename T> class automatrix;
      |                       ^~~~~
      |                       struct
praat.github.io/melder/melder_tensor.h:703:18: warning: unused variable 'numberOfColumnsInThisRow' [-Wunused-variable]
  703 |                         const integer numberOfColumnsInThisRow = uinteger_to_integer_a (row.size());
      |                                       ^~~~~~~~~~~~~~~~~~~~~~~~
In file included from textgrid_wrappers.cpp:6:
In file included from ./praat_xptr_utils.h:10:
praat.github.io/sys/Thing.h:77:9: warning: struct 'structThing' was previously declared as a class; this is valid, but may result in linker errors under the Microsoft C++ ABI [-Wmismatched-tags]
   77 | typedef struct structThing *Thing;   // we need an explicit "struct" here, because this is a forward declaration
      |         ^
praat.github.io/melder/MelderArg.h:21:15: note: previous use is here
   21 | typedef class structThing *Thing;   // forward declaration
      |               ^
In file included from textgrid_wrappers.cpp:6:
In file included from ./praat_xptr_utils.h:10:
praat.github.io/sys/Thing.h:78:9: warning: struct 'structThing' was previously declared as a class; this is valid, but may result in linker errors under the Microsoft C++ ABI [-Wmismatched-tags]
   78 | typedef struct structThing *mutableThing;
      |         ^
praat.github.io/melder/MelderArg.h:21:15: note: previous use is here
   21 | typedef class structThing *Thing;   // forward declaration
      |               ^
In file included from textgrid_wrappers.cpp:6:
In file included from ./praat_xptr_utils.h:10:
praat.github.io/sys/Thing.h:79:15: warning: struct 'structThing' was previously declared as a class; this is valid, but may result in linker errors under the Microsoft C++ ABI [-Wmismatched-tags]
   79 | typedef const struct structThing *constThing;
      |               ^
praat.github.io/melder/MelderArg.h:21:15: note: previous use is here
   21 | typedef class structThing *Thing;   // forward declaration
      |               ^
In file included from textgrid_wrappers.cpp:6:
In file included from ./praat_xptr_utils.h:10:
praat.github.io/sys/Thing.h:82:1: warning: 'structThing' defined as a struct here but previously declared as a class; this is valid, but may result in linker errors under the Microsoft C++ ABI [-Wmismatched-tags]
   82 | struct structThing {
      | ^
praat.github.io/melder/MelderArg.h:21:9: note: did you mean struct here?
   21 | typedef class structThing *Thing;   // forward declaration
      |         ^~~~~
      |         struct
In file included from textgrid_wrappers.cpp:11:
In file included from ./praat.github.io/fon/TextGrid.h:21:
In file included from ./praat.github.io/fon/AnyTier.h:22:
In file included from ./praat.github.io/fon/PointProcess.h:22:
praat.github.io/sys/Graphics.h:42:1: warning: struct 'structGraphics' was previously declared as a class; this is valid, but may result in linker errors under the Microsoft C++ ABI [-Wmismatched-tags]
   42 | Thing_define (Graphics, Thing) {
      | ^
praat.github.io/sys/Thing.h:60:2: note: expanded from macro 'Thing_define'
   60 |         Thing_declare (klas); \
      |         ^
praat.github.io/sys/Thing.h:52:10: note: expanded from macro 'Thing_declare'
   52 |         typedef struct struct##klas *klas; \
      |                 ^
praat.github.io/melder/melder_progress.h:143:15: note: previous use is here
  143 | typedef class structGraphics *Graphics;
      |               ^
In file included from textgrid_wrappers.cpp:11:
In file included from ./praat.github.io/fon/TextGrid.h:21:
In file included from ./praat.github.io/fon/AnyTier.h:22:
In file included from ./praat.github.io/fon/PointProcess.h:22:
praat.github.io/sys/Graphics.h:42:1: warning: struct 'structGraphics' was previously declared as a class; this is valid, but may result in linker errors under the Microsoft C++ ABI [-Wmismatched-tags]
   42 | Thing_define (Graphics, Thing) {
      | ^
praat.github.io/sys/Thing.h:60:2: note: expanded from macro 'Thing_define'
   60 |         Thing_declare (klas); \
      |         ^
praat.github.io/sys/Thing.h:53:10: note: expanded from macro 'Thing_declare'
   53 |         typedef struct struct##klas *mutable##klas; \
      |                 ^
praat.github.io/melder/melder_progress.h:143:15: note: previous use is here
  143 | typedef class structGraphics *Graphics;
      |               ^
In file included from textgrid_wrappers.cpp:11:
In file included from ./praat.github.io/fon/TextGrid.h:21:
In file included from ./praat.github.io/fon/AnyTier.h:22:
In file included from ./praat.github.io/fon/PointProcess.h:22:
praat.github.io/sys/Graphics.h:42:1: warning: struct 'structGraphics' was previously declared as a class; this is valid, but may result in linker errors under the Microsoft C++ ABI [-Wmismatched-tags]
   42 | Thing_define (Graphics, Thing) {
      | ^
praat.github.io/sys/Thing.h:60:2: note: expanded from macro 'Thing_define'
   60 |         Thing_declare (klas); \
      |         ^
praat.github.io/sys/Thing.h:54:16: note: expanded from macro 'Thing_declare'
   54 |         typedef const struct struct##klas *const##klas; \
      |                       ^
praat.github.io/melder/melder_progress.h:143:15: note: previous use is here
  143 | typedef class structGraphics *Graphics;
      |               ^
In file included from textgrid_wrappers.cpp:11:
In file included from ./praat.github.io/fon/TextGrid.h:21:
In file included from ./praat.github.io/fon/AnyTier.h:22:
In file included from ./praat.github.io/fon/PointProcess.h:22:
praat.github.io/sys/Graphics.h:42:1: warning: 'structGraphics' defined as a struct here but previously declared as a class; this is valid, but may result in linker errors under the Microsoft C++ ABI [-Wmismatched-tags]
   42 | Thing_define (Graphics, Thing) {
      | ^
praat.github.io/sys/Thing.h:62:2: note: expanded from macro 'Thing_define'
   62 |         struct struct##klas : public struct##syntacticParentKlas
      |         ^
praat.github.io/melder/melder_progress.h:143:9: note: did you mean struct here?
  143 | typedef class structGraphics *Graphics;
      |         ^~~~~
      |         struct
19 warnings generated.
clang++ -arch arm64 -std=gnu++17 -I"/Library/Frameworks/R.framework/Resources/include" -DNDEBUG -DHAVE_XSIMD -I. -Igsl-2.8 -Igsl-2.8/gsl -Ipraat.github.io -Ipraat.github.io/kar -Ipraat.github.io/melder -Ipraat.github.io/sys -Ipraat.github.io/dwsys -Ipraat.github.io/dwtools -Ipraat.github.io/stat -Ipraat.github.io/fon -Ipraat.github.io/foned -Ipraat.github.io/LPC -Ipraat.github.io/sensors -Ipraat.github.io/external/portaudio -Ipraat.github.io/external/flac -Ipraat.github.io/external/mp3 -Ipraat.github.io/external/espeak -Ipraat.github.io/external/gsl -Ipraat/external/gsl -Ipraat.github.io/external/glpk -Ipraat/external/glpk -Ipraat.github.io/external/num -Ipraat/external/num -Iclapack/INCLUDE -I'/Library/Frameworks/R.framework/Versions/4.4-arm64/Resources/library/Rcpp/include' -I'/Library/Frameworks/R.framework/Versions/4.4-arm64/Resources/library/RcppXsimd/include' -I/opt/R/arm64/include -I/opt/homebrew/opt/libomp/include -Xclang -fopenmp   -DPRAAT_LIB -DNO_GUI -DNO_AUDIO -DNO_GRAPHICS -DNO_NETWORK -DUNIX -pthread -ffp-contract=off -Wno-unused-parameter -Wno-sign-compare -Wno-unused-variable -Wno-deprecated-declarations -Wno-trigraphs -Wno-logical-op-parentheses -Wno-shift-op-parentheses -Wno-mismatched-tags -Wno-unused-const-variable -Wno-c++11-narrowing -march=armv8-a+simd -fPIC  -falign-functions=64 -Wall -g -O2   -c pitchtier_wrappers.cpp -o pitchtier_wrappers.o
In file included from pitchtier_wrappers.cpp:6:
In file included from ./praat_xptr_utils.h:10:
In file included from praat.github.io/sys/Thing.h:24:
In file included from praat.github.io/melder/melder.h:76:
praat.github.io/melder/melder_tensor.h:64:1: warning: 'vector' defined as a struct template here but previously declared as a class template; this is valid, but may result in linker errors under the Microsoft C++ ABI [-Wmismatched-tags]
   64 | struct vector {
      | ^
praat.github.io/melder/melder_tensor.h:52:23: note: did you mean struct here?
   52 | template <typename T> class vector;
      |                       ^~~~~
      |                       struct
praat.github.io/melder/melder_tensor.h:104:1: warning: 'constvector' defined as a struct template here but previously declared as a class template; this is valid, but may result in linker errors under the Microsoft C++ ABI [-Wmismatched-tags]
  104 | struct constvector {
      | ^
praat.github.io/melder/melder_tensor.h:53:23: note: did you mean struct here?
   53 | template <typename T> class constvector;
      |                       ^~~~~
      |                       struct
praat.github.io/melder/melder_tensor.h:137:1: warning: 'vectorview' defined as a struct template here but previously declared as a class template; this is valid, but may result in linker errors under the Microsoft C++ ABI [-Wmismatched-tags]
  137 | struct vectorview {
      | ^
praat.github.io/melder/melder_tensor.h:54:23: note: did you mean struct here?
   54 | template <typename T> class vectorview;
      |                       ^~~~~
      |                       struct
praat.github.io/melder/melder_tensor.h:167:1: warning: 'constvectorview' defined as a struct template here but previously declared as a class template; this is valid, but may result in linker errors under the Microsoft C++ ABI [-Wmismatched-tags]
  167 | struct constvectorview {
      | ^
praat.github.io/melder/melder_tensor.h:55:23: note: did you mean struct here?
   55 | template <typename T> class constvectorview;
      |                       ^~~~~
      |                       struct
praat.github.io/melder/melder_tensor.h:207:1: warning: 'autovector' defined as a struct template here but previously declared as a class template; this is valid, but may result in linker errors under the Microsoft C++ ABI [-Wmismatched-tags]
  207 | struct autovector {
      | ^
praat.github.io/melder/melder_tensor.h:56:23: note: did you mean struct here?
   56 | template <typename T> class autovector;
      |                       ^~~~~
      |                       struct
praat.github.io/melder/melder_tensor.h:388:1: warning: 'matrix' defined as a struct template here but previously declared as a class template; this is valid, but may result in linker errors under the Microsoft C++ ABI [-Wmismatched-tags]
  388 | struct matrix {
      | ^
praat.github.io/melder/melder_tensor.h:57:23: note: did you mean struct here?
   57 | template <typename T> class matrix;
      |                       ^~~~~
      |                       struct
praat.github.io/melder/melder_tensor.h:461:1: warning: 'constmatrix' defined as a struct template here but previously declared as a class template; this is valid, but may result in linker errors under the Microsoft C++ ABI [-Wmismatched-tags]
  461 | struct constmatrix {
      | ^
praat.github.io/melder/melder_tensor.h:58:23: note: did you mean struct here?
   58 | template <typename T> class constmatrix;
      |                       ^~~~~
      |                       struct
praat.github.io/melder/melder_tensor.h:532:1: warning: 'matrixview' defined as a struct template here but previously declared as a class template; this is valid, but may result in linker errors under the Microsoft C++ ABI [-Wmismatched-tags]
  532 | struct matrixview {
      | ^
praat.github.io/melder/melder_tensor.h:59:23: note: did you mean struct here?
   59 | template <typename T> class matrixview;
      |                       ^~~~~
      |                       struct
praat.github.io/melder/melder_tensor.h:612:1: warning: 'constmatrixview' defined as a struct template here but previously declared as a class template; this is valid, but may result in linker errors under the Microsoft C++ ABI [-Wmismatched-tags]
  612 | struct constmatrixview {
      | ^
praat.github.io/melder/melder_tensor.h:60:23: note: did you mean struct here?
   60 | template <typename T> class constmatrixview;
      |                       ^~~~~
      |                       struct
praat.github.io/melder/melder_tensor.h:683:1: warning: 'automatrix' defined as a struct template here but previously declared as a class template; this is valid, but may result in linker errors under the Microsoft C++ ABI [-Wmismatched-tags]
  683 | struct automatrix {
      | ^
praat.github.io/melder/melder_tensor.h:61:23: note: did you mean struct here?
   61 | template <typename T> class automatrix;
      |                       ^~~~~
      |                       struct
praat.github.io/melder/melder_tensor.h:703:18: warning: unused variable 'numberOfColumnsInThisRow' [-Wunused-variable]
  703 |                         const integer numberOfColumnsInThisRow = uinteger_to_integer_a (row.size());
      |                                       ^~~~~~~~~~~~~~~~~~~~~~~~
In file included from pitchtier_wrappers.cpp:6:
In file included from ./praat_xptr_utils.h:10:
praat.github.io/sys/Thing.h:77:9: warning: struct 'structThing' was previously declared as a class; this is valid, but may result in linker errors under the Microsoft C++ ABI [-Wmismatched-tags]
   77 | typedef struct structThing *Thing;   // we need an explicit "struct" here, because this is a forward declaration
      |         ^
praat.github.io/melder/MelderArg.h:21:15: note: previous use is here
   21 | typedef class structThing *Thing;   // forward declaration
      |               ^
In file included from pitchtier_wrappers.cpp:6:
In file included from ./praat_xptr_utils.h:10:
praat.github.io/sys/Thing.h:78:9: warning: struct 'structThing' was previously declared as a class; this is valid, but may result in linker errors under the Microsoft C++ ABI [-Wmismatched-tags]
   78 | typedef struct structThing *mutableThing;
      |         ^
praat.github.io/melder/MelderArg.h:21:15: note: previous use is here
   21 | typedef class structThing *Thing;   // forward declaration
      |               ^
In file included from pitchtier_wrappers.cpp:6:
In file included from ./praat_xptr_utils.h:10:
praat.github.io/sys/Thing.h:79:15: warning: struct 'structThing' was previously declared as a class; this is valid, but may result in linker errors under the Microsoft C++ ABI [-Wmismatched-tags]
   79 | typedef const struct structThing *constThing;
      |               ^
praat.github.io/melder/MelderArg.h:21:15: note: previous use is here
   21 | typedef class structThing *Thing;   // forward declaration
      |               ^
In file included from pitchtier_wrappers.cpp:6:
In file included from ./praat_xptr_utils.h:10:
praat.github.io/sys/Thing.h:82:1: warning: 'structThing' defined as a struct here but previously declared as a class; this is valid, but may result in linker errors under the Microsoft C++ ABI [-Wmismatched-tags]
   82 | struct structThing {
      | ^
praat.github.io/melder/MelderArg.h:21:9: note: did you mean struct here?
   21 | typedef class structThing *Thing;   // forward declaration
      |         ^~~~~
      |         struct
In file included from pitchtier_wrappers.cpp:10:
In file included from praat.github.io/fon/PitchTier.h:21:
In file included from praat.github.io/fon/RealTier.h:21:
In file included from praat.github.io/fon/AnyTier.h:22:
In file included from praat.github.io/fon/PointProcess.h:22:
praat.github.io/sys/Graphics.h:42:1: warning: struct 'structGraphics' was previously declared as a class; this is valid, but may result in linker errors under the Microsoft C++ ABI [-Wmismatched-tags]
   42 | Thing_define (Graphics, Thing) {
      | ^
praat.github.io/sys/Thing.h:60:2: note: expanded from macro 'Thing_define'
   60 |         Thing_declare (klas); \
      |         ^
praat.github.io/sys/Thing.h:52:10: note: expanded from macro 'Thing_declare'
   52 |         typedef struct struct##klas *klas; \
      |                 ^
praat.github.io/melder/melder_progress.h:143:15: note: previous use is here
  143 | typedef class structGraphics *Graphics;
      |               ^
In file included from pitchtier_wrappers.cpp:10:
In file included from praat.github.io/fon/PitchTier.h:21:
In file included from praat.github.io/fon/RealTier.h:21:
In file included from praat.github.io/fon/AnyTier.h:22:
In file included from praat.github.io/fon/PointProcess.h:22:
praat.github.io/sys/Graphics.h:42:1: warning: struct 'structGraphics' was previously declared as a class; this is valid, but may result in linker errors under the Microsoft C++ ABI [-Wmismatched-tags]
   42 | Thing_define (Graphics, Thing) {
      | ^
praat.github.io/sys/Thing.h:60:2: note: expanded from macro 'Thing_define'
   60 |         Thing_declare (klas); \
      |         ^
praat.github.io/sys/Thing.h:53:10: note: expanded from macro 'Thing_declare'
   53 |         typedef struct struct##klas *mutable##klas; \
      |                 ^
praat.github.io/melder/melder_progress.h:143:15: note: previous use is here
  143 | typedef class structGraphics *Graphics;
      |               ^
In file included from pitchtier_wrappers.cpp:10:
In file included from praat.github.io/fon/PitchTier.h:21:
In file included from praat.github.io/fon/RealTier.h:21:
In file included from praat.github.io/fon/AnyTier.h:22:
In file included from praat.github.io/fon/PointProcess.h:22:
praat.github.io/sys/Graphics.h:42:1: warning: struct 'structGraphics' was previously declared as a class; this is valid, but may result in linker errors under the Microsoft C++ ABI [-Wmismatched-tags]
   42 | Thing_define (Graphics, Thing) {
      | ^
praat.github.io/sys/Thing.h:60:2: note: expanded from macro 'Thing_define'
   60 |         Thing_declare (klas); \
      |         ^
praat.github.io/sys/Thing.h:54:16: note: expanded from macro 'Thing_declare'
   54 |         typedef const struct struct##klas *const##klas; \
      |                       ^
praat.github.io/melder/melder_progress.h:143:15: note: previous use is here
  143 | typedef class structGraphics *Graphics;
      |               ^
In file included from pitchtier_wrappers.cpp:10:
In file included from praat.github.io/fon/PitchTier.h:21:
In file included from praat.github.io/fon/RealTier.h:21:
In file included from praat.github.io/fon/AnyTier.h:22:
In file included from praat.github.io/fon/PointProcess.h:22:
praat.github.io/sys/Graphics.h:42:1: warning: 'structGraphics' defined as a struct here but previously declared as a class; this is valid, but may result in linker errors under the Microsoft C++ ABI [-Wmismatched-tags]
   42 | Thing_define (Graphics, Thing) {
      | ^
praat.github.io/sys/Thing.h:62:2: note: expanded from macro 'Thing_define'
   62 |         struct struct##klas : public struct##syntacticParentKlas
      |         ^
praat.github.io/melder/melder_progress.h:143:9: note: did you mean struct here?
  143 | typedef class structGraphics *Graphics;
      |         ^~~~~
      |         struct
19 warnings generated.
clang++ -arch arm64 -std=gnu++17 -I"/Library/Frameworks/R.framework/Resources/include" -DNDEBUG -DHAVE_XSIMD -I. -Igsl-2.8 -Igsl-2.8/gsl -Ipraat.github.io -Ipraat.github.io/kar -Ipraat.github.io/melder -Ipraat.github.io/sys -Ipraat.github.io/dwsys -Ipraat.github.io/dwtools -Ipraat.github.io/stat -Ipraat.github.io/fon -Ipraat.github.io/foned -Ipraat.github.io/LPC -Ipraat.github.io/sensors -Ipraat.github.io/external/portaudio -Ipraat.github.io/external/flac -Ipraat.github.io/external/mp3 -Ipraat.github.io/external/espeak -Ipraat.github.io/external/gsl -Ipraat/external/gsl -Ipraat.github.io/external/glpk -Ipraat/external/glpk -Ipraat.github.io/external/num -Ipraat/external/num -Iclapack/INCLUDE -I'/Library/Frameworks/R.framework/Versions/4.4-arm64/Resources/library/Rcpp/include' -I'/Library/Frameworks/R.framework/Versions/4.4-arm64/Resources/library/RcppXsimd/include' -I/opt/R/arm64/include -I/opt/homebrew/opt/libomp/include -Xclang -fopenmp   -DPRAAT_LIB -DNO_GUI -DNO_AUDIO -DNO_GRAPHICS -DNO_NETWORK -DUNIX -pthread -ffp-contract=off -Wno-unused-parameter -Wno-sign-compare -Wno-unused-variable -Wno-deprecated-declarations -Wno-trigraphs -Wno-logical-op-parentheses -Wno-shift-op-parentheses -Wno-mismatched-tags -Wno-unused-const-variable -Wno-c++11-narrowing -march=armv8-a+simd -fPIC  -falign-functions=64 -Wall -g -O2   -c durationtier_wrappers.cpp -o durationtier_wrappers.o
In file included from durationtier_wrappers.cpp:6:
In file included from ./praat_xptr_utils.h:10:
In file included from praat.github.io/sys/Thing.h:24:
In file included from praat.github.io/melder/melder.h:76:
praat.github.io/melder/melder_tensor.h:64:1: warning: 'vector' defined as a struct template here but previously declared as a class template; this is valid, but may result in linker errors under the Microsoft C++ ABI [-Wmismatched-tags]
   64 | struct vector {
      | ^
praat.github.io/melder/melder_tensor.h:52:23: note: did you mean struct here?
   52 | template <typename T> class vector;
      |                       ^~~~~
      |                       struct
praat.github.io/melder/melder_tensor.h:104:1: warning: 'constvector' defined as a struct template here but previously declared as a class template; this is valid, but may result in linker errors under the Microsoft C++ ABI [-Wmismatched-tags]
  104 | struct constvector {
      | ^
praat.github.io/melder/melder_tensor.h:53:23: note: did you mean struct here?
   53 | template <typename T> class constvector;
      |                       ^~~~~
      |                       struct
praat.github.io/melder/melder_tensor.h:137:1: warning: 'vectorview' defined as a struct template here but previously declared as a class template; this is valid, but may result in linker errors under the Microsoft C++ ABI [-Wmismatched-tags]
  137 | struct vectorview {
      | ^
praat.github.io/melder/melder_tensor.h:54:23: note: did you mean struct here?
   54 | template <typename T> class vectorview;
      |                       ^~~~~
      |                       struct
praat.github.io/melder/melder_tensor.h:167:1: warning: 'constvectorview' defined as a struct template here but previously declared as a class template; this is valid, but may result in linker errors under the Microsoft C++ ABI [-Wmismatched-tags]
  167 | struct constvectorview {
      | ^
praat.github.io/melder/melder_tensor.h:55:23: note: did you mean struct here?
   55 | template <typename T> class constvectorview;
      |                       ^~~~~
      |                       struct
praat.github.io/melder/melder_tensor.h:207:1: warning: 'autovector' defined as a struct template here but previously declared as a class template; this is valid, but may result in linker errors under the Microsoft C++ ABI [-Wmismatched-tags]
  207 | struct autovector {
      | ^
praat.github.io/melder/melder_tensor.h:56:23: note: did you mean struct here?
   56 | template <typename T> class autovector;
      |                       ^~~~~
      |                       struct
praat.github.io/melder/melder_tensor.h:388:1: warning: 'matrix' defined as a struct template here but previously declared as a class template; this is valid, but may result in linker errors under the Microsoft C++ ABI [-Wmismatched-tags]
  388 | struct matrix {
      | ^
praat.github.io/melder/melder_tensor.h:57:23: note: did you mean struct here?
   57 | template <typename T> class matrix;
      |                       ^~~~~
      |                       struct
praat.github.io/melder/melder_tensor.h:461:1: warning: 'constmatrix' defined as a struct template here but previously declared as a class template; this is valid, but may result in linker errors under the Microsoft C++ ABI [-Wmismatched-tags]
  461 | struct constmatrix {
      | ^
praat.github.io/melder/melder_tensor.h:58:23: note: did you mean struct here?
   58 | template <typename T> class constmatrix;
      |                       ^~~~~
      |                       struct
praat.github.io/melder/melder_tensor.h:532:1: warning: 'matrixview' defined as a struct template here but previously declared as a class template; this is valid, but may result in linker errors under the Microsoft C++ ABI [-Wmismatched-tags]
  532 | struct matrixview {
      | ^
praat.github.io/melder/melder_tensor.h:59:23: note: did you mean struct here?
   59 | template <typename T> class matrixview;
      |                       ^~~~~
      |                       struct
praat.github.io/melder/melder_tensor.h:612:1: warning: 'constmatrixview' defined as a struct template here but previously declared as a class template; this is valid, but may result in linker errors under the Microsoft C++ ABI [-Wmismatched-tags]
  612 | struct constmatrixview {
      | ^
praat.github.io/melder/melder_tensor.h:60:23: note: did you mean struct here?
   60 | template <typename T> class constmatrixview;
      |                       ^~~~~
      |                       struct
praat.github.io/melder/melder_tensor.h:683:1: warning: 'automatrix' defined as a struct template here but previously declared as a class template; this is valid, but may result in linker errors under the Microsoft C++ ABI [-Wmismatched-tags]
  683 | struct automatrix {
      | ^
praat.github.io/melder/melder_tensor.h:61:23: note: did you mean struct here?
   61 | template <typename T> class automatrix;
      |                       ^~~~~
      |                       struct
praat.github.io/melder/melder_tensor.h:703:18: warning: unused variable 'numberOfColumnsInThisRow' [-Wunused-variable]
  703 |                         const integer numberOfColumnsInThisRow = uinteger_to_integer_a (row.size());
      |                                       ^~~~~~~~~~~~~~~~~~~~~~~~
In file included from durationtier_wrappers.cpp:6:
In file included from ./praat_xptr_utils.h:10:
praat.github.io/sys/Thing.h:77:9: warning: struct 'structThing' was previously declared as a class; this is valid, but may result in linker errors under the Microsoft C++ ABI [-Wmismatched-tags]
   77 | typedef struct structThing *Thing;   // we need an explicit "struct" here, because this is a forward declaration
      |         ^
praat.github.io/melder/MelderArg.h:21:15: note: previous use is here
   21 | typedef class structThing *Thing;   // forward declaration
      |               ^
In file included from durationtier_wrappers.cpp:6:
In file included from ./praat_xptr_utils.h:10:
praat.github.io/sys/Thing.h:78:9: warning: struct 'structThing' was previously declared as a class; this is valid, but may result in linker errors under the Microsoft C++ ABI [-Wmismatched-tags]
   78 | typedef struct structThing *mutableThing;
      |         ^
praat.github.io/melder/MelderArg.h:21:15: note: previous use is here
   21 | typedef class structThing *Thing;   // forward declaration
      |               ^
In file included from durationtier_wrappers.cpp:6:
In file included from ./praat_xptr_utils.h:10:
praat.github.io/sys/Thing.h:79:15: warning: struct 'structThing' was previously declared as a class; this is valid, but may result in linker errors under the Microsoft C++ ABI [-Wmismatched-tags]
   79 | typedef const struct structThing *constThing;
      |               ^
praat.github.io/melder/MelderArg.h:21:15: note: previous use is here
   21 | typedef class structThing *Thing;   // forward declaration
      |               ^
In file included from durationtier_wrappers.cpp:6:
In file included from ./praat_xptr_utils.h:10:
praat.github.io/sys/Thing.h:82:1: warning: 'structThing' defined as a struct here but previously declared as a class; this is valid, but may result in linker errors under the Microsoft C++ ABI [-Wmismatched-tags]
   82 | struct structThing {
      | ^
praat.github.io/melder/MelderArg.h:21:9: note: did you mean struct here?
   21 | typedef class structThing *Thing;   // forward declaration
      |         ^~~~~
      |         struct
In file included from durationtier_wrappers.cpp:10:
In file included from praat.github.io/fon/DurationTier.h:21:
In file included from praat.github.io/fon/RealTier.h:21:
In file included from praat.github.io/fon/AnyTier.h:22:
In file included from praat.github.io/fon/PointProcess.h:22:
praat.github.io/sys/Graphics.h:42:1: warning: struct 'structGraphics' was previously declared as a class; this is valid, but may result in linker errors under the Microsoft C++ ABI [-Wmismatched-tags]
   42 | Thing_define (Graphics, Thing) {
      | ^
praat.github.io/sys/Thing.h:60:2: note: expanded from macro 'Thing_define'
   60 |         Thing_declare (klas); \
      |         ^
praat.github.io/sys/Thing.h:52:10: note: expanded from macro 'Thing_declare'
   52 |         typedef struct struct##klas *klas; \
      |                 ^
praat.github.io/melder/melder_progress.h:143:15: note: previous use is here
  143 | typedef class structGraphics *Graphics;
      |               ^
In file included from durationtier_wrappers.cpp:10:
In file included from praat.github.io/fon/DurationTier.h:21:
In file included from praat.github.io/fon/RealTier.h:21:
In file included from praat.github.io/fon/AnyTier.h:22:
In file included from praat.github.io/fon/PointProcess.h:22:
praat.github.io/sys/Graphics.h:42:1: warning: struct 'structGraphics' was previously declared as a class; this is valid, but may result in linker errors under the Microsoft C++ ABI [-Wmismatched-tags]
   42 | Thing_define (Graphics, Thing) {
      | ^
praat.github.io/sys/Thing.h:60:2: note: expanded from macro 'Thing_define'
   60 |         Thing_declare (klas); \
      |         ^
praat.github.io/sys/Thing.h:53:10: note: expanded from macro 'Thing_declare'
   53 |         typedef struct struct##klas *mutable##klas; \
      |                 ^
praat.github.io/melder/melder_progress.h:143:15: note: previous use is here
  143 | typedef class structGraphics *Graphics;
      |               ^
In file included from durationtier_wrappers.cpp:10:
In file included from praat.github.io/fon/DurationTier.h:21:
In file included from praat.github.io/fon/RealTier.h:21:
In file included from praat.github.io/fon/AnyTier.h:22:
In file included from praat.github.io/fon/PointProcess.h:22:
praat.github.io/sys/Graphics.h:42:1: warning: struct 'structGraphics' was previously declared as a class; this is valid, but may result in linker errors under the Microsoft C++ ABI [-Wmismatched-tags]
   42 | Thing_define (Graphics, Thing) {
      | ^
praat.github.io/sys/Thing.h:60:2: note: expanded from macro 'Thing_define'
   60 |         Thing_declare (klas); \
      |         ^
praat.github.io/sys/Thing.h:54:16: note: expanded from macro 'Thing_declare'
   54 |         typedef const struct struct##klas *const##klas; \
      |                       ^
praat.github.io/melder/melder_progress.h:143:15: note: previous use is here
  143 | typedef class structGraphics *Graphics;
      |               ^
In file included from durationtier_wrappers.cpp:10:
In file included from praat.github.io/fon/DurationTier.h:21:
In file included from praat.github.io/fon/RealTier.h:21:
In file included from praat.github.io/fon/AnyTier.h:22:
In file included from praat.github.io/fon/PointProcess.h:22:
praat.github.io/sys/Graphics.h:42:1: warning: 'structGraphics' defined as a struct here but previously declared as a class; this is valid, but may result in linker errors under the Microsoft C++ ABI [-Wmismatched-tags]
   42 | Thing_define (Graphics, Thing) {
      | ^
praat.github.io/sys/Thing.h:62:2: note: expanded from macro 'Thing_define'
   62 |         struct struct##klas : public struct##syntacticParentKlas
      |         ^
praat.github.io/melder/melder_progress.h:143:9: note: did you mean struct here?
  143 | typedef class structGraphics *Graphics;
      |         ^~~~~
      |         struct
19 warnings generated.
clang++ -arch arm64 -std=gnu++17 -I"/Library/Frameworks/R.framework/Resources/include" -DNDEBUG -DHAVE_XSIMD -I. -Igsl-2.8 -Igsl-2.8/gsl -Ipraat.github.io -Ipraat.github.io/kar -Ipraat.github.io/melder -Ipraat.github.io/sys -Ipraat.github.io/dwsys -Ipraat.github.io/dwtools -Ipraat.github.io/stat -Ipraat.github.io/fon -Ipraat.github.io/foned -Ipraat.github.io/LPC -Ipraat.github.io/sensors -Ipraat.github.io/external/portaudio -Ipraat.github.io/external/flac -Ipraat.github.io/external/mp3 -Ipraat.github.io/external/espeak -Ipraat.github.io/external/gsl -Ipraat/external/gsl -Ipraat.github.io/external/glpk -Ipraat/external/glpk -Ipraat.github.io/external/num -Ipraat/external/num -Iclapack/INCLUDE -I'/Library/Frameworks/R.framework/Versions/4.4-arm64/Resources/library/Rcpp/include' -I'/Library/Frameworks/R.framework/Versions/4.4-arm64/Resources/library/RcppXsimd/include' -I/opt/R/arm64/include -I/opt/homebrew/opt/libomp/include -Xclang -fopenmp   -DPRAAT_LIB -DNO_GUI -DNO_AUDIO -DNO_GRAPHICS -DNO_NETWORK -DUNIX -pthread -ffp-contract=off -Wno-unused-parameter -Wno-sign-compare -Wno-unused-variable -Wno-deprecated-declarations -Wno-trigraphs -Wno-logical-op-parentheses -Wno-shift-op-parentheses -Wno-mismatched-tags -Wno-unused-const-variable -Wno-c++11-narrowing -march=armv8-a+simd -fPIC  -falign-functions=64 -Wall -g -O2   -c intensitytier_wrappers.cpp -o intensitytier_wrappers.o
In file included from intensitytier_wrappers.cpp:6:
In file included from ./praat_xptr_utils.h:10:
In file included from praat.github.io/sys/Thing.h:24:
In file included from praat.github.io/melder/melder.h:76:
praat.github.io/melder/melder_tensor.h:64:1: warning: 'vector' defined as a struct template here but previously declared as a class template; this is valid, but may result in linker errors under the Microsoft C++ ABI [-Wmismatched-tags]
   64 | struct vector {
      | ^
praat.github.io/melder/melder_tensor.h:52:23: note: did you mean struct here?
   52 | template <typename T> class vector;
      |                       ^~~~~
      |                       struct
praat.github.io/melder/melder_tensor.h:104:1: warning: 'constvector' defined as a struct template here but previously declared as a class template; this is valid, but may result in linker errors under the Microsoft C++ ABI [-Wmismatched-tags]
  104 | struct constvector {
      | ^
praat.github.io/melder/melder_tensor.h:53:23: note: did you mean struct here?
   53 | template <typename T> class constvector;
      |                       ^~~~~
      |                       struct
praat.github.io/melder/melder_tensor.h:137:1: warning: 'vectorview' defined as a struct template here but previously declared as a class template; this is valid, but may result in linker errors under the Microsoft C++ ABI [-Wmismatched-tags]
  137 | struct vectorview {
      | ^
praat.github.io/melder/melder_tensor.h:54:23: note: did you mean struct here?
   54 | template <typename T> class vectorview;
      |                       ^~~~~
      |                       struct
praat.github.io/melder/melder_tensor.h:167:1: warning: 'constvectorview' defined as a struct template here but previously declared as a class template; this is valid, but may result in linker errors under the Microsoft C++ ABI [-Wmismatched-tags]
  167 | struct constvectorview {
      | ^
praat.github.io/melder/melder_tensor.h:55:23: note: did you mean struct here?
   55 | template <typename T> class constvectorview;
      |                       ^~~~~
      |                       struct
praat.github.io/melder/melder_tensor.h:207:1: warning: 'autovector' defined as a struct template here but previously declared as a class template; this is valid, but may result in linker errors under the Microsoft C++ ABI [-Wmismatched-tags]
  207 | struct autovector {
      | ^
praat.github.io/melder/melder_tensor.h:56:23: note: did you mean struct here?
   56 | template <typename T> class autovector;
      |                       ^~~~~
      |                       struct
praat.github.io/melder/melder_tensor.h:388:1: warning: 'matrix' defined as a struct template here but previously declared as a class template; this is valid, but may result in linker errors under the Microsoft C++ ABI [-Wmismatched-tags]
  388 | struct matrix {
      | ^
praat.github.io/melder/melder_tensor.h:57:23: note: did you mean struct here?
   57 | template <typename T> class matrix;
      |                       ^~~~~
      |                       struct
praat.github.io/melder/melder_tensor.h:461:1: warning: 'constmatrix' defined as a struct template here but previously declared as a class template; this is valid, but may result in linker errors under the Microsoft C++ ABI [-Wmismatched-tags]
  461 | struct constmatrix {
      | ^
praat.github.io/melder/melder_tensor.h:58:23: note: did you mean struct here?
   58 | template <typename T> class constmatrix;
      |                       ^~~~~
      |                       struct
praat.github.io/melder/melder_tensor.h:532:1: warning: 'matrixview' defined as a struct template here but previously declared as a class template; this is valid, but may result in linker errors under the Microsoft C++ ABI [-Wmismatched-tags]
  532 | struct matrixview {
      | ^
praat.github.io/melder/melder_tensor.h:59:23: note: did you mean struct here?
   59 | template <typename T> class matrixview;
      |                       ^~~~~
      |                       struct
praat.github.io/melder/melder_tensor.h:612:1: warning: 'constmatrixview' defined as a struct template here but previously declared as a class template; this is valid, but may result in linker errors under the Microsoft C++ ABI [-Wmismatched-tags]
  612 | struct constmatrixview {
      | ^
praat.github.io/melder/melder_tensor.h:60:23: note: did you mean struct here?
   60 | template <typename T> class constmatrixview;
      |                       ^~~~~
      |                       struct
praat.github.io/melder/melder_tensor.h:683:1: warning: 'automatrix' defined as a struct template here but previously declared as a class template; this is valid, but may result in linker errors under the Microsoft C++ ABI [-Wmismatched-tags]
  683 | struct automatrix {
      | ^
praat.github.io/melder/melder_tensor.h:61:23: note: did you mean struct here?
   61 | template <typename T> class automatrix;
      |                       ^~~~~
      |                       struct
praat.github.io/melder/melder_tensor.h:703:18: warning: unused variable 'numberOfColumnsInThisRow' [-Wunused-variable]
  703 |                         const integer numberOfColumnsInThisRow = uinteger_to_integer_a (row.size());
      |                                       ^~~~~~~~~~~~~~~~~~~~~~~~
In file included from intensitytier_wrappers.cpp:6:
In file included from ./praat_xptr_utils.h:10:
praat.github.io/sys/Thing.h:77:9: warning: struct 'structThing' was previously declared as a class; this is valid, but may result in linker errors under the Microsoft C++ ABI [-Wmismatched-tags]
   77 | typedef struct structThing *Thing;   // we need an explicit "struct" here, because this is a forward declaration
      |         ^
praat.github.io/melder/MelderArg.h:21:15: note: previous use is here
   21 | typedef class structThing *Thing;   // forward declaration
      |               ^
In file included from intensitytier_wrappers.cpp:6:
In file included from ./praat_xptr_utils.h:10:
praat.github.io/sys/Thing.h:78:9: warning: struct 'structThing' was previously declared as a class; this is valid, but may result in linker errors under the Microsoft C++ ABI [-Wmismatched-tags]
   78 | typedef struct structThing *mutableThing;
      |         ^
praat.github.io/melder/MelderArg.h:21:15: note: previous use is here
   21 | typedef class structThing *Thing;   // forward declaration
      |               ^
In file included from intensitytier_wrappers.cpp:6:
In file included from ./praat_xptr_utils.h:10:
praat.github.io/sys/Thing.h:79:15: warning: struct 'structThing' was previously declared as a class; this is valid, but may result in linker errors under the Microsoft C++ ABI [-Wmismatched-tags]
   79 | typedef const struct structThing *constThing;
      |               ^
praat.github.io/melder/MelderArg.h:21:15: note: previous use is here
   21 | typedef class structThing *Thing;   // forward declaration
      |               ^
In file included from intensitytier_wrappers.cpp:6:
In file included from ./praat_xptr_utils.h:10:
praat.github.io/sys/Thing.h:82:1: warning: 'structThing' defined as a struct here but previously declared as a class; this is valid, but may result in linker errors under the Microsoft C++ ABI [-Wmismatched-tags]
   82 | struct structThing {
      | ^
praat.github.io/melder/MelderArg.h:21:9: note: did you mean struct here?
   21 | typedef class structThing *Thing;   // forward declaration
      |         ^~~~~
      |         struct
In file included from intensitytier_wrappers.cpp:10:
In file included from praat.github.io/fon/IntensityTier.h:21:
In file included from praat.github.io/fon/RealTier.h:21:
In file included from praat.github.io/fon/AnyTier.h:22:
In file included from praat.github.io/fon/PointProcess.h:22:
praat.github.io/sys/Graphics.h:42:1: warning: struct 'structGraphics' was previously declared as a class; this is valid, but may result in linker errors under the Microsoft C++ ABI [-Wmismatched-tags]
   42 | Thing_define (Graphics, Thing) {
      | ^
praat.github.io/sys/Thing.h:60:2: note: expanded from macro 'Thing_define'
   60 |         Thing_declare (klas); \
      |         ^
praat.github.io/sys/Thing.h:52:10: note: expanded from macro 'Thing_declare'
   52 |         typedef struct struct##klas *klas; \
      |                 ^
praat.github.io/melder/melder_progress.h:143:15: note: previous use is here
  143 | typedef class structGraphics *Graphics;
      |               ^
In file included from intensitytier_wrappers.cpp:10:
In file included from praat.github.io/fon/IntensityTier.h:21:
In file included from praat.github.io/fon/RealTier.h:21:
In file included from praat.github.io/fon/AnyTier.h:22:
In file included from praat.github.io/fon/PointProcess.h:22:
praat.github.io/sys/Graphics.h:42:1: warning: struct 'structGraphics' was previously declared as a class; this is valid, but may result in linker errors under the Microsoft C++ ABI [-Wmismatched-tags]
   42 | Thing_define (Graphics, Thing) {
      | ^
praat.github.io/sys/Thing.h:60:2: note: expanded from macro 'Thing_define'
   60 |         Thing_declare (klas); \
      |         ^
praat.github.io/sys/Thing.h:53:10: note: expanded from macro 'Thing_declare'
   53 |         typedef struct struct##klas *mutable##klas; \
      |                 ^
praat.github.io/melder/melder_progress.h:143:15: note: previous use is here
  143 | typedef class structGraphics *Graphics;
      |               ^
In file included from intensitytier_wrappers.cpp:10:
In file included from praat.github.io/fon/IntensityTier.h:21:
In file included from praat.github.io/fon/RealTier.h:21:
In file included from praat.github.io/fon/AnyTier.h:22:
In file included from praat.github.io/fon/PointProcess.h:22:
praat.github.io/sys/Graphics.h:42:1: warning: struct 'structGraphics' was previously declared as a class; this is valid, but may result in linker errors under the Microsoft C++ ABI [-Wmismatched-tags]
   42 | Thing_define (Graphics, Thing) {
      | ^
praat.github.io/sys/Thing.h:60:2: note: expanded from macro 'Thing_define'
   60 |         Thing_declare (klas); \
      |         ^
praat.github.io/sys/Thing.h:54:16: note: expanded from macro 'Thing_declare'
   54 |         typedef const struct struct##klas *const##klas; \
      |                       ^
praat.github.io/melder/melder_progress.h:143:15: note: previous use is here
  143 | typedef class structGraphics *Graphics;
      |               ^
In file included from intensitytier_wrappers.cpp:10:
In file included from praat.github.io/fon/IntensityTier.h:21:
In file included from praat.github.io/fon/RealTier.h:21:
In file included from praat.github.io/fon/AnyTier.h:22:
In file included from praat.github.io/fon/PointProcess.h:22:
praat.github.io/sys/Graphics.h:42:1: warning: 'structGraphics' defined as a struct here but previously declared as a class; this is valid, but may result in linker errors under the Microsoft C++ ABI [-Wmismatched-tags]
   42 | Thing_define (Graphics, Thing) {
      | ^
praat.github.io/sys/Thing.h:62:2: note: expanded from macro 'Thing_define'
   62 |         struct struct##klas : public struct##syntacticParentKlas
      |         ^
praat.github.io/melder/melder_progress.h:143:9: note: did you mean struct here?
  143 | typedef class structGraphics *Graphics;
      |         ^~~~~
      |         struct
19 warnings generated.
clang++ -arch arm64 -std=gnu++17 -I"/Library/Frameworks/R.framework/Resources/include" -DNDEBUG -DHAVE_XSIMD -I. -Igsl-2.8 -Igsl-2.8/gsl -Ipraat.github.io -Ipraat.github.io/kar -Ipraat.github.io/melder -Ipraat.github.io/sys -Ipraat.github.io/dwsys -Ipraat.github.io/dwtools -Ipraat.github.io/stat -Ipraat.github.io/fon -Ipraat.github.io/foned -Ipraat.github.io/LPC -Ipraat.github.io/sensors -Ipraat.github.io/external/portaudio -Ipraat.github.io/external/flac -Ipraat.github.io/external/mp3 -Ipraat.github.io/external/espeak -Ipraat.github.io/external/gsl -Ipraat/external/gsl -Ipraat.github.io/external/glpk -Ipraat/external/glpk -Ipraat.github.io/external/num -Ipraat/external/num -Iclapack/INCLUDE -I'/Library/Frameworks/R.framework/Versions/4.4-arm64/Resources/library/Rcpp/include' -I'/Library/Frameworks/R.framework/Versions/4.4-arm64/Resources/library/RcppXsimd/include' -I/opt/R/arm64/include -I/opt/homebrew/opt/libomp/include -Xclang -fopenmp   -DPRAAT_LIB -DNO_GUI -DNO_AUDIO -DNO_GRAPHICS -DNO_NETWORK -DUNIX -pthread -ffp-contract=off -Wno-unused-parameter -Wno-sign-compare -Wno-unused-variable -Wno-deprecated-declarations -Wno-trigraphs -Wno-logical-op-parentheses -Wno-shift-op-parentheses -Wno-mismatched-tags -Wno-unused-const-variable -Wno-c++11-narrowing -march=armv8-a+simd -fPIC  -falign-functions=64 -Wall -g -O2   -c manipulation_wrappers.cpp -o manipulation_wrappers.o
In file included from manipulation_wrappers.cpp:6:
In file included from ./praat_xptr_utils.h:10:
In file included from praat.github.io/sys/Thing.h:24:
In file included from praat.github.io/melder/melder.h:76:
praat.github.io/melder/melder_tensor.h:64:1: warning: 'vector' defined as a struct template here but previously declared as a class template; this is valid, but may result in linker errors under the Microsoft C++ ABI [-Wmismatched-tags]
   64 | struct vector {
      | ^
praat.github.io/melder/melder_tensor.h:52:23: note: did you mean struct here?
   52 | template <typename T> class vector;
      |                       ^~~~~
      |                       struct
praat.github.io/melder/melder_tensor.h:104:1: warning: 'constvector' defined as a struct template here but previously declared as a class template; this is valid, but may result in linker errors under the Microsoft C++ ABI [-Wmismatched-tags]
  104 | struct constvector {
      | ^
praat.github.io/melder/melder_tensor.h:53:23: note: did you mean struct here?
   53 | template <typename T> class constvector;
      |                       ^~~~~
      |                       struct
praat.github.io/melder/melder_tensor.h:137:1: warning: 'vectorview' defined as a struct template here but previously declared as a class template; this is valid, but may result in linker errors under the Microsoft C++ ABI [-Wmismatched-tags]
  137 | struct vectorview {
      | ^
praat.github.io/melder/melder_tensor.h:54:23: note: did you mean struct here?
   54 | template <typename T> class vectorview;
      |                       ^~~~~
      |                       struct
praat.github.io/melder/melder_tensor.h:167:1: warning: 'constvectorview' defined as a struct template here but previously declared as a class template; this is valid, but may result in linker errors under the Microsoft C++ ABI [-Wmismatched-tags]
  167 | struct constvectorview {
      | ^
praat.github.io/melder/melder_tensor.h:55:23: note: did you mean struct here?
   55 | template <typename T> class constvectorview;
      |                       ^~~~~
      |                       struct
praat.github.io/melder/melder_tensor.h:207:1: warning: 'autovector' defined as a struct template here but previously declared as a class template; this is valid, but may result in linker errors under the Microsoft C++ ABI [-Wmismatched-tags]
  207 | struct autovector {
      | ^
praat.github.io/melder/melder_tensor.h:56:23: note: did you mean struct here?
   56 | template <typename T> class autovector;
      |                       ^~~~~
      |                       struct
praat.github.io/melder/melder_tensor.h:388:1: warning: 'matrix' defined as a struct template here but previously declared as a class template; this is valid, but may result in linker errors under the Microsoft C++ ABI [-Wmismatched-tags]
  388 | struct matrix {
      | ^
praat.github.io/melder/melder_tensor.h:57:23: note: did you mean struct here?
   57 | template <typename T> class matrix;
      |                       ^~~~~
      |                       struct
praat.github.io/melder/melder_tensor.h:461:1: warning: 'constmatrix' defined as a struct template here but previously declared as a class template; this is valid, but may result in linker errors under the Microsoft C++ ABI [-Wmismatched-tags]
  461 | struct constmatrix {
      | ^
praat.github.io/melder/melder_tensor.h:58:23: note: did you mean struct here?
   58 | template <typename T> class constmatrix;
      |                       ^~~~~
      |                       struct
praat.github.io/melder/melder_tensor.h:532:1: warning: 'matrixview' defined as a struct template here but previously declared as a class template; this is valid, but may result in linker errors under the Microsoft C++ ABI [-Wmismatched-tags]
  532 | struct matrixview {
      | ^
praat.github.io/melder/melder_tensor.h:59:23: note: did you mean struct here?
   59 | template <typename T> class matrixview;
      |                       ^~~~~
      |                       struct
praat.github.io/melder/melder_tensor.h:612:1: warning: 'constmatrixview' defined as a struct template here but previously declared as a class template; this is valid, but may result in linker errors under the Microsoft C++ ABI [-Wmismatched-tags]
  612 | struct constmatrixview {
      | ^
praat.github.io/melder/melder_tensor.h:60:23: note: did you mean struct here?
   60 | template <typename T> class constmatrixview;
      |                       ^~~~~
      |                       struct
praat.github.io/melder/melder_tensor.h:683:1: warning: 'automatrix' defined as a struct template here but previously declared as a class template; this is valid, but may result in linker errors under the Microsoft C++ ABI [-Wmismatched-tags]
  683 | struct automatrix {
      | ^
praat.github.io/melder/melder_tensor.h:61:23: note: did you mean struct here?
   61 | template <typename T> class automatrix;
      |                       ^~~~~
      |                       struct
praat.github.io/melder/melder_tensor.h:703:18: warning: unused variable 'numberOfColumnsInThisRow' [-Wunused-variable]
  703 |                         const integer numberOfColumnsInThisRow = uinteger_to_integer_a (row.size());
      |                                       ^~~~~~~~~~~~~~~~~~~~~~~~
In file included from manipulation_wrappers.cpp:6:
In file included from ./praat_xptr_utils.h:10:
praat.github.io/sys/Thing.h:77:9: warning: struct 'structThing' was previously declared as a class; this is valid, but may result in linker errors under the Microsoft C++ ABI [-Wmismatched-tags]
   77 | typedef struct structThing *Thing;   // we need an explicit "struct" here, because this is a forward declaration
      |         ^
praat.github.io/melder/MelderArg.h:21:15: note: previous use is here
   21 | typedef class structThing *Thing;   // forward declaration
      |               ^
In file included from manipulation_wrappers.cpp:6:
In file included from ./praat_xptr_utils.h:10:
praat.github.io/sys/Thing.h:78:9: warning: struct 'structThing' was previously declared as a class; this is valid, but may result in linker errors under the Microsoft C++ ABI [-Wmismatched-tags]
   78 | typedef struct structThing *mutableThing;
      |         ^
praat.github.io/melder/MelderArg.h:21:15: note: previous use is here
   21 | typedef class structThing *Thing;   // forward declaration
      |               ^
In file included from manipulation_wrappers.cpp:6:
In file included from ./praat_xptr_utils.h:10:
praat.github.io/sys/Thing.h:79:15: warning: struct 'structThing' was previously declared as a class; this is valid, but may result in linker errors under the Microsoft C++ ABI [-Wmismatched-tags]
   79 | typedef const struct structThing *constThing;
      |               ^
praat.github.io/melder/MelderArg.h:21:15: note: previous use is here
   21 | typedef class structThing *Thing;   // forward declaration
      |               ^
In file included from manipulation_wrappers.cpp:6:
In file included from ./praat_xptr_utils.h:10:
praat.github.io/sys/Thing.h:82:1: warning: 'structThing' defined as a struct here but previously declared as a class; this is valid, but may result in linker errors under the Microsoft C++ ABI [-Wmismatched-tags]
   82 | struct structThing {
      | ^
praat.github.io/melder/MelderArg.h:21:9: note: did you mean struct here?
   21 | typedef class structThing *Thing;   // forward declaration
      |         ^~~~~
      |         struct
In file included from manipulation_wrappers.cpp:10:
In file included from praat.github.io/fon/Manipulation.h:21:
In file included from praat.github.io/fon/Sound.h:23:
In file included from praat.github.io/fon/Vector.h:24:
In file included from praat.github.io/fon/Matrix.h:21:
In file included from praat.github.io/fon/SampledXY.h:21:
In file included from praat.github.io/fon/Sampled.h:23:
praat.github.io/sys/Graphics.h:42:1: warning: struct 'structGraphics' was previously declared as a class; this is valid, but may result in linker errors under the Microsoft C++ ABI [-Wmismatched-tags]
   42 | Thing_define (Graphics, Thing) {
      | ^
praat.github.io/sys/Thing.h:60:2: note: expanded from macro 'Thing_define'
   60 |         Thing_declare (klas); \
      |         ^
praat.github.io/sys/Thing.h:52:10: note: expanded from macro 'Thing_declare'
   52 |         typedef struct struct##klas *klas; \
      |                 ^
praat.github.io/melder/melder_progress.h:143:15: note: previous use is here
  143 | typedef class structGraphics *Graphics;
      |               ^
In file included from manipulation_wrappers.cpp:10:
In file included from praat.github.io/fon/Manipulation.h:21:
In file included from praat.github.io/fon/Sound.h:23:
In file included from praat.github.io/fon/Vector.h:24:
In file included from praat.github.io/fon/Matrix.h:21:
In file included from praat.github.io/fon/SampledXY.h:21:
In file included from praat.github.io/fon/Sampled.h:23:
praat.github.io/sys/Graphics.h:42:1: warning: struct 'structGraphics' was previously declared as a class; this is valid, but may result in linker errors under the Microsoft C++ ABI [-Wmismatched-tags]
   42 | Thing_define (Graphics, Thing) {
      | ^
praat.github.io/sys/Thing.h:60:2: note: expanded from macro 'Thing_define'
   60 |         Thing_declare (klas); \
      |         ^
praat.github.io/sys/Thing.h:53:10: note: expanded from macro 'Thing_declare'
   53 |         typedef struct struct##klas *mutable##klas; \
      |                 ^
praat.github.io/melder/melder_progress.h:143:15: note: previous use is here
  143 | typedef class structGraphics *Graphics;
      |               ^
In file included from manipulation_wrappers.cpp:10:
In file included from praat.github.io/fon/Manipulation.h:21:
In file included from praat.github.io/fon/Sound.h:23:
In file included from praat.github.io/fon/Vector.h:24:
In file included from praat.github.io/fon/Matrix.h:21:
In file included from praat.github.io/fon/SampledXY.h:21:
In file included from praat.github.io/fon/Sampled.h:23:
praat.github.io/sys/Graphics.h:42:1: warning: struct 'structGraphics' was previously declared as a class; this is valid, but may result in linker errors under the Microsoft C++ ABI [-Wmismatched-tags]
   42 | Thing_define (Graphics, Thing) {
      | ^
praat.github.io/sys/Thing.h:60:2: note: expanded from macro 'Thing_define'
   60 |         Thing_declare (klas); \
      |         ^
praat.github.io/sys/Thing.h:54:16: note: expanded from macro 'Thing_declare'
   54 |         typedef const struct struct##klas *const##klas; \
      |                       ^
praat.github.io/melder/melder_progress.h:143:15: note: previous use is here
  143 | typedef class structGraphics *Graphics;
      |               ^
In file included from manipulation_wrappers.cpp:10:
In file included from praat.github.io/fon/Manipulation.h:21:
In file included from praat.github.io/fon/Sound.h:23:
In file included from praat.github.io/fon/Vector.h:24:
In file included from praat.github.io/fon/Matrix.h:21:
In file included from praat.github.io/fon/SampledXY.h:21:
In file included from praat.github.io/fon/Sampled.h:23:
praat.github.io/sys/Graphics.h:42:1: warning: 'structGraphics' defined as a struct here but previously declared as a class; this is valid, but may result in linker errors under the Microsoft C++ ABI [-Wmismatched-tags]
   42 | Thing_define (Graphics, Thing) {
      | ^
praat.github.io/sys/Thing.h:62:2: note: expanded from macro 'Thing_define'
   62 |         struct struct##klas : public struct##syntacticParentKlas
      |         ^
praat.github.io/melder/melder_progress.h:143:9: note: did you mean struct here?
  143 | typedef class structGraphics *Graphics;
      |         ^~~~~
      |         struct
19 warnings generated.
clang++ -arch arm64 -std=gnu++17 -I"/Library/Frameworks/R.framework/Resources/include" -DNDEBUG -DHAVE_XSIMD -I. -Igsl-2.8 -Igsl-2.8/gsl -Ipraat.github.io -Ipraat.github.io/kar -Ipraat.github.io/melder -Ipraat.github.io/sys -Ipraat.github.io/dwsys -Ipraat.github.io/dwtools -Ipraat.github.io/stat -Ipraat.github.io/fon -Ipraat.github.io/foned -Ipraat.github.io/LPC -Ipraat.github.io/sensors -Ipraat.github.io/external/portaudio -Ipraat.github.io/external/flac -Ipraat.github.io/external/mp3 -Ipraat.github.io/external/espeak -Ipraat.github.io/external/gsl -Ipraat/external/gsl -Ipraat.github.io/external/glpk -Ipraat/external/glpk -Ipraat.github.io/external/num -Ipraat/external/num -Iclapack/INCLUDE -I'/Library/Frameworks/R.framework/Versions/4.4-arm64/Resources/library/Rcpp/include' -I'/Library/Frameworks/R.framework/Versions/4.4-arm64/Resources/library/RcppXsimd/include' -I/opt/R/arm64/include -I/opt/homebrew/opt/libomp/include -Xclang -fopenmp   -DPRAAT_LIB -DNO_GUI -DNO_AUDIO -DNO_GRAPHICS -DNO_NETWORK -DUNIX -pthread -ffp-contract=off -Wno-unused-parameter -Wno-sign-compare -Wno-unused-variable -Wno-deprecated-declarations -Wno-trigraphs -Wno-logical-op-parentheses -Wno-shift-op-parentheses -Wno-mismatched-tags -Wno-unused-const-variable -Wno-c++11-narrowing -march=armv8-a+simd -fPIC  -falign-functions=64 -Wall -g -O2   -c table_wrappers.cpp -o table_wrappers.o
In file included from table_wrappers.cpp:5:
In file included from ./praat_xptr_utils.h:10:
In file included from praat.github.io/sys/Thing.h:24:
In file included from praat.github.io/melder/melder.h:76:
praat.github.io/melder/melder_tensor.h:64:1: warning: 'vector' defined as a struct template here but previously declared as a class template; this is valid, but may result in linker errors under the Microsoft C++ ABI [-Wmismatched-tags]
   64 | struct vector {
      | ^
praat.github.io/melder/melder_tensor.h:52:23: note: did you mean struct here?
   52 | template <typename T> class vector;
      |                       ^~~~~
      |                       struct
praat.github.io/melder/melder_tensor.h:104:1: warning: 'constvector' defined as a struct template here but previously declared as a class template; this is valid, but may result in linker errors under the Microsoft C++ ABI [-Wmismatched-tags]
  104 | struct constvector {
      | ^
praat.github.io/melder/melder_tensor.h:53:23: note: did you mean struct here?
   53 | template <typename T> class constvector;
      |                       ^~~~~
      |                       struct
praat.github.io/melder/melder_tensor.h:137:1: warning: 'vectorview' defined as a struct template here but previously declared as a class template; this is valid, but may result in linker errors under the Microsoft C++ ABI [-Wmismatched-tags]
  137 | struct vectorview {
      | ^
praat.github.io/melder/melder_tensor.h:54:23: note: did you mean struct here?
   54 | template <typename T> class vectorview;
      |                       ^~~~~
      |                       struct
praat.github.io/melder/melder_tensor.h:167:1: warning: 'constvectorview' defined as a struct template here but previously declared as a class template; this is valid, but may result in linker errors under the Microsoft C++ ABI [-Wmismatched-tags]
  167 | struct constvectorview {
      | ^
praat.github.io/melder/melder_tensor.h:55:23: note: did you mean struct here?
   55 | template <typename T> class constvectorview;
      |                       ^~~~~
      |                       struct
praat.github.io/melder/melder_tensor.h:207:1: warning: 'autovector' defined as a struct template here but previously declared as a class template; this is valid, but may result in linker errors under the Microsoft C++ ABI [-Wmismatched-tags]
  207 | struct autovector {
      | ^
praat.github.io/melder/melder_tensor.h:56:23: note: did you mean struct here?
   56 | template <typename T> class autovector;
      |                       ^~~~~
      |                       struct
praat.github.io/melder/melder_tensor.h:388:1: warning: 'matrix' defined as a struct template here but previously declared as a class template; this is valid, but may result in linker errors under the Microsoft C++ ABI [-Wmismatched-tags]
  388 | struct matrix {
      | ^
praat.github.io/melder/melder_tensor.h:57:23: note: did you mean struct here?
   57 | template <typename T> class matrix;
      |                       ^~~~~
      |                       struct
praat.github.io/melder/melder_tensor.h:461:1: warning: 'constmatrix' defined as a struct template here but previously declared as a class template; this is valid, but may result in linker errors under the Microsoft C++ ABI [-Wmismatched-tags]
  461 | struct constmatrix {
      | ^
praat.github.io/melder/melder_tensor.h:58:23: note: did you mean struct here?
   58 | template <typename T> class constmatrix;
      |                       ^~~~~
      |                       struct
praat.github.io/melder/melder_tensor.h:532:1: warning: 'matrixview' defined as a struct template here but previously declared as a class template; this is valid, but may result in linker errors under the Microsoft C++ ABI [-Wmismatched-tags]
  532 | struct matrixview {
      | ^
praat.github.io/melder/melder_tensor.h:59:23: note: did you mean struct here?
   59 | template <typename T> class matrixview;
      |                       ^~~~~
      |                       struct
praat.github.io/melder/melder_tensor.h:612:1: warning: 'constmatrixview' defined as a struct template here but previously declared as a class template; this is valid, but may result in linker errors under the Microsoft C++ ABI [-Wmismatched-tags]
  612 | struct constmatrixview {
      | ^
praat.github.io/melder/melder_tensor.h:60:23: note: did you mean struct here?
   60 | template <typename T> class constmatrixview;
      |                       ^~~~~
      |                       struct
praat.github.io/melder/melder_tensor.h:683:1: warning: 'automatrix' defined as a struct template here but previously declared as a class template; this is valid, but may result in linker errors under the Microsoft C++ ABI [-Wmismatched-tags]
  683 | struct automatrix {
      | ^
praat.github.io/melder/melder_tensor.h:61:23: note: did you mean struct here?
   61 | template <typename T> class automatrix;
      |                       ^~~~~
      |                       struct
praat.github.io/melder/melder_tensor.h:703:18: warning: unused variable 'numberOfColumnsInThisRow' [-Wunused-variable]
  703 |                         const integer numberOfColumnsInThisRow = uinteger_to_integer_a (row.size());
      |                                       ^~~~~~~~~~~~~~~~~~~~~~~~
In file included from table_wrappers.cpp:5:
In file included from ./praat_xptr_utils.h:10:
praat.github.io/sys/Thing.h:77:9: warning: struct 'structThing' was previously declared as a class; this is valid, but may result in linker errors under the Microsoft C++ ABI [-Wmismatched-tags]
   77 | typedef struct structThing *Thing;   // we need an explicit "struct" here, because this is a forward declaration
      |         ^
praat.github.io/melder/MelderArg.h:21:15: note: previous use is here
   21 | typedef class structThing *Thing;   // forward declaration
      |               ^
In file included from table_wrappers.cpp:5:
In file included from ./praat_xptr_utils.h:10:
praat.github.io/sys/Thing.h:78:9: warning: struct 'structThing' was previously declared as a class; this is valid, but may result in linker errors under the Microsoft C++ ABI [-Wmismatched-tags]
   78 | typedef struct structThing *mutableThing;
      |         ^
praat.github.io/melder/MelderArg.h:21:15: note: previous use is here
   21 | typedef class structThing *Thing;   // forward declaration
      |               ^
In file included from table_wrappers.cpp:5:
In file included from ./praat_xptr_utils.h:10:
praat.github.io/sys/Thing.h:79:15: warning: struct 'structThing' was previously declared as a class; this is valid, but may result in linker errors under the Microsoft C++ ABI [-Wmismatched-tags]
   79 | typedef const struct structThing *constThing;
      |               ^
praat.github.io/melder/MelderArg.h:21:15: note: previous use is here
   21 | typedef class structThing *Thing;   // forward declaration
      |               ^
In file included from table_wrappers.cpp:5:
In file included from ./praat_xptr_utils.h:10:
praat.github.io/sys/Thing.h:82:1: warning: 'structThing' defined as a struct here but previously declared as a class; this is valid, but may result in linker errors under the Microsoft C++ ABI [-Wmismatched-tags]
   82 | struct structThing {
      | ^
praat.github.io/melder/MelderArg.h:21:9: note: did you mean struct here?
   21 | typedef class structThing *Thing;   // forward declaration
      |         ^~~~~
      |         struct
In file included from table_wrappers.cpp:7:
In file included from ./praat.github.io/stat/Table.h:22:
praat.github.io/sys/Graphics.h:42:1: warning: struct 'structGraphics' was previously declared as a class; this is valid, but may result in linker errors under the Microsoft C++ ABI [-Wmismatched-tags]
   42 | Thing_define (Graphics, Thing) {
      | ^
praat.github.io/sys/Thing.h:60:2: note: expanded from macro 'Thing_define'
   60 |         Thing_declare (klas); \
      |         ^
praat.github.io/sys/Thing.h:52:10: note: expanded from macro 'Thing_declare'
   52 |         typedef struct struct##klas *klas; \
      |                 ^
praat.github.io/melder/melder_progress.h:143:15: note: previous use is here
  143 | typedef class structGraphics *Graphics;
      |               ^
In file included from table_wrappers.cpp:7:
In file included from ./praat.github.io/stat/Table.h:22:
praat.github.io/sys/Graphics.h:42:1: warning: struct 'structGraphics' was previously declared as a class; this is valid, but may result in linker errors under the Microsoft C++ ABI [-Wmismatched-tags]
   42 | Thing_define (Graphics, Thing) {
      | ^
praat.github.io/sys/Thing.h:60:2: note: expanded from macro 'Thing_define'
   60 |         Thing_declare (klas); \
      |         ^
praat.github.io/sys/Thing.h:53:10: note: expanded from macro 'Thing_declare'
   53 |         typedef struct struct##klas *mutable##klas; \
      |                 ^
praat.github.io/melder/melder_progress.h:143:15: note: previous use is here
  143 | typedef class structGraphics *Graphics;
      |               ^
In file included from table_wrappers.cpp:7:
In file included from ./praat.github.io/stat/Table.h:22:
praat.github.io/sys/Graphics.h:42:1: warning: struct 'structGraphics' was previously declared as a class; this is valid, but may result in linker errors under the Microsoft C++ ABI [-Wmismatched-tags]
   42 | Thing_define (Graphics, Thing) {
      | ^
praat.github.io/sys/Thing.h:60:2: note: expanded from macro 'Thing_define'
   60 |         Thing_declare (klas); \
      |         ^
praat.github.io/sys/Thing.h:54:16: note: expanded from macro 'Thing_declare'
   54 |         typedef const struct struct##klas *const##klas; \
      |                       ^
praat.github.io/melder/melder_progress.h:143:15: note: previous use is here
  143 | typedef class structGraphics *Graphics;
      |               ^
In file included from table_wrappers.cpp:7:
In file included from ./praat.github.io/stat/Table.h:22:
praat.github.io/sys/Graphics.h:42:1: warning: 'structGraphics' defined as a struct here but previously declared as a class; this is valid, but may result in linker errors under the Microsoft C++ ABI [-Wmismatched-tags]
   42 | Thing_define (Graphics, Thing) {
      | ^
praat.github.io/sys/Thing.h:62:2: note: expanded from macro 'Thing_define'
   62 |         struct struct##klas : public struct##syntacticParentKlas
      |         ^
praat.github.io/melder/melder_progress.h:143:9: note: did you mean struct here?
  143 | typedef class structGraphics *Graphics;
      |         ^~~~~
      |         struct
19 warnings generated.
clang++ -arch arm64 -std=gnu++17 -I"/Library/Frameworks/R.framework/Resources/include" -DNDEBUG -DHAVE_XSIMD -I. -Igsl-2.8 -Igsl-2.8/gsl -Ipraat.github.io -Ipraat.github.io/kar -Ipraat.github.io/melder -Ipraat.github.io/sys -Ipraat.github.io/dwsys -Ipraat.github.io/dwtools -Ipraat.github.io/stat -Ipraat.github.io/fon -Ipraat.github.io/foned -Ipraat.github.io/LPC -Ipraat.github.io/sensors -Ipraat.github.io/external/portaudio -Ipraat.github.io/external/flac -Ipraat.github.io/external/mp3 -Ipraat.github.io/external/espeak -Ipraat.github.io/external/gsl -Ipraat/external/gsl -Ipraat.github.io/external/glpk -Ipraat/external/glpk -Ipraat.github.io/external/num -Ipraat/external/num -Iclapack/INCLUDE -I'/Library/Frameworks/R.framework/Versions/4.4-arm64/Resources/library/Rcpp/include' -I'/Library/Frameworks/R.framework/Versions/4.4-arm64/Resources/library/RcppXsimd/include' -I/opt/R/arm64/include -I/opt/homebrew/opt/libomp/include -Xclang -fopenmp   -DPRAAT_LIB -DNO_GUI -DNO_AUDIO -DNO_GRAPHICS -DNO_NETWORK -DUNIX -pthread -ffp-contract=off -Wno-unused-parameter -Wno-sign-compare -Wno-unused-variable -Wno-deprecated-declarations -Wno-trigraphs -Wno-logical-op-parentheses -Wno-shift-op-parentheses -Wno-mismatched-tags -Wno-unused-const-variable -Wno-c++11-narrowing -march=armv8-a+simd -fPIC  -falign-functions=64 -Wall -g -O2   -c amplitudetier_wrappers.cpp -o amplitudetier_wrappers.o
In file included from amplitudetier_wrappers.cpp:2:
In file included from ./praat.github.io/sys/Thing.h:24:
In file included from praat.github.io/melder/melder.h:76:
praat.github.io/melder/melder_tensor.h:64:1: warning: 'vector' defined as a struct template here but previously declared as a class template; this is valid, but may result in linker errors under the Microsoft C++ ABI [-Wmismatched-tags]
   64 | struct vector {
      | ^
praat.github.io/melder/melder_tensor.h:52:23: note: did you mean struct here?
   52 | template <typename T> class vector;
      |                       ^~~~~
      |                       struct
praat.github.io/melder/melder_tensor.h:104:1: warning: 'constvector' defined as a struct template here but previously declared as a class template; this is valid, but may result in linker errors under the Microsoft C++ ABI [-Wmismatched-tags]
  104 | struct constvector {
      | ^
praat.github.io/melder/melder_tensor.h:53:23: note: did you mean struct here?
   53 | template <typename T> class constvector;
      |                       ^~~~~
      |                       struct
praat.github.io/melder/melder_tensor.h:137:1: warning: 'vectorview' defined as a struct template here but previously declared as a class template; this is valid, but may result in linker errors under the Microsoft C++ ABI [-Wmismatched-tags]
  137 | struct vectorview {
      | ^
praat.github.io/melder/melder_tensor.h:54:23: note: did you mean struct here?
   54 | template <typename T> class vectorview;
      |                       ^~~~~
      |                       struct
praat.github.io/melder/melder_tensor.h:167:1: warning: 'constvectorview' defined as a struct template here but previously declared as a class template; this is valid, but may result in linker errors under the Microsoft C++ ABI [-Wmismatched-tags]
  167 | struct constvectorview {
      | ^
praat.github.io/melder/melder_tensor.h:55:23: note: did you mean struct here?
   55 | template <typename T> class constvectorview;
      |                       ^~~~~
      |                       struct
praat.github.io/melder/melder_tensor.h:207:1: warning: 'autovector' defined as a struct template here but previously declared as a class template; this is valid, but may result in linker errors under the Microsoft C++ ABI [-Wmismatched-tags]
  207 | struct autovector {
      | ^
praat.github.io/melder/melder_tensor.h:56:23: note: did you mean struct here?
   56 | template <typename T> class autovector;
      |                       ^~~~~
      |                       struct
praat.github.io/melder/melder_tensor.h:388:1: warning: 'matrix' defined as a struct template here but previously declared as a class template; this is valid, but may result in linker errors under the Microsoft C++ ABI [-Wmismatched-tags]
  388 | struct matrix {
      | ^
praat.github.io/melder/melder_tensor.h:57:23: note: did you mean struct here?
   57 | template <typename T> class matrix;
      |                       ^~~~~
      |                       struct
praat.github.io/melder/melder_tensor.h:461:1: warning: 'constmatrix' defined as a struct template here but previously declared as a class template; this is valid, but may result in linker errors under the Microsoft C++ ABI [-Wmismatched-tags]
  461 | struct constmatrix {
      | ^
praat.github.io/melder/melder_tensor.h:58:23: note: did you mean struct here?
   58 | template <typename T> class constmatrix;
      |                       ^~~~~
      |                       struct
praat.github.io/melder/melder_tensor.h:532:1: warning: 'matrixview' defined as a struct template here but previously declared as a class template; this is valid, but may result in linker errors under the Microsoft C++ ABI [-Wmismatched-tags]
  532 | struct matrixview {
      | ^
praat.github.io/melder/melder_tensor.h:59:23: note: did you mean struct here?
   59 | template <typename T> class matrixview;
      |                       ^~~~~
      |                       struct
praat.github.io/melder/melder_tensor.h:612:1: warning: 'constmatrixview' defined as a struct template here but previously declared as a class template; this is valid, but may result in linker errors under the Microsoft C++ ABI [-Wmismatched-tags]
  612 | struct constmatrixview {
      | ^
praat.github.io/melder/melder_tensor.h:60:23: note: did you mean struct here?
   60 | template <typename T> class constmatrixview;
      |                       ^~~~~
      |                       struct
praat.github.io/melder/melder_tensor.h:683:1: warning: 'automatrix' defined as a struct template here but previously declared as a class template; this is valid, but may result in linker errors under the Microsoft C++ ABI [-Wmismatched-tags]
  683 | struct automatrix {
      | ^
praat.github.io/melder/melder_tensor.h:61:23: note: did you mean struct here?
   61 | template <typename T> class automatrix;
      |                       ^~~~~
      |                       struct
praat.github.io/melder/melder_tensor.h:703:18: warning: unused variable 'numberOfColumnsInThisRow' [-Wunused-variable]
  703 |                         const integer numberOfColumnsInThisRow = uinteger_to_integer_a (row.size());
      |                                       ^~~~~~~~~~~~~~~~~~~~~~~~
In file included from amplitudetier_wrappers.cpp:2:
./praat.github.io/sys/Thing.h:77:9: warning: struct 'structThing' was previously declared as a class; this is valid, but may result in linker errors under the Microsoft C++ ABI [-Wmismatched-tags]
   77 | typedef struct structThing *Thing;   // we need an explicit "struct" here, because this is a forward declaration
      |         ^
praat.github.io/melder/MelderArg.h:21:15: note: previous use is here
   21 | typedef class structThing *Thing;   // forward declaration
      |               ^
In file included from amplitudetier_wrappers.cpp:2:
./praat.github.io/sys/Thing.h:78:9: warning: struct 'structThing' was previously declared as a class; this is valid, but may result in linker errors under the Microsoft C++ ABI [-Wmismatched-tags]
   78 | typedef struct structThing *mutableThing;
      |         ^
praat.github.io/melder/MelderArg.h:21:15: note: previous use is here
   21 | typedef class structThing *Thing;   // forward declaration
      |               ^
In file included from amplitudetier_wrappers.cpp:2:
./praat.github.io/sys/Thing.h:79:15: warning: struct 'structThing' was previously declared as a class; this is valid, but may result in linker errors under the Microsoft C++ ABI [-Wmismatched-tags]
   79 | typedef const struct structThing *constThing;
      |               ^
praat.github.io/melder/MelderArg.h:21:15: note: previous use is here
   21 | typedef class structThing *Thing;   // forward declaration
      |               ^
In file included from amplitudetier_wrappers.cpp:2:
./praat.github.io/sys/Thing.h:82:1: warning: 'structThing' defined as a struct here but previously declared as a class; this is valid, but may result in linker errors under the Microsoft C++ ABI [-Wmismatched-tags]
   82 | struct structThing {
      | ^
praat.github.io/melder/MelderArg.h:21:9: note: did you mean struct here?
   21 | typedef class structThing *Thing;   // forward declaration
      |         ^~~~~
      |         struct
In file included from amplitudetier_wrappers.cpp:3:
In file included from ./praat.github.io/fon/AmplitudeTier.h:21:
In file included from ./praat.github.io/fon/IntensityTier.h:21:
In file included from ./praat.github.io/fon/RealTier.h:21:
In file included from ./praat.github.io/fon/AnyTier.h:22:
In file included from ./praat.github.io/fon/PointProcess.h:22:
praat.github.io/sys/Graphics.h:42:1: warning: struct 'structGraphics' was previously declared as a class; this is valid, but may result in linker errors under the Microsoft C++ ABI [-Wmismatched-tags]
   42 | Thing_define (Graphics, Thing) {
      | ^
./praat.github.io/sys/Thing.h:60:2: note: expanded from macro 'Thing_define'
   60 |         Thing_declare (klas); \
      |         ^
./praat.github.io/sys/Thing.h:52:10: note: expanded from macro 'Thing_declare'
   52 |         typedef struct struct##klas *klas; \
      |                 ^
praat.github.io/melder/melder_progress.h:143:15: note: previous use is here
  143 | typedef class structGraphics *Graphics;
      |               ^
In file included from amplitudetier_wrappers.cpp:3:
In file included from ./praat.github.io/fon/AmplitudeTier.h:21:
In file included from ./praat.github.io/fon/IntensityTier.h:21:
In file included from ./praat.github.io/fon/RealTier.h:21:
In file included from ./praat.github.io/fon/AnyTier.h:22:
In file included from ./praat.github.io/fon/PointProcess.h:22:
praat.github.io/sys/Graphics.h:42:1: warning: struct 'structGraphics' was previously declared as a class; this is valid, but may result in linker errors under the Microsoft C++ ABI [-Wmismatched-tags]
   42 | Thing_define (Graphics, Thing) {
      | ^
./praat.github.io/sys/Thing.h:60:2: note: expanded from macro 'Thing_define'
   60 |         Thing_declare (klas); \
      |         ^
./praat.github.io/sys/Thing.h:53:10: note: expanded from macro 'Thing_declare'
   53 |         typedef struct struct##klas *mutable##klas; \
      |                 ^
praat.github.io/melder/melder_progress.h:143:15: note: previous use is here
  143 | typedef class structGraphics *Graphics;
      |               ^
In file included from amplitudetier_wrappers.cpp:3:
In file included from ./praat.github.io/fon/AmplitudeTier.h:21:
In file included from ./praat.github.io/fon/IntensityTier.h:21:
In file included from ./praat.github.io/fon/RealTier.h:21:
In file included from ./praat.github.io/fon/AnyTier.h:22:
In file included from ./praat.github.io/fon/PointProcess.h:22:
praat.github.io/sys/Graphics.h:42:1: warning: struct 'structGraphics' was previously declared as a class; this is valid, but may result in linker errors under the Microsoft C++ ABI [-Wmismatched-tags]
   42 | Thing_define (Graphics, Thing) {
      | ^
./praat.github.io/sys/Thing.h:60:2: note: expanded from macro 'Thing_define'
   60 |         Thing_declare (klas); \
      |         ^
./praat.github.io/sys/Thing.h:54:16: note: expanded from macro 'Thing_declare'
   54 |         typedef const struct struct##klas *const##klas; \
      |                       ^
praat.github.io/melder/melder_progress.h:143:15: note: previous use is here
  143 | typedef class structGraphics *Graphics;
      |               ^
In file included from amplitudetier_wrappers.cpp:3:
In file included from ./praat.github.io/fon/AmplitudeTier.h:21:
In file included from ./praat.github.io/fon/IntensityTier.h:21:
In file included from ./praat.github.io/fon/RealTier.h:21:
In file included from ./praat.github.io/fon/AnyTier.h:22:
In file included from ./praat.github.io/fon/PointProcess.h:22:
praat.github.io/sys/Graphics.h:42:1: warning: 'structGraphics' defined as a struct here but previously declared as a class; this is valid, but may result in linker errors under the Microsoft C++ ABI [-Wmismatched-tags]
   42 | Thing_define (Graphics, Thing) {
      | ^
./praat.github.io/sys/Thing.h:62:2: note: expanded from macro 'Thing_define'
   62 |         struct struct##klas : public struct##syntacticParentKlas
      |         ^
praat.github.io/melder/melder_progress.h:143:9: note: did you mean struct here?
  143 | typedef class structGraphics *Graphics;
      |         ^~~~~
      |         struct
19 warnings generated.
clang++ -arch arm64 -std=gnu++17 -I"/Library/Frameworks/R.framework/Resources/include" -DNDEBUG -DHAVE_XSIMD -I. -Igsl-2.8 -Igsl-2.8/gsl -Ipraat.github.io -Ipraat.github.io/kar -Ipraat.github.io/melder -Ipraat.github.io/sys -Ipraat.github.io/dwsys -Ipraat.github.io/dwtools -Ipraat.github.io/stat -Ipraat.github.io/fon -Ipraat.github.io/foned -Ipraat.github.io/LPC -Ipraat.github.io/sensors -Ipraat.github.io/external/portaudio -Ipraat.github.io/external/flac -Ipraat.github.io/external/mp3 -Ipraat.github.io/external/espeak -Ipraat.github.io/external/gsl -Ipraat/external/gsl -Ipraat.github.io/external/glpk -Ipraat/external/glpk -Ipraat.github.io/external/num -Ipraat/external/num -Iclapack/INCLUDE -I'/Library/Frameworks/R.framework/Versions/4.4-arm64/Resources/library/Rcpp/include' -I'/Library/Frameworks/R.framework/Versions/4.4-arm64/Resources/library/RcppXsimd/include' -I/opt/R/arm64/include -I/opt/homebrew/opt/libomp/include -Xclang -fopenmp   -DPRAAT_LIB -DNO_GUI -DNO_AUDIO -DNO_GRAPHICS -DNO_NETWORK -DUNIX -pthread -ffp-contract=off -Wno-unused-parameter -Wno-sign-compare -Wno-unused-variable -Wno-deprecated-declarations -Wno-trigraphs -Wno-logical-op-parentheses -Wno-shift-op-parentheses -Wno-mismatched-tags -Wno-unused-const-variable -Wno-c++11-narrowing -march=armv8-a+simd -fPIC  -falign-functions=64 -Wall -g -O2   -c electroglottogram_wrappers.cpp -o electroglottogram_wrappers.o
In file included from electroglottogram_wrappers.cpp:2:
In file included from ./praat.github.io/sys/Thing.h:24:
In file included from praat.github.io/melder/melder.h:76:
praat.github.io/melder/melder_tensor.h:64:1: warning: 'vector' defined as a struct template here but previously declared as a class template; this is valid, but may result in linker errors under the Microsoft C++ ABI [-Wmismatched-tags]
   64 | struct vector {
      | ^
praat.github.io/melder/melder_tensor.h:52:23: note: did you mean struct here?
   52 | template <typename T> class vector;
      |                       ^~~~~
      |                       struct
praat.github.io/melder/melder_tensor.h:104:1: warning: 'constvector' defined as a struct template here but previously declared as a class template; this is valid, but may result in linker errors under the Microsoft C++ ABI [-Wmismatched-tags]
  104 | struct constvector {
      | ^
praat.github.io/melder/melder_tensor.h:53:23: note: did you mean struct here?
   53 | template <typename T> class constvector;
      |                       ^~~~~
      |                       struct
praat.github.io/melder/melder_tensor.h:137:1: warning: 'vectorview' defined as a struct template here but previously declared as a class template; this is valid, but may result in linker errors under the Microsoft C++ ABI [-Wmismatched-tags]
  137 | struct vectorview {
      | ^
praat.github.io/melder/melder_tensor.h:54:23: note: did you mean struct here?
   54 | template <typename T> class vectorview;
      |                       ^~~~~
      |                       struct
praat.github.io/melder/melder_tensor.h:167:1: warning: 'constvectorview' defined as a struct template here but previously declared as a class template; this is valid, but may result in linker errors under the Microsoft C++ ABI [-Wmismatched-tags]
  167 | struct constvectorview {
      | ^
praat.github.io/melder/melder_tensor.h:55:23: note: did you mean struct here?
   55 | template <typename T> class constvectorview;
      |                       ^~~~~
      |                       struct
praat.github.io/melder/melder_tensor.h:207:1: warning: 'autovector' defined as a struct template here but previously declared as a class template; this is valid, but may result in linker errors under the Microsoft C++ ABI [-Wmismatched-tags]
  207 | struct autovector {
      | ^
praat.github.io/melder/melder_tensor.h:56:23: note: did you mean struct here?
   56 | template <typename T> class autovector;
      |                       ^~~~~
      |                       struct
praat.github.io/melder/melder_tensor.h:388:1: warning: 'matrix' defined as a struct template here but previously declared as a class template; this is valid, but may result in linker errors under the Microsoft C++ ABI [-Wmismatched-tags]
  388 | struct matrix {
      | ^
praat.github.io/melder/melder_tensor.h:57:23: note: did you mean struct here?
   57 | template <typename T> class matrix;
      |                       ^~~~~
      |                       struct
praat.github.io/melder/melder_tensor.h:461:1: warning: 'constmatrix' defined as a struct template here but previously declared as a class template; this is valid, but may result in linker errors under the Microsoft C++ ABI [-Wmismatched-tags]
  461 | struct constmatrix {
      | ^
praat.github.io/melder/melder_tensor.h:58:23: note: did you mean struct here?
   58 | template <typename T> class constmatrix;
      |                       ^~~~~
      |                       struct
praat.github.io/melder/melder_tensor.h:532:1: warning: 'matrixview' defined as a struct template here but previously declared as a class template; this is valid, but may result in linker errors under the Microsoft C++ ABI [-Wmismatched-tags]
  532 | struct matrixview {
      | ^
praat.github.io/melder/melder_tensor.h:59:23: note: did you mean struct here?
   59 | template <typename T> class matrixview;
      |                       ^~~~~
      |                       struct
praat.github.io/melder/melder_tensor.h:612:1: warning: 'constmatrixview' defined as a struct template here but previously declared as a class template; this is valid, but may result in linker errors under the Microsoft C++ ABI [-Wmismatched-tags]
  612 | struct constmatrixview {
      | ^
praat.github.io/melder/melder_tensor.h:60:23: note: did you mean struct here?
   60 | template <typename T> class constmatrixview;
      |                       ^~~~~
      |                       struct
praat.github.io/melder/melder_tensor.h:683:1: warning: 'automatrix' defined as a struct template here but previously declared as a class template; this is valid, but may result in linker errors under the Microsoft C++ ABI [-Wmismatched-tags]
  683 | struct automatrix {
      | ^
praat.github.io/melder/melder_tensor.h:61:23: note: did you mean struct here?
   61 | template <typename T> class automatrix;
      |                       ^~~~~
      |                       struct
praat.github.io/melder/melder_tensor.h:703:18: warning: unused variable 'numberOfColumnsInThisRow' [-Wunused-variable]
  703 |                         const integer numberOfColumnsInThisRow = uinteger_to_integer_a (row.size());
      |                                       ^~~~~~~~~~~~~~~~~~~~~~~~
In file included from electroglottogram_wrappers.cpp:2:
./praat.github.io/sys/Thing.h:77:9: warning: struct 'structThing' was previously declared as a class; this is valid, but may result in linker errors under the Microsoft C++ ABI [-Wmismatched-tags]
   77 | typedef struct structThing *Thing;   // we need an explicit "struct" here, because this is a forward declaration
      |         ^
praat.github.io/melder/MelderArg.h:21:15: note: previous use is here
   21 | typedef class structThing *Thing;   // forward declaration
      |               ^
In file included from electroglottogram_wrappers.cpp:2:
./praat.github.io/sys/Thing.h:78:9: warning: struct 'structThing' was previously declared as a class; this is valid, but may result in linker errors under the Microsoft C++ ABI [-Wmismatched-tags]
   78 | typedef struct structThing *mutableThing;
      |         ^
praat.github.io/melder/MelderArg.h:21:15: note: previous use is here
   21 | typedef class structThing *Thing;   // forward declaration
      |               ^
In file included from electroglottogram_wrappers.cpp:2:
./praat.github.io/sys/Thing.h:79:15: warning: struct 'structThing' was previously declared as a class; this is valid, but may result in linker errors under the Microsoft C++ ABI [-Wmismatched-tags]
   79 | typedef const struct structThing *constThing;
      |               ^
praat.github.io/melder/MelderArg.h:21:15: note: previous use is here
   21 | typedef class structThing *Thing;   // forward declaration
      |               ^
In file included from electroglottogram_wrappers.cpp:2:
./praat.github.io/sys/Thing.h:82:1: warning: 'structThing' defined as a struct here but previously declared as a class; this is valid, but may result in linker errors under the Microsoft C++ ABI [-Wmismatched-tags]
   82 | struct structThing {
      | ^
praat.github.io/melder/MelderArg.h:21:9: note: did you mean struct here?
   21 | typedef class structThing *Thing;   // forward declaration
      |         ^~~~~
      |         struct
In file included from electroglottogram_wrappers.cpp:3:
In file included from ./praat.github.io/sensors/Electroglottogram.h:21:
In file included from praat.github.io/fon/Sound.h:23:
In file included from praat.github.io/fon/Vector.h:24:
In file included from praat.github.io/fon/Matrix.h:21:
In file included from praat.github.io/fon/SampledXY.h:21:
In file included from praat.github.io/fon/Sampled.h:23:
praat.github.io/sys/Graphics.h:42:1: warning: struct 'structGraphics' was previously declared as a class; this is valid, but may result in linker errors under the Microsoft C++ ABI [-Wmismatched-tags]
   42 | Thing_define (Graphics, Thing) {
      | ^
./praat.github.io/sys/Thing.h:60:2: note: expanded from macro 'Thing_define'
   60 |         Thing_declare (klas); \
      |         ^
./praat.github.io/sys/Thing.h:52:10: note: expanded from macro 'Thing_declare'
   52 |         typedef struct struct##klas *klas; \
      |                 ^
praat.github.io/melder/melder_progress.h:143:15: note: previous use is here
  143 | typedef class structGraphics *Graphics;
      |               ^
In file included from electroglottogram_wrappers.cpp:3:
In file included from ./praat.github.io/sensors/Electroglottogram.h:21:
In file included from praat.github.io/fon/Sound.h:23:
In file included from praat.github.io/fon/Vector.h:24:
In file included from praat.github.io/fon/Matrix.h:21:
In file included from praat.github.io/fon/SampledXY.h:21:
In file included from praat.github.io/fon/Sampled.h:23:
praat.github.io/sys/Graphics.h:42:1: warning: struct 'structGraphics' was previously declared as a class; this is valid, but may result in linker errors under the Microsoft C++ ABI [-Wmismatched-tags]
   42 | Thing_define (Graphics, Thing) {
      | ^
./praat.github.io/sys/Thing.h:60:2: note: expanded from macro 'Thing_define'
   60 |         Thing_declare (klas); \
      |         ^
./praat.github.io/sys/Thing.h:53:10: note: expanded from macro 'Thing_declare'
   53 |         typedef struct struct##klas *mutable##klas; \
      |                 ^
praat.github.io/melder/melder_progress.h:143:15: note: previous use is here
  143 | typedef class structGraphics *Graphics;
      |               ^
In file included from electroglottogram_wrappers.cpp:3:
In file included from ./praat.github.io/sensors/Electroglottogram.h:21:
In file included from praat.github.io/fon/Sound.h:23:
In file included from praat.github.io/fon/Vector.h:24:
In file included from praat.github.io/fon/Matrix.h:21:
In file included from praat.github.io/fon/SampledXY.h:21:
In file included from praat.github.io/fon/Sampled.h:23:
praat.github.io/sys/Graphics.h:42:1: warning: struct 'structGraphics' was previously declared as a class; this is valid, but may result in linker errors under the Microsoft C++ ABI [-Wmismatched-tags]
   42 | Thing_define (Graphics, Thing) {
      | ^
./praat.github.io/sys/Thing.h:60:2: note: expanded from macro 'Thing_define'
   60 |         Thing_declare (klas); \
      |         ^
./praat.github.io/sys/Thing.h:54:16: note: expanded from macro 'Thing_declare'
   54 |         typedef const struct struct##klas *const##klas; \
      |                       ^
praat.github.io/melder/melder_progress.h:143:15: note: previous use is here
  143 | typedef class structGraphics *Graphics;
      |               ^
In file included from electroglottogram_wrappers.cpp:3:
In file included from ./praat.github.io/sensors/Electroglottogram.h:21:
In file included from praat.github.io/fon/Sound.h:23:
In file included from praat.github.io/fon/Vector.h:24:
In file included from praat.github.io/fon/Matrix.h:21:
In file included from praat.github.io/fon/SampledXY.h:21:
In file included from praat.github.io/fon/Sampled.h:23:
praat.github.io/sys/Graphics.h:42:1: warning: 'structGraphics' defined as a struct here but previously declared as a class; this is valid, but may result in linker errors under the Microsoft C++ ABI [-Wmismatched-tags]
   42 | Thing_define (Graphics, Thing) {
      | ^
./praat.github.io/sys/Thing.h:62:2: note: expanded from macro 'Thing_define'
   62 |         struct struct##klas : public struct##syntacticParentKlas
      |         ^
praat.github.io/melder/melder_progress.h:143:9: note: did you mean struct here?
  143 | typedef class structGraphics *Graphics;
      |         ^~~~~
      |         struct
19 warnings generated.
clang++ -arch arm64 -std=gnu++17 -I"/Library/Frameworks/R.framework/Resources/include" -DNDEBUG -DHAVE_XSIMD -I. -Igsl-2.8 -Igsl-2.8/gsl -Ipraat.github.io -Ipraat.github.io/kar -Ipraat.github.io/melder -Ipraat.github.io/sys -Ipraat.github.io/dwsys -Ipraat.github.io/dwtools -Ipraat.github.io/stat -Ipraat.github.io/fon -Ipraat.github.io/foned -Ipraat.github.io/LPC -Ipraat.github.io/sensors -Ipraat.github.io/external/portaudio -Ipraat.github.io/external/flac -Ipraat.github.io/external/mp3 -Ipraat.github.io/external/espeak -Ipraat.github.io/external/gsl -Ipraat/external/gsl -Ipraat.github.io/external/glpk -Ipraat/external/glpk -Ipraat.github.io/external/num -Ipraat/external/num -Iclapack/INCLUDE -I'/Library/Frameworks/R.framework/Versions/4.4-arm64/Resources/library/Rcpp/include' -I'/Library/Frameworks/R.framework/Versions/4.4-arm64/Resources/library/RcppXsimd/include' -I/opt/R/arm64/include -I/opt/homebrew/opt/libomp/include -Xclang -fopenmp   -DPRAAT_LIB -DNO_GUI -DNO_AUDIO -DNO_GRAPHICS -DNO_NETWORK -DUNIX -pthread -ffp-contract=off -Wno-unused-parameter -Wno-sign-compare -Wno-unused-variable -Wno-deprecated-declarations -Wno-trigraphs -Wno-logical-op-parentheses -Wno-shift-op-parentheses -Wno-mismatched-tags -Wno-unused-const-variable -Wno-c++11-narrowing -march=armv8-a+simd -fPIC  -falign-functions=64 -Wall -g -O2   -c powercepstrum_wrappers.cpp -o powercepstrum_wrappers.o
In file included from powercepstrum_wrappers.cpp:7:
In file included from ./praat_xptr_utils.h:10:
In file included from praat.github.io/sys/Thing.h:24:
In file included from praat.github.io/melder/melder.h:76:
praat.github.io/melder/melder_tensor.h:64:1: warning: 'vector' defined as a struct template here but previously declared as a class template; this is valid, but may result in linker errors under the Microsoft C++ ABI [-Wmismatched-tags]
   64 | struct vector {
      | ^
praat.github.io/melder/melder_tensor.h:52:23: note: did you mean struct here?
   52 | template <typename T> class vector;
      |                       ^~~~~
      |                       struct
praat.github.io/melder/melder_tensor.h:104:1: warning: 'constvector' defined as a struct template here but previously declared as a class template; this is valid, but may result in linker errors under the Microsoft C++ ABI [-Wmismatched-tags]
  104 | struct constvector {
      | ^
praat.github.io/melder/melder_tensor.h:53:23: note: did you mean struct here?
   53 | template <typename T> class constvector;
      |                       ^~~~~
      |                       struct
praat.github.io/melder/melder_tensor.h:137:1: warning: 'vectorview' defined as a struct template here but previously declared as a class template; this is valid, but may result in linker errors under the Microsoft C++ ABI [-Wmismatched-tags]
  137 | struct vectorview {
      | ^
praat.github.io/melder/melder_tensor.h:54:23: note: did you mean struct here?
   54 | template <typename T> class vectorview;
      |                       ^~~~~
      |                       struct
praat.github.io/melder/melder_tensor.h:167:1: warning: 'constvectorview' defined as a struct template here but previously declared as a class template; this is valid, but may result in linker errors under the Microsoft C++ ABI [-Wmismatched-tags]
  167 | struct constvectorview {
      | ^
praat.github.io/melder/melder_tensor.h:55:23: note: did you mean struct here?
   55 | template <typename T> class constvectorview;
      |                       ^~~~~
      |                       struct
praat.github.io/melder/melder_tensor.h:207:1: warning: 'autovector' defined as a struct template here but previously declared as a class template; this is valid, but may result in linker errors under the Microsoft C++ ABI [-Wmismatched-tags]
  207 | struct autovector {
      | ^
praat.github.io/melder/melder_tensor.h:56:23: note: did you mean struct here?
   56 | template <typename T> class autovector;
      |                       ^~~~~
      |                       struct
praat.github.io/melder/melder_tensor.h:388:1: warning: 'matrix' defined as a struct template here but previously declared as a class template; this is valid, but may result in linker errors under the Microsoft C++ ABI [-Wmismatched-tags]
  388 | struct matrix {
      | ^
praat.github.io/melder/melder_tensor.h:57:23: note: did you mean struct here?
   57 | template <typename T> class matrix;
      |                       ^~~~~
      |                       struct
praat.github.io/melder/melder_tensor.h:461:1: warning: 'constmatrix' defined as a struct template here but previously declared as a class template; this is valid, but may result in linker errors under the Microsoft C++ ABI [-Wmismatched-tags]
  461 | struct constmatrix {
      | ^
praat.github.io/melder/melder_tensor.h:58:23: note: did you mean struct here?
   58 | template <typename T> class constmatrix;
      |                       ^~~~~
      |                       struct
praat.github.io/melder/melder_tensor.h:532:1: warning: 'matrixview' defined as a struct template here but previously declared as a class template; this is valid, but may result in linker errors under the Microsoft C++ ABI [-Wmismatched-tags]
  532 | struct matrixview {
      | ^
praat.github.io/melder/melder_tensor.h:59:23: note: did you mean struct here?
   59 | template <typename T> class matrixview;
      |                       ^~~~~
      |                       struct
praat.github.io/melder/melder_tensor.h:612:1: warning: 'constmatrixview' defined as a struct template here but previously declared as a class template; this is valid, but may result in linker errors under the Microsoft C++ ABI [-Wmismatched-tags]
  612 | struct constmatrixview {
      | ^
praat.github.io/melder/melder_tensor.h:60:23: note: did you mean struct here?
   60 | template <typename T> class constmatrixview;
      |                       ^~~~~
      |                       struct
praat.github.io/melder/melder_tensor.h:683:1: warning: 'automatrix' defined as a struct template here but previously declared as a class template; this is valid, but may result in linker errors under the Microsoft C++ ABI [-Wmismatched-tags]
  683 | struct automatrix {
      | ^
praat.github.io/melder/melder_tensor.h:61:23: note: did you mean struct here?
   61 | template <typename T> class automatrix;
      |                       ^~~~~
      |                       struct
praat.github.io/melder/melder_tensor.h:703:18: warning: unused variable 'numberOfColumnsInThisRow' [-Wunused-variable]
  703 |                         const integer numberOfColumnsInThisRow = uinteger_to_integer_a (row.size());
      |                                       ^~~~~~~~~~~~~~~~~~~~~~~~
In file included from powercepstrum_wrappers.cpp:7:
In file included from ./praat_xptr_utils.h:10:
praat.github.io/sys/Thing.h:77:9: warning: struct 'structThing' was previously declared as a class; this is valid, but may result in linker errors under the Microsoft C++ ABI [-Wmismatched-tags]
   77 | typedef struct structThing *Thing;   // we need an explicit "struct" here, because this is a forward declaration
      |         ^
praat.github.io/melder/MelderArg.h:21:15: note: previous use is here
   21 | typedef class structThing *Thing;   // forward declaration
      |               ^
In file included from powercepstrum_wrappers.cpp:7:
In file included from ./praat_xptr_utils.h:10:
praat.github.io/sys/Thing.h:78:9: warning: struct 'structThing' was previously declared as a class; this is valid, but may result in linker errors under the Microsoft C++ ABI [-Wmismatched-tags]
   78 | typedef struct structThing *mutableThing;
      |         ^
praat.github.io/melder/MelderArg.h:21:15: note: previous use is here
   21 | typedef class structThing *Thing;   // forward declaration
      |               ^
In file included from powercepstrum_wrappers.cpp:7:
In file included from ./praat_xptr_utils.h:10:
praat.github.io/sys/Thing.h:79:15: warning: struct 'structThing' was previously declared as a class; this is valid, but may result in linker errors under the Microsoft C++ ABI [-Wmismatched-tags]
   79 | typedef const struct structThing *constThing;
      |               ^
praat.github.io/melder/MelderArg.h:21:15: note: previous use is here
   21 | typedef class structThing *Thing;   // forward declaration
      |               ^
In file included from powercepstrum_wrappers.cpp:7:
In file included from ./praat_xptr_utils.h:10:
praat.github.io/sys/Thing.h:82:1: warning: 'structThing' defined as a struct here but previously declared as a class; this is valid, but may result in linker errors under the Microsoft C++ ABI [-Wmismatched-tags]
   82 | struct structThing {
      | ^
praat.github.io/melder/MelderArg.h:21:9: note: did you mean struct here?
   21 | typedef class structThing *Thing;   // forward declaration
      |         ^~~~~
      |         struct
In file included from powercepstrum_wrappers.cpp:11:
In file included from praat.github.io/LPC/PowerCepstrum.h:21:
In file included from praat.github.io/LPC/Cepstrum.h:32:
In file included from praat.github.io/fon/Matrix.h:21:
In file included from praat.github.io/fon/SampledXY.h:21:
In file included from praat.github.io/fon/Sampled.h:23:
praat.github.io/sys/Graphics.h:42:1: warning: struct 'structGraphics' was previously declared as a class; this is valid, but may result in linker errors under the Microsoft C++ ABI [-Wmismatched-tags]
   42 | Thing_define (Graphics, Thing) {
      | ^
praat.github.io/sys/Thing.h:60:2: note: expanded from macro 'Thing_define'
   60 |         Thing_declare (klas); \
      |         ^
praat.github.io/sys/Thing.h:52:10: note: expanded from macro 'Thing_declare'
   52 |         typedef struct struct##klas *klas; \
      |                 ^
praat.github.io/melder/melder_progress.h:143:15: note: previous use is here
  143 | typedef class structGraphics *Graphics;
      |               ^
In file included from powercepstrum_wrappers.cpp:11:
In file included from praat.github.io/LPC/PowerCepstrum.h:21:
In file included from praat.github.io/LPC/Cepstrum.h:32:
In file included from praat.github.io/fon/Matrix.h:21:
In file included from praat.github.io/fon/SampledXY.h:21:
In file included from praat.github.io/fon/Sampled.h:23:
praat.github.io/sys/Graphics.h:42:1: warning: struct 'structGraphics' was previously declared as a class; this is valid, but may result in linker errors under the Microsoft C++ ABI [-Wmismatched-tags]
   42 | Thing_define (Graphics, Thing) {
      | ^
praat.github.io/sys/Thing.h:60:2: note: expanded from macro 'Thing_define'
   60 |         Thing_declare (klas); \
      |         ^
praat.github.io/sys/Thing.h:53:10: note: expanded from macro 'Thing_declare'
   53 |         typedef struct struct##klas *mutable##klas; \
      |                 ^
praat.github.io/melder/melder_progress.h:143:15: note: previous use is here
  143 | typedef class structGraphics *Graphics;
      |               ^
In file included from powercepstrum_wrappers.cpp:11:
In file included from praat.github.io/LPC/PowerCepstrum.h:21:
In file included from praat.github.io/LPC/Cepstrum.h:32:
In file included from praat.github.io/fon/Matrix.h:21:
In file included from praat.github.io/fon/SampledXY.h:21:
In file included from praat.github.io/fon/Sampled.h:23:
praat.github.io/sys/Graphics.h:42:1: warning: struct 'structGraphics' was previously declared as a class; this is valid, but may result in linker errors under the Microsoft C++ ABI [-Wmismatched-tags]
   42 | Thing_define (Graphics, Thing) {
      | ^
praat.github.io/sys/Thing.h:60:2: note: expanded from macro 'Thing_define'
   60 |         Thing_declare (klas); \
      |         ^
praat.github.io/sys/Thing.h:54:16: note: expanded from macro 'Thing_declare'
   54 |         typedef const struct struct##klas *const##klas; \
      |                       ^
praat.github.io/melder/melder_progress.h:143:15: note: previous use is here
  143 | typedef class structGraphics *Graphics;
      |               ^
In file included from powercepstrum_wrappers.cpp:11:
In file included from praat.github.io/LPC/PowerCepstrum.h:21:
In file included from praat.github.io/LPC/Cepstrum.h:32:
In file included from praat.github.io/fon/Matrix.h:21:
In file included from praat.github.io/fon/SampledXY.h:21:
In file included from praat.github.io/fon/Sampled.h:23:
praat.github.io/sys/Graphics.h:42:1: warning: 'structGraphics' defined as a struct here but previously declared as a class; this is valid, but may result in linker errors under the Microsoft C++ ABI [-Wmismatched-tags]
   42 | Thing_define (Graphics, Thing) {
      | ^
praat.github.io/sys/Thing.h:62:2: note: expanded from macro 'Thing_define'
   62 |         struct struct##klas : public struct##syntacticParentKlas
      |         ^
praat.github.io/melder/melder_progress.h:143:9: note: did you mean struct here?
  143 | typedef class structGraphics *Graphics;
      |         ^~~~~
      |         struct
19 warnings generated.
clang++ -arch arm64 -std=gnu++17 -I"/Library/Frameworks/R.framework/Resources/include" -DNDEBUG -DHAVE_XSIMD -I. -Igsl-2.8 -Igsl-2.8/gsl -Ipraat.github.io -Ipraat.github.io/kar -Ipraat.github.io/melder -Ipraat.github.io/sys -Ipraat.github.io/dwsys -Ipraat.github.io/dwtools -Ipraat.github.io/stat -Ipraat.github.io/fon -Ipraat.github.io/foned -Ipraat.github.io/LPC -Ipraat.github.io/sensors -Ipraat.github.io/external/portaudio -Ipraat.github.io/external/flac -Ipraat.github.io/external/mp3 -Ipraat.github.io/external/espeak -Ipraat.github.io/external/gsl -Ipraat/external/gsl -Ipraat.github.io/external/glpk -Ipraat/external/glpk -Ipraat.github.io/external/num -Ipraat/external/num -Iclapack/INCLUDE -I'/Library/Frameworks/R.framework/Versions/4.4-arm64/Resources/library/Rcpp/include' -I'/Library/Frameworks/R.framework/Versions/4.4-arm64/Resources/library/RcppXsimd/include' -I/opt/R/arm64/include -I/opt/homebrew/opt/libomp/include -Xclang -fopenmp   -DPRAAT_LIB -DNO_GUI -DNO_AUDIO -DNO_GRAPHICS -DNO_NETWORK -DUNIX -pthread -ffp-contract=off -Wno-unused-parameter -Wno-sign-compare -Wno-unused-variable -Wno-deprecated-declarations -Wno-trigraphs -Wno-logical-op-parentheses -Wno-shift-op-parentheses -Wno-mismatched-tags -Wno-unused-const-variable -Wno-c++11-narrowing -march=armv8-a+simd -fPIC  -falign-functions=64 -Wall -g -O2   -c cochleagram_wrappers.cpp -o cochleagram_wrappers.o
In file included from cochleagram_wrappers.cpp:5:
In file included from ./praat.github.io/fon/Cochleagram.h:21:
In file included from ./praat.github.io/fon/Matrix.h:21:
In file included from ./praat.github.io/fon/SampledXY.h:21:
In file included from ./praat.github.io/fon/Sampled.h:22:
In file included from ./praat.github.io/fon/Function.h:21:
In file included from praat.github.io/sys/Collection.h:25:
In file included from praat.github.io/sys/Simple.h:21:
In file included from praat.github.io/sys/Data.h:23:
In file included from praat.github.io/sys/Thing.h:24:
In file included from praat.github.io/melder/melder.h:76:
praat.github.io/melder/melder_tensor.h:64:1: warning: 'vector' defined as a struct template here but previously declared as a class template; this is valid, but may result in linker errors under the Microsoft C++ ABI [-Wmismatched-tags]
   64 | struct vector {
      | ^
praat.github.io/melder/melder_tensor.h:52:23: note: did you mean struct here?
   52 | template <typename T> class vector;
      |                       ^~~~~
      |                       struct
praat.github.io/melder/melder_tensor.h:104:1: warning: 'constvector' defined as a struct template here but previously declared as a class template; this is valid, but may result in linker errors under the Microsoft C++ ABI [-Wmismatched-tags]
  104 | struct constvector {
      | ^
praat.github.io/melder/melder_tensor.h:53:23: note: did you mean struct here?
   53 | template <typename T> class constvector;
      |                       ^~~~~
      |                       struct
praat.github.io/melder/melder_tensor.h:137:1: warning: 'vectorview' defined as a struct template here but previously declared as a class template; this is valid, but may result in linker errors under the Microsoft C++ ABI [-Wmismatched-tags]
  137 | struct vectorview {
      | ^
praat.github.io/melder/melder_tensor.h:54:23: note: did you mean struct here?
   54 | template <typename T> class vectorview;
      |                       ^~~~~
      |                       struct
praat.github.io/melder/melder_tensor.h:167:1: warning: 'constvectorview' defined as a struct template here but previously declared as a class template; this is valid, but may result in linker errors under the Microsoft C++ ABI [-Wmismatched-tags]
  167 | struct constvectorview {
      | ^
praat.github.io/melder/melder_tensor.h:55:23: note: did you mean struct here?
   55 | template <typename T> class constvectorview;
      |                       ^~~~~
      |                       struct
praat.github.io/melder/melder_tensor.h:207:1: warning: 'autovector' defined as a struct template here but previously declared as a class template; this is valid, but may result in linker errors under the Microsoft C++ ABI [-Wmismatched-tags]
  207 | struct autovector {
      | ^
praat.github.io/melder/melder_tensor.h:56:23: note: did you mean struct here?
   56 | template <typename T> class autovector;
      |                       ^~~~~
      |                       struct
praat.github.io/melder/melder_tensor.h:388:1: warning: 'matrix' defined as a struct template here but previously declared as a class template; this is valid, but may result in linker errors under the Microsoft C++ ABI [-Wmismatched-tags]
  388 | struct matrix {
      | ^
praat.github.io/melder/melder_tensor.h:57:23: note: did you mean struct here?
   57 | template <typename T> class matrix;
      |                       ^~~~~
      |                       struct
praat.github.io/melder/melder_tensor.h:461:1: warning: 'constmatrix' defined as a struct template here but previously declared as a class template; this is valid, but may result in linker errors under the Microsoft C++ ABI [-Wmismatched-tags]
  461 | struct constmatrix {
      | ^
praat.github.io/melder/melder_tensor.h:58:23: note: did you mean struct here?
   58 | template <typename T> class constmatrix;
      |                       ^~~~~
      |                       struct
praat.github.io/melder/melder_tensor.h:532:1: warning: 'matrixview' defined as a struct template here but previously declared as a class template; this is valid, but may result in linker errors under the Microsoft C++ ABI [-Wmismatched-tags]
  532 | struct matrixview {
      | ^
praat.github.io/melder/melder_tensor.h:59:23: note: did you mean struct here?
   59 | template <typename T> class matrixview;
      |                       ^~~~~
      |                       struct
praat.github.io/melder/melder_tensor.h:612:1: warning: 'constmatrixview' defined as a struct template here but previously declared as a class template; this is valid, but may result in linker errors under the Microsoft C++ ABI [-Wmismatched-tags]
  612 | struct constmatrixview {
      | ^
praat.github.io/melder/melder_tensor.h:60:23: note: did you mean struct here?
   60 | template <typename T> class constmatrixview;
      |                       ^~~~~
      |                       struct
praat.github.io/melder/melder_tensor.h:683:1: warning: 'automatrix' defined as a struct template here but previously declared as a class template; this is valid, but may result in linker errors under the Microsoft C++ ABI [-Wmismatched-tags]
  683 | struct automatrix {
      | ^
praat.github.io/melder/melder_tensor.h:61:23: note: did you mean struct here?
   61 | template <typename T> class automatrix;
      |                       ^~~~~
      |                       struct
praat.github.io/melder/melder_tensor.h:703:18: warning: unused variable 'numberOfColumnsInThisRow' [-Wunused-variable]
  703 |                         const integer numberOfColumnsInThisRow = uinteger_to_integer_a (row.size());
      |                                       ^~~~~~~~~~~~~~~~~~~~~~~~
In file included from cochleagram_wrappers.cpp:5:
In file included from ./praat.github.io/fon/Cochleagram.h:21:
In file included from ./praat.github.io/fon/Matrix.h:21:
In file included from ./praat.github.io/fon/SampledXY.h:21:
In file included from ./praat.github.io/fon/Sampled.h:22:
In file included from ./praat.github.io/fon/Function.h:21:
In file included from praat.github.io/sys/Collection.h:25:
In file included from praat.github.io/sys/Simple.h:21:
In file included from praat.github.io/sys/Data.h:23:
praat.github.io/sys/Thing.h:77:9: warning: struct 'structThing' was previously declared as a class; this is valid, but may result in linker errors under the Microsoft C++ ABI [-Wmismatched-tags]
   77 | typedef struct structThing *Thing;   // we need an explicit "struct" here, because this is a forward declaration
      |         ^
praat.github.io/melder/MelderArg.h:21:15: note: previous use is here
   21 | typedef class structThing *Thing;   // forward declaration
      |               ^
In file included from cochleagram_wrappers.cpp:5:
In file included from ./praat.github.io/fon/Cochleagram.h:21:
In file included from ./praat.github.io/fon/Matrix.h:21:
In file included from ./praat.github.io/fon/SampledXY.h:21:
In file included from ./praat.github.io/fon/Sampled.h:22:
In file included from ./praat.github.io/fon/Function.h:21:
In file included from praat.github.io/sys/Collection.h:25:
In file included from praat.github.io/sys/Simple.h:21:
In file included from praat.github.io/sys/Data.h:23:
praat.github.io/sys/Thing.h:78:9: warning: struct 'structThing' was previously declared as a class; this is valid, but may result in linker errors under the Microsoft C++ ABI [-Wmismatched-tags]
   78 | typedef struct structThing *mutableThing;
      |         ^
praat.github.io/melder/MelderArg.h:21:15: note: previous use is here
   21 | typedef class structThing *Thing;   // forward declaration
      |               ^
In file included from cochleagram_wrappers.cpp:5:
In file included from ./praat.github.io/fon/Cochleagram.h:21:
In file included from ./praat.github.io/fon/Matrix.h:21:
In file included from ./praat.github.io/fon/SampledXY.h:21:
In file included from ./praat.github.io/fon/Sampled.h:22:
In file included from ./praat.github.io/fon/Function.h:21:
In file included from praat.github.io/sys/Collection.h:25:
In file included from praat.github.io/sys/Simple.h:21:
In file included from praat.github.io/sys/Data.h:23:
praat.github.io/sys/Thing.h:79:15: warning: struct 'structThing' was previously declared as a class; this is valid, but may result in linker errors under the Microsoft C++ ABI [-Wmismatched-tags]
   79 | typedef const struct structThing *constThing;
      |               ^
praat.github.io/melder/MelderArg.h:21:15: note: previous use is here
   21 | typedef class structThing *Thing;   // forward declaration
      |               ^
In file included from cochleagram_wrappers.cpp:5:
In file included from ./praat.github.io/fon/Cochleagram.h:21:
In file included from ./praat.github.io/fon/Matrix.h:21:
In file included from ./praat.github.io/fon/SampledXY.h:21:
In file included from ./praat.github.io/fon/Sampled.h:22:
In file included from ./praat.github.io/fon/Function.h:21:
In file included from praat.github.io/sys/Collection.h:25:
In file included from praat.github.io/sys/Simple.h:21:
In file included from praat.github.io/sys/Data.h:23:
praat.github.io/sys/Thing.h:82:1: warning: 'structThing' defined as a struct here but previously declared as a class; this is valid, but may result in linker errors under the Microsoft C++ ABI [-Wmismatched-tags]
   82 | struct structThing {
      | ^
praat.github.io/melder/MelderArg.h:21:9: note: did you mean struct here?
   21 | typedef class structThing *Thing;   // forward declaration
      |         ^~~~~
      |         struct
In file included from cochleagram_wrappers.cpp:5:
In file included from ./praat.github.io/fon/Cochleagram.h:21:
In file included from ./praat.github.io/fon/Matrix.h:21:
In file included from ./praat.github.io/fon/SampledXY.h:21:
In file included from ./praat.github.io/fon/Sampled.h:23:
praat.github.io/sys/Graphics.h:42:1: warning: struct 'structGraphics' was previously declared as a class; this is valid, but may result in linker errors under the Microsoft C++ ABI [-Wmismatched-tags]
   42 | Thing_define (Graphics, Thing) {
      | ^
praat.github.io/sys/Thing.h:60:2: note: expanded from macro 'Thing_define'
   60 |         Thing_declare (klas); \
      |         ^
praat.github.io/sys/Thing.h:52:10: note: expanded from macro 'Thing_declare'
   52 |         typedef struct struct##klas *klas; \
      |                 ^
praat.github.io/melder/melder_progress.h:143:15: note: previous use is here
  143 | typedef class structGraphics *Graphics;
      |               ^
In file included from cochleagram_wrappers.cpp:5:
In file included from ./praat.github.io/fon/Cochleagram.h:21:
In file included from ./praat.github.io/fon/Matrix.h:21:
In file included from ./praat.github.io/fon/SampledXY.h:21:
In file included from ./praat.github.io/fon/Sampled.h:23:
praat.github.io/sys/Graphics.h:42:1: warning: struct 'structGraphics' was previously declared as a class; this is valid, but may result in linker errors under the Microsoft C++ ABI [-Wmismatched-tags]
   42 | Thing_define (Graphics, Thing) {
      | ^
praat.github.io/sys/Thing.h:60:2: note: expanded from macro 'Thing_define'
   60 |         Thing_declare (klas); \
      |         ^
praat.github.io/sys/Thing.h:53:10: note: expanded from macro 'Thing_declare'
   53 |         typedef struct struct##klas *mutable##klas; \
      |                 ^
praat.github.io/melder/melder_progress.h:143:15: note: previous use is here
  143 | typedef class structGraphics *Graphics;
      |               ^
In file included from cochleagram_wrappers.cpp:5:
In file included from ./praat.github.io/fon/Cochleagram.h:21:
In file included from ./praat.github.io/fon/Matrix.h:21:
In file included from ./praat.github.io/fon/SampledXY.h:21:
In file included from ./praat.github.io/fon/Sampled.h:23:
praat.github.io/sys/Graphics.h:42:1: warning: struct 'structGraphics' was previously declared as a class; this is valid, but may result in linker errors under the Microsoft C++ ABI [-Wmismatched-tags]
   42 | Thing_define (Graphics, Thing) {
      | ^
praat.github.io/sys/Thing.h:60:2: note: expanded from macro 'Thing_define'
   60 |         Thing_declare (klas); \
      |         ^
praat.github.io/sys/Thing.h:54:16: note: expanded from macro 'Thing_declare'
   54 |         typedef const struct struct##klas *const##klas; \
      |                       ^
praat.github.io/melder/melder_progress.h:143:15: note: previous use is here
  143 | typedef class structGraphics *Graphics;
      |               ^
In file included from cochleagram_wrappers.cpp:5:
In file included from ./praat.github.io/fon/Cochleagram.h:21:
In file included from ./praat.github.io/fon/Matrix.h:21:
In file included from ./praat.github.io/fon/SampledXY.h:21:
In file included from ./praat.github.io/fon/Sampled.h:23:
praat.github.io/sys/Graphics.h:42:1: warning: 'structGraphics' defined as a struct here but previously declared as a class; this is valid, but may result in linker errors under the Microsoft C++ ABI [-Wmismatched-tags]
   42 | Thing_define (Graphics, Thing) {
      | ^
praat.github.io/sys/Thing.h:62:2: note: expanded from macro 'Thing_define'
   62 |         struct struct##klas : public struct##syntacticParentKlas
      |         ^
praat.github.io/melder/melder_progress.h:143:9: note: did you mean struct here?
  143 | typedef class structGraphics *Graphics;
      |         ^~~~~
      |         struct
19 warnings generated.
clang++ -arch arm64 -std=gnu++17 -I"/Library/Frameworks/R.framework/Resources/include" -DNDEBUG -DHAVE_XSIMD -I. -Igsl-2.8 -Igsl-2.8/gsl -Ipraat.github.io -Ipraat.github.io/kar -Ipraat.github.io/melder -Ipraat.github.io/sys -Ipraat.github.io/dwsys -Ipraat.github.io/dwtools -Ipraat.github.io/stat -Ipraat.github.io/fon -Ipraat.github.io/foned -Ipraat.github.io/LPC -Ipraat.github.io/sensors -Ipraat.github.io/external/portaudio -Ipraat.github.io/external/flac -Ipraat.github.io/external/mp3 -Ipraat.github.io/external/espeak -Ipraat.github.io/external/gsl -Ipraat/external/gsl -Ipraat.github.io/external/glpk -Ipraat/external/glpk -Ipraat.github.io/external/num -Ipraat/external/num -Iclapack/INCLUDE -I'/Library/Frameworks/R.framework/Versions/4.4-arm64/Resources/library/Rcpp/include' -I'/Library/Frameworks/R.framework/Versions/4.4-arm64/Resources/library/RcppXsimd/include' -I/opt/R/arm64/include -I/opt/homebrew/opt/libomp/include -Xclang -fopenmp   -DPRAAT_LIB -DNO_GUI -DNO_AUDIO -DNO_GRAPHICS -DNO_NETWORK -DUNIX -pthread -ffp-contract=off -Wno-unused-parameter -Wno-sign-compare -Wno-unused-variable -Wno-deprecated-declarations -Wno-trigraphs -Wno-logical-op-parentheses -Wno-shift-op-parentheses -Wno-mismatched-tags -Wno-unused-const-variable -Wno-c++11-narrowing -march=armv8-a+simd -fPIC  -falign-functions=64 -Wall -g -O2   -c excitation_wrappers.cpp -o excitation_wrappers.o
In file included from excitation_wrappers.cpp:5:
In file included from ./praat.github.io/fon/Excitation.h:21:
In file included from ./praat.github.io/fon/Vector.h:24:
In file included from ./praat.github.io/fon/Matrix.h:21:
In file included from ./praat.github.io/fon/SampledXY.h:21:
In file included from ./praat.github.io/fon/Sampled.h:22:
In file included from ./praat.github.io/fon/Function.h:21:
In file included from praat.github.io/sys/Collection.h:25:
In file included from praat.github.io/sys/Simple.h:21:
In file included from praat.github.io/sys/Data.h:23:
In file included from praat.github.io/sys/Thing.h:24:
In file included from praat.github.io/melder/melder.h:76:
praat.github.io/melder/melder_tensor.h:64:1: warning: 'vector' defined as a struct template here but previously declared as a class template; this is valid, but may result in linker errors under the Microsoft C++ ABI [-Wmismatched-tags]
   64 | struct vector {
      | ^
praat.github.io/melder/melder_tensor.h:52:23: note: did you mean struct here?
   52 | template <typename T> class vector;
      |                       ^~~~~
      |                       struct
praat.github.io/melder/melder_tensor.h:104:1: warning: 'constvector' defined as a struct template here but previously declared as a class template; this is valid, but may result in linker errors under the Microsoft C++ ABI [-Wmismatched-tags]
  104 | struct constvector {
      | ^
praat.github.io/melder/melder_tensor.h:53:23: note: did you mean struct here?
   53 | template <typename T> class constvector;
      |                       ^~~~~
      |                       struct
praat.github.io/melder/melder_tensor.h:137:1: warning: 'vectorview' defined as a struct template here but previously declared as a class template; this is valid, but may result in linker errors under the Microsoft C++ ABI [-Wmismatched-tags]
  137 | struct vectorview {
      | ^
praat.github.io/melder/melder_tensor.h:54:23: note: did you mean struct here?
   54 | template <typename T> class vectorview;
      |                       ^~~~~
      |                       struct
praat.github.io/melder/melder_tensor.h:167:1: warning: 'constvectorview' defined as a struct template here but previously declared as a class template; this is valid, but may result in linker errors under the Microsoft C++ ABI [-Wmismatched-tags]
  167 | struct constvectorview {
      | ^
praat.github.io/melder/melder_tensor.h:55:23: note: did you mean struct here?
   55 | template <typename T> class constvectorview;
      |                       ^~~~~
      |                       struct
praat.github.io/melder/melder_tensor.h:207:1: warning: 'autovector' defined as a struct template here but previously declared as a class template; this is valid, but may result in linker errors under the Microsoft C++ ABI [-Wmismatched-tags]
  207 | struct autovector {
      | ^
praat.github.io/melder/melder_tensor.h:56:23: note: did you mean struct here?
   56 | template <typename T> class autovector;
      |                       ^~~~~
      |                       struct
praat.github.io/melder/melder_tensor.h:388:1: warning: 'matrix' defined as a struct template here but previously declared as a class template; this is valid, but may result in linker errors under the Microsoft C++ ABI [-Wmismatched-tags]
  388 | struct matrix {
      | ^
praat.github.io/melder/melder_tensor.h:57:23: note: did you mean struct here?
   57 | template <typename T> class matrix;
      |                       ^~~~~
      |                       struct
praat.github.io/melder/melder_tensor.h:461:1: warning: 'constmatrix' defined as a struct template here but previously declared as a class template; this is valid, but may result in linker errors under the Microsoft C++ ABI [-Wmismatched-tags]
  461 | struct constmatrix {
      | ^
praat.github.io/melder/melder_tensor.h:58:23: note: did you mean struct here?
   58 | template <typename T> class constmatrix;
      |                       ^~~~~
      |                       struct
praat.github.io/melder/melder_tensor.h:532:1: warning: 'matrixview' defined as a struct template here but previously declared as a class template; this is valid, but may result in linker errors under the Microsoft C++ ABI [-Wmismatched-tags]
  532 | struct matrixview {
      | ^
praat.github.io/melder/melder_tensor.h:59:23: note: did you mean struct here?
   59 | template <typename T> class matrixview;
      |                       ^~~~~
      |                       struct
praat.github.io/melder/melder_tensor.h:612:1: warning: 'constmatrixview' defined as a struct template here but previously declared as a class template; this is valid, but may result in linker errors under the Microsoft C++ ABI [-Wmismatched-tags]
  612 | struct constmatrixview {
      | ^
praat.github.io/melder/melder_tensor.h:60:23: note: did you mean struct here?
   60 | template <typename T> class constmatrixview;
      |                       ^~~~~
      |                       struct
praat.github.io/melder/melder_tensor.h:683:1: warning: 'automatrix' defined as a struct template here but previously declared as a class template; this is valid, but may result in linker errors under the Microsoft C++ ABI [-Wmismatched-tags]
  683 | struct automatrix {
      | ^
praat.github.io/melder/melder_tensor.h:61:23: note: did you mean struct here?
   61 | template <typename T> class automatrix;
      |                       ^~~~~
      |                       struct
praat.github.io/melder/melder_tensor.h:703:18: warning: unused variable 'numberOfColumnsInThisRow' [-Wunused-variable]
  703 |                         const integer numberOfColumnsInThisRow = uinteger_to_integer_a (row.size());
      |                                       ^~~~~~~~~~~~~~~~~~~~~~~~
In file included from excitation_wrappers.cpp:5:
In file included from ./praat.github.io/fon/Excitation.h:21:
In file included from ./praat.github.io/fon/Vector.h:24:
In file included from ./praat.github.io/fon/Matrix.h:21:
In file included from ./praat.github.io/fon/SampledXY.h:21:
In file included from ./praat.github.io/fon/Sampled.h:22:
In file included from ./praat.github.io/fon/Function.h:21:
In file included from praat.github.io/sys/Collection.h:25:
In file included from praat.github.io/sys/Simple.h:21:
In file included from praat.github.io/sys/Data.h:23:
praat.github.io/sys/Thing.h:77:9: warning: struct 'structThing' was previously declared as a class; this is valid, but may result in linker errors under the Microsoft C++ ABI [-Wmismatched-tags]
   77 | typedef struct structThing *Thing;   // we need an explicit "struct" here, because this is a forward declaration
      |         ^
praat.github.io/melder/MelderArg.h:21:15: note: previous use is here
   21 | typedef class structThing *Thing;   // forward declaration
      |               ^
In file included from excitation_wrappers.cpp:5:
In file included from ./praat.github.io/fon/Excitation.h:21:
In file included from ./praat.github.io/fon/Vector.h:24:
In file included from ./praat.github.io/fon/Matrix.h:21:
In file included from ./praat.github.io/fon/SampledXY.h:21:
In file included from ./praat.github.io/fon/Sampled.h:22:
In file included from ./praat.github.io/fon/Function.h:21:
In file included from praat.github.io/sys/Collection.h:25:
In file included from praat.github.io/sys/Simple.h:21:
In file included from praat.github.io/sys/Data.h:23:
praat.github.io/sys/Thing.h:78:9: warning: struct 'structThing' was previously declared as a class; this is valid, but may result in linker errors under the Microsoft C++ ABI [-Wmismatched-tags]
   78 | typedef struct structThing *mutableThing;
      |         ^
praat.github.io/melder/MelderArg.h:21:15: note: previous use is here
   21 | typedef class structThing *Thing;   // forward declaration
      |               ^
In file included from excitation_wrappers.cpp:5:
In file included from ./praat.github.io/fon/Excitation.h:21:
In file included from ./praat.github.io/fon/Vector.h:24:
In file included from ./praat.github.io/fon/Matrix.h:21:
In file included from ./praat.github.io/fon/SampledXY.h:21:
In file included from ./praat.github.io/fon/Sampled.h:22:
In file included from ./praat.github.io/fon/Function.h:21:
In file included from praat.github.io/sys/Collection.h:25:
In file included from praat.github.io/sys/Simple.h:21:
In file included from praat.github.io/sys/Data.h:23:
praat.github.io/sys/Thing.h:79:15: warning: struct 'structThing' was previously declared as a class; this is valid, but may result in linker errors under the Microsoft C++ ABI [-Wmismatched-tags]
   79 | typedef const struct structThing *constThing;
      |               ^
praat.github.io/melder/MelderArg.h:21:15: note: previous use is here
   21 | typedef class structThing *Thing;   // forward declaration
      |               ^
In file included from excitation_wrappers.cpp:5:
In file included from ./praat.github.io/fon/Excitation.h:21:
In file included from ./praat.github.io/fon/Vector.h:24:
In file included from ./praat.github.io/fon/Matrix.h:21:
In file included from ./praat.github.io/fon/SampledXY.h:21:
In file included from ./praat.github.io/fon/Sampled.h:22:
In file included from ./praat.github.io/fon/Function.h:21:
In file included from praat.github.io/sys/Collection.h:25:
In file included from praat.github.io/sys/Simple.h:21:
In file included from praat.github.io/sys/Data.h:23:
praat.github.io/sys/Thing.h:82:1: warning: 'structThing' defined as a struct here but previously declared as a class; this is valid, but may result in linker errors under the Microsoft C++ ABI [-Wmismatched-tags]
   82 | struct structThing {
      | ^
praat.github.io/melder/MelderArg.h:21:9: note: did you mean struct here?
   21 | typedef class structThing *Thing;   // forward declaration
      |         ^~~~~
      |         struct
In file included from excitation_wrappers.cpp:5:
In file included from ./praat.github.io/fon/Excitation.h:21:
In file included from ./praat.github.io/fon/Vector.h:24:
In file included from ./praat.github.io/fon/Matrix.h:21:
In file included from ./praat.github.io/fon/SampledXY.h:21:
In file included from ./praat.github.io/fon/Sampled.h:23:
praat.github.io/sys/Graphics.h:42:1: warning: struct 'structGraphics' was previously declared as a class; this is valid, but may result in linker errors under the Microsoft C++ ABI [-Wmismatched-tags]
   42 | Thing_define (Graphics, Thing) {
      | ^
praat.github.io/sys/Thing.h:60:2: note: expanded from macro 'Thing_define'
   60 |         Thing_declare (klas); \
      |         ^
praat.github.io/sys/Thing.h:52:10: note: expanded from macro 'Thing_declare'
   52 |         typedef struct struct##klas *klas; \
      |                 ^
praat.github.io/melder/melder_progress.h:143:15: note: previous use is here
  143 | typedef class structGraphics *Graphics;
      |               ^
In file included from excitation_wrappers.cpp:5:
In file included from ./praat.github.io/fon/Excitation.h:21:
In file included from ./praat.github.io/fon/Vector.h:24:
In file included from ./praat.github.io/fon/Matrix.h:21:
In file included from ./praat.github.io/fon/SampledXY.h:21:
In file included from ./praat.github.io/fon/Sampled.h:23:
praat.github.io/sys/Graphics.h:42:1: warning: struct 'structGraphics' was previously declared as a class; this is valid, but may result in linker errors under the Microsoft C++ ABI [-Wmismatched-tags]
   42 | Thing_define (Graphics, Thing) {
      | ^
praat.github.io/sys/Thing.h:60:2: note: expanded from macro 'Thing_define'
   60 |         Thing_declare (klas); \
      |         ^
praat.github.io/sys/Thing.h:53:10: note: expanded from macro 'Thing_declare'
   53 |         typedef struct struct##klas *mutable##klas; \
      |                 ^
praat.github.io/melder/melder_progress.h:143:15: note: previous use is here
  143 | typedef class structGraphics *Graphics;
      |               ^
In file included from excitation_wrappers.cpp:5:
In file included from ./praat.github.io/fon/Excitation.h:21:
In file included from ./praat.github.io/fon/Vector.h:24:
In file included from ./praat.github.io/fon/Matrix.h:21:
In file included from ./praat.github.io/fon/SampledXY.h:21:
In file included from ./praat.github.io/fon/Sampled.h:23:
praat.github.io/sys/Graphics.h:42:1: warning: struct 'structGraphics' was previously declared as a class; this is valid, but may result in linker errors under the Microsoft C++ ABI [-Wmismatched-tags]
   42 | Thing_define (Graphics, Thing) {
      | ^
praat.github.io/sys/Thing.h:60:2: note: expanded from macro 'Thing_define'
   60 |         Thing_declare (klas); \
      |         ^
praat.github.io/sys/Thing.h:54:16: note: expanded from macro 'Thing_declare'
   54 |         typedef const struct struct##klas *const##klas; \
      |                       ^
praat.github.io/melder/melder_progress.h:143:15: note: previous use is here
  143 | typedef class structGraphics *Graphics;
      |               ^
In file included from excitation_wrappers.cpp:5:
In file included from ./praat.github.io/fon/Excitation.h:21:
In file included from ./praat.github.io/fon/Vector.h:24:
In file included from ./praat.github.io/fon/Matrix.h:21:
In file included from ./praat.github.io/fon/SampledXY.h:21:
In file included from ./praat.github.io/fon/Sampled.h:23:
praat.github.io/sys/Graphics.h:42:1: warning: 'structGraphics' defined as a struct here but previously declared as a class; this is valid, but may result in linker errors under the Microsoft C++ ABI [-Wmismatched-tags]
   42 | Thing_define (Graphics, Thing) {
      | ^
praat.github.io/sys/Thing.h:62:2: note: expanded from macro 'Thing_define'
   62 |         struct struct##klas : public struct##syntacticParentKlas
      |         ^
praat.github.io/melder/melder_progress.h:143:9: note: did you mean struct here?
  143 | typedef class structGraphics *Graphics;
      |         ^~~~~
      |         struct
19 warnings generated.
clang++ -arch arm64 -std=gnu++17 -I"/Library/Frameworks/R.framework/Resources/include" -DNDEBUG -DHAVE_XSIMD -I. -Igsl-2.8 -Igsl-2.8/gsl -Ipraat.github.io -Ipraat.github.io/kar -Ipraat.github.io/melder -Ipraat.github.io/sys -Ipraat.github.io/dwsys -Ipraat.github.io/dwtools -Ipraat.github.io/stat -Ipraat.github.io/fon -Ipraat.github.io/foned -Ipraat.github.io/LPC -Ipraat.github.io/sensors -Ipraat.github.io/external/portaudio -Ipraat.github.io/external/flac -Ipraat.github.io/external/mp3 -Ipraat.github.io/external/espeak -Ipraat.github.io/external/gsl -Ipraat/external/gsl -Ipraat.github.io/external/glpk -Ipraat/external/glpk -Ipraat.github.io/external/num -Ipraat/external/num -Iclapack/INCLUDE -I'/Library/Frameworks/R.framework/Versions/4.4-arm64/Resources/library/Rcpp/include' -I'/Library/Frameworks/R.framework/Versions/4.4-arm64/Resources/library/RcppXsimd/include' -I/opt/R/arm64/include -I/opt/homebrew/opt/libomp/include -Xclang -fopenmp   -DPRAAT_LIB -DNO_GUI -DNO_AUDIO -DNO_GRAPHICS -DNO_NETWORK -DUNIX -pthread -ffp-contract=off -Wno-unused-parameter -Wno-sign-compare -Wno-unused-variable -Wno-deprecated-declarations -Wno-trigraphs -Wno-logical-op-parentheses -Wno-shift-op-parentheses -Wno-mismatched-tags -Wno-unused-const-variable -Wno-c++11-narrowing -march=armv8-a+simd -fPIC  -falign-functions=64 -Wall -g -O2   -c matrix_wrappers.cpp -o matrix_wrappers.o
In file included from matrix_wrappers.cpp:7:
In file included from ./praat_xptr_utils.h:10:
In file included from praat.github.io/sys/Thing.h:24:
In file included from praat.github.io/melder/melder.h:76:
praat.github.io/melder/melder_tensor.h:64:1: warning: 'vector' defined as a struct template here but previously declared as a class template; this is valid, but may result in linker errors under the Microsoft C++ ABI [-Wmismatched-tags]
   64 | struct vector {
      | ^
praat.github.io/melder/melder_tensor.h:52:23: note: did you mean struct here?
   52 | template <typename T> class vector;
      |                       ^~~~~
      |                       struct
praat.github.io/melder/melder_tensor.h:104:1: warning: 'constvector' defined as a struct template here but previously declared as a class template; this is valid, but may result in linker errors under the Microsoft C++ ABI [-Wmismatched-tags]
  104 | struct constvector {
      | ^
praat.github.io/melder/melder_tensor.h:53:23: note: did you mean struct here?
   53 | template <typename T> class constvector;
      |                       ^~~~~
      |                       struct
praat.github.io/melder/melder_tensor.h:137:1: warning: 'vectorview' defined as a struct template here but previously declared as a class template; this is valid, but may result in linker errors under the Microsoft C++ ABI [-Wmismatched-tags]
  137 | struct vectorview {
      | ^
praat.github.io/melder/melder_tensor.h:54:23: note: did you mean struct here?
   54 | template <typename T> class vectorview;
      |                       ^~~~~
      |                       struct
praat.github.io/melder/melder_tensor.h:167:1: warning: 'constvectorview' defined as a struct template here but previously declared as a class template; this is valid, but may result in linker errors under the Microsoft C++ ABI [-Wmismatched-tags]
  167 | struct constvectorview {
      | ^
praat.github.io/melder/melder_tensor.h:55:23: note: did you mean struct here?
   55 | template <typename T> class constvectorview;
      |                       ^~~~~
      |                       struct
praat.github.io/melder/melder_tensor.h:207:1: warning: 'autovector' defined as a struct template here but previously declared as a class template; this is valid, but may result in linker errors under the Microsoft C++ ABI [-Wmismatched-tags]
  207 | struct autovector {
      | ^
praat.github.io/melder/melder_tensor.h:56:23: note: did you mean struct here?
   56 | template <typename T> class autovector;
      |                       ^~~~~
      |                       struct
praat.github.io/melder/melder_tensor.h:388:1: warning: 'matrix' defined as a struct template here but previously declared as a class template; this is valid, but may result in linker errors under the Microsoft C++ ABI [-Wmismatched-tags]
  388 | struct matrix {
      | ^
praat.github.io/melder/melder_tensor.h:57:23: note: did you mean struct here?
   57 | template <typename T> class matrix;
      |                       ^~~~~
      |                       struct
praat.github.io/melder/melder_tensor.h:461:1: warning: 'constmatrix' defined as a struct template here but previously declared as a class template; this is valid, but may result in linker errors under the Microsoft C++ ABI [-Wmismatched-tags]
  461 | struct constmatrix {
      | ^
praat.github.io/melder/melder_tensor.h:58:23: note: did you mean struct here?
   58 | template <typename T> class constmatrix;
      |                       ^~~~~
      |                       struct
praat.github.io/melder/melder_tensor.h:532:1: warning: 'matrixview' defined as a struct template here but previously declared as a class template; this is valid, but may result in linker errors under the Microsoft C++ ABI [-Wmismatched-tags]
  532 | struct matrixview {
      | ^
praat.github.io/melder/melder_tensor.h:59:23: note: did you mean struct here?
   59 | template <typename T> class matrixview;
      |                       ^~~~~
      |                       struct
praat.github.io/melder/melder_tensor.h:612:1: warning: 'constmatrixview' defined as a struct template here but previously declared as a class template; this is valid, but may result in linker errors under the Microsoft C++ ABI [-Wmismatched-tags]
  612 | struct constmatrixview {
      | ^
praat.github.io/melder/melder_tensor.h:60:23: note: did you mean struct here?
   60 | template <typename T> class constmatrixview;
      |                       ^~~~~
      |                       struct
praat.github.io/melder/melder_tensor.h:683:1: warning: 'automatrix' defined as a struct template here but previously declared as a class template; this is valid, but may result in linker errors under the Microsoft C++ ABI [-Wmismatched-tags]
  683 | struct automatrix {
      | ^
praat.github.io/melder/melder_tensor.h:61:23: note: did you mean struct here?
   61 | template <typename T> class automatrix;
      |                       ^~~~~
      |                       struct
praat.github.io/melder/melder_tensor.h:703:18: warning: unused variable 'numberOfColumnsInThisRow' [-Wunused-variable]
  703 |                         const integer numberOfColumnsInThisRow = uinteger_to_integer_a (row.size());
      |                                       ^~~~~~~~~~~~~~~~~~~~~~~~
In file included from matrix_wrappers.cpp:7:
In file included from ./praat_xptr_utils.h:10:
praat.github.io/sys/Thing.h:77:9: warning: struct 'structThing' was previously declared as a class; this is valid, but may result in linker errors under the Microsoft C++ ABI [-Wmismatched-tags]
   77 | typedef struct structThing *Thing;   // we need an explicit "struct" here, because this is a forward declaration
      |         ^
praat.github.io/melder/MelderArg.h:21:15: note: previous use is here
   21 | typedef class structThing *Thing;   // forward declaration
      |               ^
In file included from matrix_wrappers.cpp:7:
In file included from ./praat_xptr_utils.h:10:
praat.github.io/sys/Thing.h:78:9: warning: struct 'structThing' was previously declared as a class; this is valid, but may result in linker errors under the Microsoft C++ ABI [-Wmismatched-tags]
   78 | typedef struct structThing *mutableThing;
      |         ^
praat.github.io/melder/MelderArg.h:21:15: note: previous use is here
   21 | typedef class structThing *Thing;   // forward declaration
      |               ^
In file included from matrix_wrappers.cpp:7:
In file included from ./praat_xptr_utils.h:10:
praat.github.io/sys/Thing.h:79:15: warning: struct 'structThing' was previously declared as a class; this is valid, but may result in linker errors under the Microsoft C++ ABI [-Wmismatched-tags]
   79 | typedef const struct structThing *constThing;
      |               ^
praat.github.io/melder/MelderArg.h:21:15: note: previous use is here
   21 | typedef class structThing *Thing;   // forward declaration
      |               ^
In file included from matrix_wrappers.cpp:7:
In file included from ./praat_xptr_utils.h:10:
praat.github.io/sys/Thing.h:82:1: warning: 'structThing' defined as a struct here but previously declared as a class; this is valid, but may result in linker errors under the Microsoft C++ ABI [-Wmismatched-tags]
   82 | struct structThing {
      | ^
praat.github.io/melder/MelderArg.h:21:9: note: did you mean struct here?
   21 | typedef class structThing *Thing;   // forward declaration
      |         ^~~~~
      |         struct
In file included from matrix_wrappers.cpp:10:
In file included from praat.github.io/fon/Matrix.h:21:
In file included from praat.github.io/fon/SampledXY.h:21:
In file included from praat.github.io/fon/Sampled.h:23:
praat.github.io/sys/Graphics.h:42:1: warning: struct 'structGraphics' was previously declared as a class; this is valid, but may result in linker errors under the Microsoft C++ ABI [-Wmismatched-tags]
   42 | Thing_define (Graphics, Thing) {
      | ^
praat.github.io/sys/Thing.h:60:2: note: expanded from macro 'Thing_define'
   60 |         Thing_declare (klas); \
      |         ^
praat.github.io/sys/Thing.h:52:10: note: expanded from macro 'Thing_declare'
   52 |         typedef struct struct##klas *klas; \
      |                 ^
praat.github.io/melder/melder_progress.h:143:15: note: previous use is here
  143 | typedef class structGraphics *Graphics;
      |               ^
In file included from matrix_wrappers.cpp:10:
In file included from praat.github.io/fon/Matrix.h:21:
In file included from praat.github.io/fon/SampledXY.h:21:
In file included from praat.github.io/fon/Sampled.h:23:
praat.github.io/sys/Graphics.h:42:1: warning: struct 'structGraphics' was previously declared as a class; this is valid, but may result in linker errors under the Microsoft C++ ABI [-Wmismatched-tags]
   42 | Thing_define (Graphics, Thing) {
      | ^
praat.github.io/sys/Thing.h:60:2: note: expanded from macro 'Thing_define'
   60 |         Thing_declare (klas); \
      |         ^
praat.github.io/sys/Thing.h:53:10: note: expanded from macro 'Thing_declare'
   53 |         typedef struct struct##klas *mutable##klas; \
      |                 ^
praat.github.io/melder/melder_progress.h:143:15: note: previous use is here
  143 | typedef class structGraphics *Graphics;
      |               ^
In file included from matrix_wrappers.cpp:10:
In file included from praat.github.io/fon/Matrix.h:21:
In file included from praat.github.io/fon/SampledXY.h:21:
In file included from praat.github.io/fon/Sampled.h:23:
praat.github.io/sys/Graphics.h:42:1: warning: struct 'structGraphics' was previously declared as a class; this is valid, but may result in linker errors under the Microsoft C++ ABI [-Wmismatched-tags]
   42 | Thing_define (Graphics, Thing) {
      | ^
praat.github.io/sys/Thing.h:60:2: note: expanded from macro 'Thing_define'
   60 |         Thing_declare (klas); \
      |         ^
praat.github.io/sys/Thing.h:54:16: note: expanded from macro 'Thing_declare'
   54 |         typedef const struct struct##klas *const##klas; \
      |                       ^
praat.github.io/melder/melder_progress.h:143:15: note: previous use is here
  143 | typedef class structGraphics *Graphics;
      |               ^
In file included from matrix_wrappers.cpp:10:
In file included from praat.github.io/fon/Matrix.h:21:
In file included from praat.github.io/fon/SampledXY.h:21:
In file included from praat.github.io/fon/Sampled.h:23:
praat.github.io/sys/Graphics.h:42:1: warning: 'structGraphics' defined as a struct here but previously declared as a class; this is valid, but may result in linker errors under the Microsoft C++ ABI [-Wmismatched-tags]
   42 | Thing_define (Graphics, Thing) {
      | ^
praat.github.io/sys/Thing.h:62:2: note: expanded from macro 'Thing_define'
   62 |         struct struct##klas : public struct##syntacticParentKlas
      |         ^
praat.github.io/melder/melder_progress.h:143:9: note: did you mean struct here?
  143 | typedef class structGraphics *Graphics;
      |         ^~~~~
      |         struct
19 warnings generated.
clang++ -arch arm64 -std=gnu++17 -I"/Library/Frameworks/R.framework/Resources/include" -DNDEBUG -DHAVE_XSIMD -I. -Igsl-2.8 -Igsl-2.8/gsl -Ipraat.github.io -Ipraat.github.io/kar -Ipraat.github.io/melder -Ipraat.github.io/sys -Ipraat.github.io/dwsys -Ipraat.github.io/dwtools -Ipraat.github.io/stat -Ipraat.github.io/fon -Ipraat.github.io/foned -Ipraat.github.io/LPC -Ipraat.github.io/sensors -Ipraat.github.io/external/portaudio -Ipraat.github.io/external/flac -Ipraat.github.io/external/mp3 -Ipraat.github.io/external/espeak -Ipraat.github.io/external/gsl -Ipraat/external/gsl -Ipraat.github.io/external/glpk -Ipraat/external/glpk -Ipraat.github.io/external/num -Ipraat/external/num -Iclapack/INCLUDE -I'/Library/Frameworks/R.framework/Versions/4.4-arm64/Resources/library/Rcpp/include' -I'/Library/Frameworks/R.framework/Versions/4.4-arm64/Resources/library/RcppXsimd/include' -I/opt/R/arm64/include -I/opt/homebrew/opt/libomp/include -Xclang -fopenmp   -DPRAAT_LIB -DNO_GUI -DNO_AUDIO -DNO_GRAPHICS -DNO_NETWORK -DUNIX -pthread -ffp-contract=off -Wno-unused-parameter -Wno-sign-compare -Wno-unused-variable -Wno-deprecated-declarations -Wno-trigraphs -Wno-logical-op-parentheses -Wno-shift-op-parentheses -Wno-mismatched-tags -Wno-unused-const-variable -Wno-c++11-narrowing -march=armv8-a+simd -fPIC  -falign-functions=64 -Wall -g -O2   -c praat.github.io/excluded_sources/Sound_files.cpp -o praat.github.io/excluded_sources/Sound_files.o
In file included from praat.github.io/excluded_sources/Sound_files.cpp:66:
In file included from praat.github.io/fon/Sound.h:23:
In file included from praat.github.io/fon/Vector.h:24:
In file included from praat.github.io/fon/Matrix.h:21:
In file included from praat.github.io/fon/SampledXY.h:21:
In file included from praat.github.io/fon/Sampled.h:22:
In file included from praat.github.io/fon/Function.h:21:
In file included from praat.github.io/sys/Collection.h:25:
In file included from praat.github.io/sys/Simple.h:21:
In file included from praat.github.io/sys/Data.h:23:
In file included from praat.github.io/sys/Thing.h:24:
In file included from praat.github.io/melder/melder.h:76:
praat.github.io/melder/melder_tensor.h:64:1: warning: 'vector' defined as a struct template here but previously declared as a class template; this is valid, but may result in linker errors under the Microsoft C++ ABI [-Wmismatched-tags]
   64 | struct vector {
      | ^
praat.github.io/melder/melder_tensor.h:52:23: note: did you mean struct here?
   52 | template <typename T> class vector;
      |                       ^~~~~
      |                       struct
praat.github.io/melder/melder_tensor.h:104:1: warning: 'constvector' defined as a struct template here but previously declared as a class template; this is valid, but may result in linker errors under the Microsoft C++ ABI [-Wmismatched-tags]
  104 | struct constvector {
      | ^
praat.github.io/melder/melder_tensor.h:53:23: note: did you mean struct here?
   53 | template <typename T> class constvector;
      |                       ^~~~~
      |                       struct
praat.github.io/melder/melder_tensor.h:137:1: warning: 'vectorview' defined as a struct template here but previously declared as a class template; this is valid, but may result in linker errors under the Microsoft C++ ABI [-Wmismatched-tags]
  137 | struct vectorview {
      | ^
praat.github.io/melder/melder_tensor.h:54:23: note: did you mean struct here?
   54 | template <typename T> class vectorview;
      |                       ^~~~~
      |                       struct
praat.github.io/melder/melder_tensor.h:167:1: warning: 'constvectorview' defined as a struct template here but previously declared as a class template; this is valid, but may result in linker errors under the Microsoft C++ ABI [-Wmismatched-tags]
  167 | struct constvectorview {
      | ^
praat.github.io/melder/melder_tensor.h:55:23: note: did you mean struct here?
   55 | template <typename T> class constvectorview;
      |                       ^~~~~
      |                       struct
praat.github.io/melder/melder_tensor.h:207:1: warning: 'autovector' defined as a struct template here but previously declared as a class template; this is valid, but may result in linker errors under the Microsoft C++ ABI [-Wmismatched-tags]
  207 | struct autovector {
      | ^
praat.github.io/melder/melder_tensor.h:56:23: note: did you mean struct here?
   56 | template <typename T> class autovector;
      |                       ^~~~~
      |                       struct
praat.github.io/melder/melder_tensor.h:388:1: warning: 'matrix' defined as a struct template here but previously declared as a class template; this is valid, but may result in linker errors under the Microsoft C++ ABI [-Wmismatched-tags]
  388 | struct matrix {
      | ^
praat.github.io/melder/melder_tensor.h:57:23: note: did you mean struct here?
   57 | template <typename T> class matrix;
      |                       ^~~~~
      |                       struct
praat.github.io/melder/melder_tensor.h:461:1: warning: 'constmatrix' defined as a struct template here but previously declared as a class template; this is valid, but may result in linker errors under the Microsoft C++ ABI [-Wmismatched-tags]
  461 | struct constmatrix {
      | ^
praat.github.io/melder/melder_tensor.h:58:23: note: did you mean struct here?
   58 | template <typename T> class constmatrix;
      |                       ^~~~~
      |                       struct
praat.github.io/melder/melder_tensor.h:532:1: warning: 'matrixview' defined as a struct template here but previously declared as a class template; this is valid, but may result in linker errors under the Microsoft C++ ABI [-Wmismatched-tags]
  532 | struct matrixview {
      | ^
praat.github.io/melder/melder_tensor.h:59:23: note: did you mean struct here?
   59 | template <typename T> class matrixview;
      |                       ^~~~~
      |                       struct
praat.github.io/melder/melder_tensor.h:612:1: warning: 'constmatrixview' defined as a struct template here but previously declared as a class template; this is valid, but may result in linker errors under the Microsoft C++ ABI [-Wmismatched-tags]
  612 | struct constmatrixview {
      | ^
praat.github.io/melder/melder_tensor.h:60:23: note: did you mean struct here?
   60 | template <typename T> class constmatrixview;
      |                       ^~~~~
      |                       struct
praat.github.io/melder/melder_tensor.h:683:1: warning: 'automatrix' defined as a struct template here but previously declared as a class template; this is valid, but may result in linker errors under the Microsoft C++ ABI [-Wmismatched-tags]
  683 | struct automatrix {
      | ^
praat.github.io/melder/melder_tensor.h:61:23: note: did you mean struct here?
   61 | template <typename T> class automatrix;
      |                       ^~~~~
      |                       struct
praat.github.io/melder/melder_tensor.h:703:18: warning: unused variable 'numberOfColumnsInThisRow' [-Wunused-variable]
  703 |                         const integer numberOfColumnsInThisRow = uinteger_to_integer_a (row.size());
      |                                       ^~~~~~~~~~~~~~~~~~~~~~~~
In file included from praat.github.io/excluded_sources/Sound_files.cpp:66:
In file included from praat.github.io/fon/Sound.h:23:
In file included from praat.github.io/fon/Vector.h:24:
In file included from praat.github.io/fon/Matrix.h:21:
In file included from praat.github.io/fon/SampledXY.h:21:
In file included from praat.github.io/fon/Sampled.h:22:
In file included from praat.github.io/fon/Function.h:21:
In file included from praat.github.io/sys/Collection.h:25:
In file included from praat.github.io/sys/Simple.h:21:
In file included from praat.github.io/sys/Data.h:23:
praat.github.io/sys/Thing.h:77:9: warning: struct 'structThing' was previously declared as a class; this is valid, but may result in linker errors under the Microsoft C++ ABI [-Wmismatched-tags]
   77 | typedef struct structThing *Thing;   // we need an explicit "struct" here, because this is a forward declaration
      |         ^
praat.github.io/melder/MelderArg.h:21:15: note: previous use is here
   21 | typedef class structThing *Thing;   // forward declaration
      |               ^
In file included from praat.github.io/excluded_sources/Sound_files.cpp:66:
In file included from praat.github.io/fon/Sound.h:23:
In file included from praat.github.io/fon/Vector.h:24:
In file included from praat.github.io/fon/Matrix.h:21:
In file included from praat.github.io/fon/SampledXY.h:21:
In file included from praat.github.io/fon/Sampled.h:22:
In file included from praat.github.io/fon/Function.h:21:
In file included from praat.github.io/sys/Collection.h:25:
In file included from praat.github.io/sys/Simple.h:21:
In file included from praat.github.io/sys/Data.h:23:
praat.github.io/sys/Thing.h:78:9: warning: struct 'structThing' was previously declared as a class; this is valid, but may result in linker errors under the Microsoft C++ ABI [-Wmismatched-tags]
   78 | typedef struct structThing *mutableThing;
      |         ^
praat.github.io/melder/MelderArg.h:21:15: note: previous use is here
   21 | typedef class structThing *Thing;   // forward declaration
      |               ^
In file included from praat.github.io/excluded_sources/Sound_files.cpp:66:
In file included from praat.github.io/fon/Sound.h:23:
In file included from praat.github.io/fon/Vector.h:24:
In file included from praat.github.io/fon/Matrix.h:21:
In file included from praat.github.io/fon/SampledXY.h:21:
In file included from praat.github.io/fon/Sampled.h:22:
In file included from praat.github.io/fon/Function.h:21:
In file included from praat.github.io/sys/Collection.h:25:
In file included from praat.github.io/sys/Simple.h:21:
In file included from praat.github.io/sys/Data.h:23:
praat.github.io/sys/Thing.h:79:15: warning: struct 'structThing' was previously declared as a class; this is valid, but may result in linker errors under the Microsoft C++ ABI [-Wmismatched-tags]
   79 | typedef const struct structThing *constThing;
      |               ^
praat.github.io/melder/MelderArg.h:21:15: note: previous use is here
   21 | typedef class structThing *Thing;   // forward declaration
      |               ^
In file included from praat.github.io/excluded_sources/Sound_files.cpp:66:
In file included from praat.github.io/fon/Sound.h:23:
In file included from praat.github.io/fon/Vector.h:24:
In file included from praat.github.io/fon/Matrix.h:21:
In file included from praat.github.io/fon/SampledXY.h:21:
In file included from praat.github.io/fon/Sampled.h:22:
In file included from praat.github.io/fon/Function.h:21:
In file included from praat.github.io/sys/Collection.h:25:
In file included from praat.github.io/sys/Simple.h:21:
In file included from praat.github.io/sys/Data.h:23:
praat.github.io/sys/Thing.h:82:1: warning: 'structThing' defined as a struct here but previously declared as a class; this is valid, but may result in linker errors under the Microsoft C++ ABI [-Wmismatched-tags]
   82 | struct structThing {
      | ^
praat.github.io/melder/MelderArg.h:21:9: note: did you mean struct here?
   21 | typedef class structThing *Thing;   // forward declaration
      |         ^~~~~
      |         struct
In file included from praat.github.io/excluded_sources/Sound_files.cpp:66:
In file included from praat.github.io/fon/Sound.h:23:
In file included from praat.github.io/fon/Vector.h:24:
In file included from praat.github.io/fon/Matrix.h:21:
In file included from praat.github.io/fon/SampledXY.h:21:
In file included from praat.github.io/fon/Sampled.h:23:
praat.github.io/sys/Graphics.h:42:1: warning: struct 'structGraphics' was previously declared as a class; this is valid, but may result in linker errors under the Microsoft C++ ABI [-Wmismatched-tags]
   42 | Thing_define (Graphics, Thing) {
      | ^
praat.github.io/sys/Thing.h:60:2: note: expanded from macro 'Thing_define'
   60 |         Thing_declare (klas); \
      |         ^
praat.github.io/sys/Thing.h:52:10: note: expanded from macro 'Thing_declare'
   52 |         typedef struct struct##klas *klas; \
      |                 ^
praat.github.io/melder/melder_progress.h:143:15: note: previous use is here
  143 | typedef class structGraphics *Graphics;
      |               ^
In file included from praat.github.io/excluded_sources/Sound_files.cpp:66:
In file included from praat.github.io/fon/Sound.h:23:
In file included from praat.github.io/fon/Vector.h:24:
In file included from praat.github.io/fon/Matrix.h:21:
In file included from praat.github.io/fon/SampledXY.h:21:
In file included from praat.github.io/fon/Sampled.h:23:
praat.github.io/sys/Graphics.h:42:1: warning: struct 'structGraphics' was previously declared as a class; this is valid, but may result in linker errors under the Microsoft C++ ABI [-Wmismatched-tags]
   42 | Thing_define (Graphics, Thing) {
      | ^
praat.github.io/sys/Thing.h:60:2: note: expanded from macro 'Thing_define'
   60 |         Thing_declare (klas); \
      |         ^
praat.github.io/sys/Thing.h:53:10: note: expanded from macro 'Thing_declare'
   53 |         typedef struct struct##klas *mutable##klas; \
      |                 ^
praat.github.io/melder/melder_progress.h:143:15: note: previous use is here
  143 | typedef class structGraphics *Graphics;
      |               ^
In file included from praat.github.io/excluded_sources/Sound_files.cpp:66:
In file included from praat.github.io/fon/Sound.h:23:
In file included from praat.github.io/fon/Vector.h:24:
In file included from praat.github.io/fon/Matrix.h:21:
In file included from praat.github.io/fon/SampledXY.h:21:
In file included from praat.github.io/fon/Sampled.h:23:
praat.github.io/sys/Graphics.h:42:1: warning: struct 'structGraphics' was previously declared as a class; this is valid, but may result in linker errors under the Microsoft C++ ABI [-Wmismatched-tags]
   42 | Thing_define (Graphics, Thing) {
      | ^
praat.github.io/sys/Thing.h:60:2: note: expanded from macro 'Thing_define'
   60 |         Thing_declare (klas); \
      |         ^
praat.github.io/sys/Thing.h:54:16: note: expanded from macro 'Thing_declare'
   54 |         typedef const struct struct##klas *const##klas; \
      |                       ^
praat.github.io/melder/melder_progress.h:143:15: note: previous use is here
  143 | typedef class structGraphics *Graphics;
      |               ^
In file included from praat.github.io/excluded_sources/Sound_files.cpp:66:
In file included from praat.github.io/fon/Sound.h:23:
In file included from praat.github.io/fon/Vector.h:24:
In file included from praat.github.io/fon/Matrix.h:21:
In file included from praat.github.io/fon/SampledXY.h:21:
In file included from praat.github.io/fon/Sampled.h:23:
praat.github.io/sys/Graphics.h:42:1: warning: 'structGraphics' defined as a struct here but previously declared as a class; this is valid, but may result in linker errors under the Microsoft C++ ABI [-Wmismatched-tags]
   42 | Thing_define (Graphics, Thing) {
      | ^
praat.github.io/sys/Thing.h:62:2: note: expanded from macro 'Thing_define'
   62 |         struct struct##klas : public struct##syntacticParentKlas
      |         ^
praat.github.io/melder/melder_progress.h:143:9: note: did you mean struct here?
  143 | typedef class structGraphics *Graphics;
      |         ^~~~~
      |         struct
19 warnings generated.
clang++ -arch arm64 -std=gnu++17 -I"/Library/Frameworks/R.framework/Resources/include" -DNDEBUG -DHAVE_XSIMD -I. -Igsl-2.8 -Igsl-2.8/gsl -Ipraat.github.io -Ipraat.github.io/kar -Ipraat.github.io/melder -Ipraat.github.io/sys -Ipraat.github.io/dwsys -Ipraat.github.io/dwtools -Ipraat.github.io/stat -Ipraat.github.io/fon -Ipraat.github.io/foned -Ipraat.github.io/LPC -Ipraat.github.io/sensors -Ipraat.github.io/external/portaudio -Ipraat.github.io/external/flac -Ipraat.github.io/external/mp3 -Ipraat.github.io/external/espeak -Ipraat.github.io/external/gsl -Ipraat/external/gsl -Ipraat.github.io/external/glpk -Ipraat/external/glpk -Ipraat.github.io/external/num -Ipraat/external/num -Iclapack/INCLUDE -I'/Library/Frameworks/R.framework/Versions/4.4-arm64/Resources/library/Rcpp/include' -I'/Library/Frameworks/R.framework/Versions/4.4-arm64/Resources/library/RcppXsimd/include' -I/opt/R/arm64/include -I/opt/homebrew/opt/libomp/include -Xclang -fopenmp   -DPRAAT_LIB -DNO_GUI -DNO_AUDIO -DNO_GRAPHICS -DNO_NETWORK -DUNIX -pthread -ffp-contract=off -Wno-unused-parameter -Wno-sign-compare -Wno-unused-variable -Wno-deprecated-declarations -Wno-trigraphs -Wno-logical-op-parentheses -Wno-shift-op-parentheses -Wno-mismatched-tags -Wno-unused-const-variable -Wno-c++11-narrowing -march=armv8-a+simd -fPIC  -falign-functions=64 -Wall -g -O2   -c praat_stubs.cpp -o praat_stubs.o
In file included from praat_stubs.cpp:4:
In file included from praat.github.io/melder/melder.h:76:
praat.github.io/melder/melder_tensor.h:64:1: warning: 'vector' defined as a struct template here but previously declared as a class template; this is valid, but may result in linker errors under the Microsoft C++ ABI [-Wmismatched-tags]
   64 | struct vector {
      | ^
praat.github.io/melder/melder_tensor.h:52:23: note: did you mean struct here?
   52 | template <typename T> class vector;
      |                       ^~~~~
      |                       struct
praat.github.io/melder/melder_tensor.h:104:1: warning: 'constvector' defined as a struct template here but previously declared as a class template; this is valid, but may result in linker errors under the Microsoft C++ ABI [-Wmismatched-tags]
  104 | struct constvector {
      | ^
praat.github.io/melder/melder_tensor.h:53:23: note: did you mean struct here?
   53 | template <typename T> class constvector;
      |                       ^~~~~
      |                       struct
praat.github.io/melder/melder_tensor.h:137:1: warning: 'vectorview' defined as a struct template here but previously declared as a class template; this is valid, but may result in linker errors under the Microsoft C++ ABI [-Wmismatched-tags]
  137 | struct vectorview {
      | ^
praat.github.io/melder/melder_tensor.h:54:23: note: did you mean struct here?
   54 | template <typename T> class vectorview;
      |                       ^~~~~
      |                       struct
praat.github.io/melder/melder_tensor.h:167:1: warning: 'constvectorview' defined as a struct template here but previously declared as a class template; this is valid, but may result in linker errors under the Microsoft C++ ABI [-Wmismatched-tags]
  167 | struct constvectorview {
      | ^
praat.github.io/melder/melder_tensor.h:55:23: note: did you mean struct here?
   55 | template <typename T> class constvectorview;
      |                       ^~~~~
      |                       struct
praat.github.io/melder/melder_tensor.h:207:1: warning: 'autovector' defined as a struct template here but previously declared as a class template; this is valid, but may result in linker errors under the Microsoft C++ ABI [-Wmismatched-tags]
  207 | struct autovector {
      | ^
praat.github.io/melder/melder_tensor.h:56:23: note: did you mean struct here?
   56 | template <typename T> class autovector;
      |                       ^~~~~
      |                       struct
praat.github.io/melder/melder_tensor.h:388:1: warning: 'matrix' defined as a struct template here but previously declared as a class template; this is valid, but may result in linker errors under the Microsoft C++ ABI [-Wmismatched-tags]
  388 | struct matrix {
      | ^
praat.github.io/melder/melder_tensor.h:57:23: note: did you mean struct here?
   57 | template <typename T> class matrix;
      |                       ^~~~~
      |                       struct
praat.github.io/melder/melder_tensor.h:461:1: warning: 'constmatrix' defined as a struct template here but previously declared as a class template; this is valid, but may result in linker errors under the Microsoft C++ ABI [-Wmismatched-tags]
  461 | struct constmatrix {
      | ^
praat.github.io/melder/melder_tensor.h:58:23: note: did you mean struct here?
   58 | template <typename T> class constmatrix;
      |                       ^~~~~
      |                       struct
praat.github.io/melder/melder_tensor.h:532:1: warning: 'matrixview' defined as a struct template here but previously declared as a class template; this is valid, but may result in linker errors under the Microsoft C++ ABI [-Wmismatched-tags]
  532 | struct matrixview {
      | ^
praat.github.io/melder/melder_tensor.h:59:23: note: did you mean struct here?
   59 | template <typename T> class matrixview;
      |                       ^~~~~
      |                       struct
praat.github.io/melder/melder_tensor.h:612:1: warning: 'constmatrixview' defined as a struct template here but previously declared as a class template; this is valid, but may result in linker errors under the Microsoft C++ ABI [-Wmismatched-tags]
  612 | struct constmatrixview {
      | ^
praat.github.io/melder/melder_tensor.h:60:23: note: did you mean struct here?
   60 | template <typename T> class constmatrixview;
      |                       ^~~~~
      |                       struct
praat.github.io/melder/melder_tensor.h:683:1: warning: 'automatrix' defined as a struct template here but previously declared as a class template; this is valid, but may result in linker errors under the Microsoft C++ ABI [-Wmismatched-tags]
  683 | struct automatrix {
      | ^
praat.github.io/melder/melder_tensor.h:61:23: note: did you mean struct here?
   61 | template <typename T> class automatrix;
      |                       ^~~~~
      |                       struct
praat.github.io/melder/melder_tensor.h:703:18: warning: unused variable 'numberOfColumnsInThisRow' [-Wunused-variable]
  703 |                         const integer numberOfColumnsInThisRow = uinteger_to_integer_a (row.size());
      |                                       ^~~~~~~~~~~~~~~~~~~~~~~~
In file included from praat_stubs.cpp:5:
In file included from praat.github.io/sys/Interpreter.h:21:
In file included from praat.github.io/sys/Collection.h:25:
In file included from praat.github.io/sys/Simple.h:21:
In file included from praat.github.io/sys/Data.h:23:
praat.github.io/sys/Thing.h:77:9: warning: struct 'structThing' was previously declared as a class; this is valid, but may result in linker errors under the Microsoft C++ ABI [-Wmismatched-tags]
   77 | typedef struct structThing *Thing;   // we need an explicit "struct" here, because this is a forward declaration
      |         ^
praat.github.io/melder/MelderArg.h:21:15: note: previous use is here
   21 | typedef class structThing *Thing;   // forward declaration
      |               ^
In file included from praat_stubs.cpp:5:
In file included from praat.github.io/sys/Interpreter.h:21:
In file included from praat.github.io/sys/Collection.h:25:
In file included from praat.github.io/sys/Simple.h:21:
In file included from praat.github.io/sys/Data.h:23:
praat.github.io/sys/Thing.h:78:9: warning: struct 'structThing' was previously declared as a class; this is valid, but may result in linker errors under the Microsoft C++ ABI [-Wmismatched-tags]
   78 | typedef struct structThing *mutableThing;
      |         ^
praat.github.io/melder/MelderArg.h:21:15: note: previous use is here
   21 | typedef class structThing *Thing;   // forward declaration
      |               ^
In file included from praat_stubs.cpp:5:
In file included from praat.github.io/sys/Interpreter.h:21:
In file included from praat.github.io/sys/Collection.h:25:
In file included from praat.github.io/sys/Simple.h:21:
In file included from praat.github.io/sys/Data.h:23:
praat.github.io/sys/Thing.h:79:15: warning: struct 'structThing' was previously declared as a class; this is valid, but may result in linker errors under the Microsoft C++ ABI [-Wmismatched-tags]
   79 | typedef const struct structThing *constThing;
      |               ^
praat.github.io/melder/MelderArg.h:21:15: note: previous use is here
   21 | typedef class structThing *Thing;   // forward declaration
      |               ^
In file included from praat_stubs.cpp:5:
In file included from praat.github.io/sys/Interpreter.h:21:
In file included from praat.github.io/sys/Collection.h:25:
In file included from praat.github.io/sys/Simple.h:21:
In file included from praat.github.io/sys/Data.h:23:
praat.github.io/sys/Thing.h:82:1: warning: 'structThing' defined as a struct here but previously declared as a class; this is valid, but may result in linker errors under the Microsoft C++ ABI [-Wmismatched-tags]
   82 | struct structThing {
      | ^
praat.github.io/melder/MelderArg.h:21:9: note: did you mean struct here?
   21 | typedef class structThing *Thing;   // forward declaration
      |         ^~~~~
      |         struct
In file included from praat_stubs.cpp:6:
In file included from praat.github.io/fon/Sound.h:23:
In file included from praat.github.io/fon/Vector.h:24:
In file included from praat.github.io/fon/Matrix.h:21:
In file included from praat.github.io/fon/SampledXY.h:21:
In file included from praat.github.io/fon/Sampled.h:23:
praat.github.io/sys/Graphics.h:42:1: warning: struct 'structGraphics' was previously declared as a class; this is valid, but may result in linker errors under the Microsoft C++ ABI [-Wmismatched-tags]
   42 | Thing_define (Graphics, Thing) {
      | ^
praat.github.io/sys/Thing.h:60:2: note: expanded from macro 'Thing_define'
   60 |         Thing_declare (klas); \
      |         ^
praat.github.io/sys/Thing.h:52:10: note: expanded from macro 'Thing_declare'
   52 |         typedef struct struct##klas *klas; \
      |                 ^
praat.github.io/melder/melder_progress.h:143:15: note: previous use is here
  143 | typedef class structGraphics *Graphics;
      |               ^
In file included from praat_stubs.cpp:6:
In file included from praat.github.io/fon/Sound.h:23:
In file included from praat.github.io/fon/Vector.h:24:
In file included from praat.github.io/fon/Matrix.h:21:
In file included from praat.github.io/fon/SampledXY.h:21:
In file included from praat.github.io/fon/Sampled.h:23:
praat.github.io/sys/Graphics.h:42:1: warning: struct 'structGraphics' was previously declared as a class; this is valid, but may result in linker errors under the Microsoft C++ ABI [-Wmismatched-tags]
   42 | Thing_define (Graphics, Thing) {
      | ^
praat.github.io/sys/Thing.h:60:2: note: expanded from macro 'Thing_define'
   60 |         Thing_declare (klas); \
      |         ^
praat.github.io/sys/Thing.h:53:10: note: expanded from macro 'Thing_declare'
   53 |         typedef struct struct##klas *mutable##klas; \
      |                 ^
praat.github.io/melder/melder_progress.h:143:15: note: previous use is here
  143 | typedef class structGraphics *Graphics;
      |               ^
In file included from praat_stubs.cpp:6:
In file included from praat.github.io/fon/Sound.h:23:
In file included from praat.github.io/fon/Vector.h:24:
In file included from praat.github.io/fon/Matrix.h:21:
In file included from praat.github.io/fon/SampledXY.h:21:
In file included from praat.github.io/fon/Sampled.h:23:
praat.github.io/sys/Graphics.h:42:1: warning: struct 'structGraphics' was previously declared as a class; this is valid, but may result in linker errors under the Microsoft C++ ABI [-Wmismatched-tags]
   42 | Thing_define (Graphics, Thing) {
      | ^
praat.github.io/sys/Thing.h:60:2: note: expanded from macro 'Thing_define'
   60 |         Thing_declare (klas); \
      |         ^
praat.github.io/sys/Thing.h:54:16: note: expanded from macro 'Thing_declare'
   54 |         typedef const struct struct##klas *const##klas; \
      |                       ^
praat.github.io/melder/melder_progress.h:143:15: note: previous use is here
  143 | typedef class structGraphics *Graphics;
      |               ^
In file included from praat_stubs.cpp:6:
In file included from praat.github.io/fon/Sound.h:23:
In file included from praat.github.io/fon/Vector.h:24:
In file included from praat.github.io/fon/Matrix.h:21:
In file included from praat.github.io/fon/SampledXY.h:21:
In file included from praat.github.io/fon/Sampled.h:23:
praat.github.io/sys/Graphics.h:42:1: warning: 'structGraphics' defined as a struct here but previously declared as a class; this is valid, but may result in linker errors under the Microsoft C++ ABI [-Wmismatched-tags]
   42 | Thing_define (Graphics, Thing) {
      | ^
praat.github.io/sys/Thing.h:62:2: note: expanded from macro 'Thing_define'
   62 |         struct struct##klas : public struct##syntacticParentKlas
      |         ^
praat.github.io/melder/melder_progress.h:143:9: note: did you mean struct here?
  143 | typedef class structGraphics *Graphics;
      |         ^~~~~
      |         struct
19 warnings generated.
clang++ -arch arm64 -std=gnu++17 -I"/Library/Frameworks/R.framework/Resources/include" -DNDEBUG -DHAVE_XSIMD -I. -Igsl-2.8 -Igsl-2.8/gsl -Ipraat.github.io -Ipraat.github.io/kar -Ipraat.github.io/melder -Ipraat.github.io/sys -Ipraat.github.io/dwsys -Ipraat.github.io/dwtools -Ipraat.github.io/stat -Ipraat.github.io/fon -Ipraat.github.io/foned -Ipraat.github.io/LPC -Ipraat.github.io/sensors -Ipraat.github.io/external/portaudio -Ipraat.github.io/external/flac -Ipraat.github.io/external/mp3 -Ipraat.github.io/external/espeak -Ipraat.github.io/external/gsl -Ipraat/external/gsl -Ipraat.github.io/external/glpk -Ipraat/external/glpk -Ipraat.github.io/external/num -Ipraat/external/num -Iclapack/INCLUDE -I'/Library/Frameworks/R.framework/Versions/4.4-arm64/Resources/library/Rcpp/include' -I'/Library/Frameworks/R.framework/Versions/4.4-arm64/Resources/library/RcppXsimd/include' -I/opt/R/arm64/include -I/opt/homebrew/opt/libomp/include -Xclang -fopenmp   -DPRAAT_LIB -DNO_GUI -DNO_AUDIO -DNO_GRAPHICS -DNO_NETWORK -DUNIX -pthread -ffp-contract=off -Wno-unused-parameter -Wno-sign-compare -Wno-unused-variable -Wno-deprecated-declarations -Wno-trigraphs -Wno-logical-op-parentheses -Wno-shift-op-parentheses -Wno-mismatched-tags -Wno-unused-const-variable -Wno-c++11-narrowing -march=armv8-a+simd -fPIC  -falign-functions=64 -Wall -g -O2   -c num_stubs.cpp -o num_stubs.o
In file included from num_stubs.cpp:7:
In file included from ./praat.github.io/melder/melder.h:76:
./praat.github.io/melder/melder_tensor.h:64:1: warning: 'vector' defined as a struct template here but previously declared as a class template; this is valid, but may result in linker errors under the Microsoft C++ ABI [-Wmismatched-tags]
   64 | struct vector {
      | ^
./praat.github.io/melder/melder_tensor.h:52:23: note: did you mean struct here?
   52 | template <typename T> class vector;
      |                       ^~~~~
      |                       struct
./praat.github.io/melder/melder_tensor.h:104:1: warning: 'constvector' defined as a struct template here but previously declared as a class template; this is valid, but may result in linker errors under the Microsoft C++ ABI [-Wmismatched-tags]
  104 | struct constvector {
      | ^
./praat.github.io/melder/melder_tensor.h:53:23: note: did you mean struct here?
   53 | template <typename T> class constvector;
      |                       ^~~~~
      |                       struct
./praat.github.io/melder/melder_tensor.h:137:1: warning: 'vectorview' defined as a struct template here but previously declared as a class template; this is valid, but may result in linker errors under the Microsoft C++ ABI [-Wmismatched-tags]
  137 | struct vectorview {
      | ^
./praat.github.io/melder/melder_tensor.h:54:23: note: did you mean struct here?
   54 | template <typename T> class vectorview;
      |                       ^~~~~
      |                       struct
./praat.github.io/melder/melder_tensor.h:167:1: warning: 'constvectorview' defined as a struct template here but previously declared as a class template; this is valid, but may result in linker errors under the Microsoft C++ ABI [-Wmismatched-tags]
  167 | struct constvectorview {
      | ^
./praat.github.io/melder/melder_tensor.h:55:23: note: did you mean struct here?
   55 | template <typename T> class constvectorview;
      |                       ^~~~~
      |                       struct
./praat.github.io/melder/melder_tensor.h:207:1: warning: 'autovector' defined as a struct template here but previously declared as a class template; this is valid, but may result in linker errors under the Microsoft C++ ABI [-Wmismatched-tags]
  207 | struct autovector {
      | ^
./praat.github.io/melder/melder_tensor.h:56:23: note: did you mean struct here?
   56 | template <typename T> class autovector;
      |                       ^~~~~
      |                       struct
./praat.github.io/melder/melder_tensor.h:388:1: warning: 'matrix' defined as a struct template here but previously declared as a class template; this is valid, but may result in linker errors under the Microsoft C++ ABI [-Wmismatched-tags]
  388 | struct matrix {
      | ^
./praat.github.io/melder/melder_tensor.h:57:23: note: did you mean struct here?
   57 | template <typename T> class matrix;
      |                       ^~~~~
      |                       struct
./praat.github.io/melder/melder_tensor.h:461:1: warning: 'constmatrix' defined as a struct template here but previously declared as a class template; this is valid, but may result in linker errors under the Microsoft C++ ABI [-Wmismatched-tags]
  461 | struct constmatrix {
      | ^
./praat.github.io/melder/melder_tensor.h:58:23: note: did you mean struct here?
   58 | template <typename T> class constmatrix;
      |                       ^~~~~
      |                       struct
./praat.github.io/melder/melder_tensor.h:532:1: warning: 'matrixview' defined as a struct template here but previously declared as a class template; this is valid, but may result in linker errors under the Microsoft C++ ABI [-Wmismatched-tags]
  532 | struct matrixview {
      | ^
./praat.github.io/melder/melder_tensor.h:59:23: note: did you mean struct here?
   59 | template <typename T> class matrixview;
      |                       ^~~~~
      |                       struct
./praat.github.io/melder/melder_tensor.h:612:1: warning: 'constmatrixview' defined as a struct template here but previously declared as a class template; this is valid, but may result in linker errors under the Microsoft C++ ABI [-Wmismatched-tags]
  612 | struct constmatrixview {
      | ^
./praat.github.io/melder/melder_tensor.h:60:23: note: did you mean struct here?
   60 | template <typename T> class constmatrixview;
      |                       ^~~~~
      |                       struct
./praat.github.io/melder/melder_tensor.h:683:1: warning: 'automatrix' defined as a struct template here but previously declared as a class template; this is valid, but may result in linker errors under the Microsoft C++ ABI [-Wmismatched-tags]
  683 | struct automatrix {
      | ^
./praat.github.io/melder/melder_tensor.h:61:23: note: did you mean struct here?
   61 | template <typename T> class automatrix;
      |                       ^~~~~
      |                       struct
./praat.github.io/melder/melder_tensor.h:703:18: warning: unused variable 'numberOfColumnsInThisRow' [-Wunused-variable]
  703 |                         const integer numberOfColumnsInThisRow = uinteger_to_integer_a (row.size());
      |                                       ^~~~~~~~~~~~~~~~~~~~~~~~
In file included from num_stubs.cpp:8:
In file included from ./praat.github.io/sys/Data.h:23:
./praat.github.io/sys/Thing.h:77:9: warning: struct 'structThing' was previously declared as a class; this is valid, but may result in linker errors under the Microsoft C++ ABI [-Wmismatched-tags]
   77 | typedef struct structThing *Thing;   // we need an explicit "struct" here, because this is a forward declaration
      |         ^
./praat.github.io/melder/MelderArg.h:21:15: note: previous use is here
   21 | typedef class structThing *Thing;   // forward declaration
      |               ^
In file included from num_stubs.cpp:8:
In file included from ./praat.github.io/sys/Data.h:23:
./praat.github.io/sys/Thing.h:78:9: warning: struct 'structThing' was previously declared as a class; this is valid, but may result in linker errors under the Microsoft C++ ABI [-Wmismatched-tags]
   78 | typedef struct structThing *mutableThing;
      |         ^
./praat.github.io/melder/MelderArg.h:21:15: note: previous use is here
   21 | typedef class structThing *Thing;   // forward declaration
      |               ^
In file included from num_stubs.cpp:8:
In file included from ./praat.github.io/sys/Data.h:23:
./praat.github.io/sys/Thing.h:79:15: warning: struct 'structThing' was previously declared as a class; this is valid, but may result in linker errors under the Microsoft C++ ABI [-Wmismatched-tags]
   79 | typedef const struct structThing *constThing;
      |               ^
./praat.github.io/melder/MelderArg.h:21:15: note: previous use is here
   21 | typedef class structThing *Thing;   // forward declaration
      |               ^
In file included from num_stubs.cpp:8:
In file included from ./praat.github.io/sys/Data.h:23:
./praat.github.io/sys/Thing.h:82:1: warning: 'structThing' defined as a struct here but previously declared as a class; this is valid, but may result in linker errors under the Microsoft C++ ABI [-Wmismatched-tags]
   82 | struct structThing {
      | ^
./praat.github.io/melder/MelderArg.h:21:9: note: did you mean struct here?
   21 | typedef class structThing *Thing;   // forward declaration
      |         ^~~~~
      |         struct
In file included from num_stubs.cpp:10:
In file included from ./praat.github.io/fon/Vector.h:24:
In file included from ./praat.github.io/fon/Matrix.h:21:
In file included from ./praat.github.io/fon/SampledXY.h:21:
In file included from ./praat.github.io/fon/Sampled.h:23:
praat.github.io/sys/Graphics.h:42:1: warning: struct 'structGraphics' was previously declared as a class; this is valid, but may result in linker errors under the Microsoft C++ ABI [-Wmismatched-tags]
   42 | Thing_define (Graphics, Thing) {
      | ^
./praat.github.io/sys/Thing.h:60:2: note: expanded from macro 'Thing_define'
   60 |         Thing_declare (klas); \
      |         ^
./praat.github.io/sys/Thing.h:52:10: note: expanded from macro 'Thing_declare'
   52 |         typedef struct struct##klas *klas; \
      |                 ^
./praat.github.io/melder/melder_progress.h:143:15: note: previous use is here
  143 | typedef class structGraphics *Graphics;
      |               ^
In file included from num_stubs.cpp:10:
In file included from ./praat.github.io/fon/Vector.h:24:
In file included from ./praat.github.io/fon/Matrix.h:21:
In file included from ./praat.github.io/fon/SampledXY.h:21:
In file included from ./praat.github.io/fon/Sampled.h:23:
praat.github.io/sys/Graphics.h:42:1: warning: struct 'structGraphics' was previously declared as a class; this is valid, but may result in linker errors under the Microsoft C++ ABI [-Wmismatched-tags]
   42 | Thing_define (Graphics, Thing) {
      | ^
./praat.github.io/sys/Thing.h:60:2: note: expanded from macro 'Thing_define'
   60 |         Thing_declare (klas); \
      |         ^
./praat.github.io/sys/Thing.h:53:10: note: expanded from macro 'Thing_declare'
   53 |         typedef struct struct##klas *mutable##klas; \
      |                 ^
./praat.github.io/melder/melder_progress.h:143:15: note: previous use is here
  143 | typedef class structGraphics *Graphics;
      |               ^
In file included from num_stubs.cpp:10:
In file included from ./praat.github.io/fon/Vector.h:24:
In file included from ./praat.github.io/fon/Matrix.h:21:
In file included from ./praat.github.io/fon/SampledXY.h:21:
In file included from ./praat.github.io/fon/Sampled.h:23:
praat.github.io/sys/Graphics.h:42:1: warning: struct 'structGraphics' was previously declared as a class; this is valid, but may result in linker errors under the Microsoft C++ ABI [-Wmismatched-tags]
   42 | Thing_define (Graphics, Thing) {
      | ^
./praat.github.io/sys/Thing.h:60:2: note: expanded from macro 'Thing_define'
   60 |         Thing_declare (klas); \
      |         ^
./praat.github.io/sys/Thing.h:54:16: note: expanded from macro 'Thing_declare'
   54 |         typedef const struct struct##klas *const##klas; \
      |                       ^
./praat.github.io/melder/melder_progress.h:143:15: note: previous use is here
  143 | typedef class structGraphics *Graphics;
      |               ^
In file included from num_stubs.cpp:10:
In file included from ./praat.github.io/fon/Vector.h:24:
In file included from ./praat.github.io/fon/Matrix.h:21:
In file included from ./praat.github.io/fon/SampledXY.h:21:
In file included from ./praat.github.io/fon/Sampled.h:23:
praat.github.io/sys/Graphics.h:42:1: warning: 'structGraphics' defined as a struct here but previously declared as a class; this is valid, but may result in linker errors under the Microsoft C++ ABI [-Wmismatched-tags]
   42 | Thing_define (Graphics, Thing) {
      | ^
./praat.github.io/sys/Thing.h:62:2: note: expanded from macro 'Thing_define'
   62 |         struct struct##klas : public struct##syntacticParentKlas
      |         ^
./praat.github.io/melder/melder_progress.h:143:9: note: did you mean struct here?
  143 | typedef class structGraphics *Graphics;
      |         ^~~~~
      |         struct
In file included from num_stubs.cpp:12:
./praat.github.io/dwsys/NUMlapack.h:152:18: warning: variable length arrays in C++ are a Clang extension [-Wvla-cxx-extension]
  152 |     int ipiv_int[*n];
      |                  ^~
./praat.github.io/dwsys/NUMlapack.h:152:19: note: function parameter 'n' with unknown value cannot be used in a constant expression
  152 |     int ipiv_int[*n];
      |                   ^
./praat.github.io/dwsys/NUMlapack.h:146:54: note: declared here
  146 | static inline int dsytrf_(const char* uplo, integer* n, double* a, integer* lda,
      |                                                      ^
./praat.github.io/dwsys/NUMlapack.h:165:18: warning: variable length arrays in C++ are a Clang extension [-Wvla-cxx-extension]
  165 |     int ipiv_int[*n];
      |                  ^~
./praat.github.io/dwsys/NUMlapack.h:165:19: note: function parameter 'n' with unknown value cannot be used in a constant expression
  165 |     int ipiv_int[*n];
      |                   ^
./praat.github.io/dwsys/NUMlapack.h:162:54: note: declared here
  162 | static inline int dsytri_(const char* uplo, integer* n, double* a, integer* lda, integer* ipiv,
      |                                                      ^
21 warnings generated.
clang++ -arch arm64 -std=gnu++17 -I"/Library/Frameworks/R.framework/Resources/include" -DNDEBUG -DHAVE_XSIMD -I. -Igsl-2.8 -Igsl-2.8/gsl -Ipraat.github.io -Ipraat.github.io/kar -Ipraat.github.io/melder -Ipraat.github.io/sys -Ipraat.github.io/dwsys -Ipraat.github.io/dwtools -Ipraat.github.io/stat -Ipraat.github.io/fon -Ipraat.github.io/foned -Ipraat.github.io/LPC -Ipraat.github.io/sensors -Ipraat.github.io/external/portaudio -Ipraat.github.io/external/flac -Ipraat.github.io/external/mp3 -Ipraat.github.io/external/espeak -Ipraat.github.io/external/gsl -Ipraat/external/gsl -Ipraat.github.io/external/glpk -Ipraat/external/glpk -Ipraat.github.io/external/num -Ipraat/external/num -Iclapack/INCLUDE -I'/Library/Frameworks/R.framework/Versions/4.4-arm64/Resources/library/Rcpp/include' -I'/Library/Frameworks/R.framework/Versions/4.4-arm64/Resources/library/RcppXsimd/include' -I/opt/R/arm64/include -I/opt/homebrew/opt/libomp/include -Xclang -fopenmp   -DPRAAT_LIB -DNO_GUI -DNO_AUDIO -DNO_GRAPHICS -DNO_NETWORK -DUNIX -pthread -ffp-contract=off -Wno-unused-parameter -Wno-sign-compare -Wno-unused-variable -Wno-deprecated-declarations -Wno-trigraphs -Wno-logical-op-parentheses -Wno-shift-op-parentheses -Wno-mismatched-tags -Wno-unused-const-variable -Wno-c++11-narrowing -march=armv8-a+simd -fPIC  -falign-functions=64 -Wall -g -O2   -c longsound_stub.cpp -o longsound_stub.o
In file included from longsound_stub.cpp:6:
In file included from praat.github.io/melder/melder.h:76:
praat.github.io/melder/melder_tensor.h:64:1: warning: 'vector' defined as a struct template here but previously declared as a class template; this is valid, but may result in linker errors under the Microsoft C++ ABI [-Wmismatched-tags]
   64 | struct vector {
      | ^
praat.github.io/melder/melder_tensor.h:52:23: note: did you mean struct here?
   52 | template <typename T> class vector;
      |                       ^~~~~
      |                       struct
praat.github.io/melder/melder_tensor.h:104:1: warning: 'constvector' defined as a struct template here but previously declared as a class template; this is valid, but may result in linker errors under the Microsoft C++ ABI [-Wmismatched-tags]
  104 | struct constvector {
      | ^
praat.github.io/melder/melder_tensor.h:53:23: note: did you mean struct here?
   53 | template <typename T> class constvector;
      |                       ^~~~~
      |                       struct
praat.github.io/melder/melder_tensor.h:137:1: warning: 'vectorview' defined as a struct template here but previously declared as a class template; this is valid, but may result in linker errors under the Microsoft C++ ABI [-Wmismatched-tags]
  137 | struct vectorview {
      | ^
praat.github.io/melder/melder_tensor.h:54:23: note: did you mean struct here?
   54 | template <typename T> class vectorview;
      |                       ^~~~~
      |                       struct
praat.github.io/melder/melder_tensor.h:167:1: warning: 'constvectorview' defined as a struct template here but previously declared as a class template; this is valid, but may result in linker errors under the Microsoft C++ ABI [-Wmismatched-tags]
  167 | struct constvectorview {
      | ^
praat.github.io/melder/melder_tensor.h:55:23: note: did you mean struct here?
   55 | template <typename T> class constvectorview;
      |                       ^~~~~
      |                       struct
praat.github.io/melder/melder_tensor.h:207:1: warning: 'autovector' defined as a struct template here but previously declared as a class template; this is valid, but may result in linker errors under the Microsoft C++ ABI [-Wmismatched-tags]
  207 | struct autovector {
      | ^
praat.github.io/melder/melder_tensor.h:56:23: note: did you mean struct here?
   56 | template <typename T> class autovector;
      |                       ^~~~~
      |                       struct
praat.github.io/melder/melder_tensor.h:388:1: warning: 'matrix' defined as a struct template here but previously declared as a class template; this is valid, but may result in linker errors under the Microsoft C++ ABI [-Wmismatched-tags]
  388 | struct matrix {
      | ^
praat.github.io/melder/melder_tensor.h:57:23: note: did you mean struct here?
   57 | template <typename T> class matrix;
      |                       ^~~~~
      |                       struct
praat.github.io/melder/melder_tensor.h:461:1: warning: 'constmatrix' defined as a struct template here but previously declared as a class template; this is valid, but may result in linker errors under the Microsoft C++ ABI [-Wmismatched-tags]
  461 | struct constmatrix {
      | ^
praat.github.io/melder/melder_tensor.h:58:23: note: did you mean struct here?
   58 | template <typename T> class constmatrix;
      |                       ^~~~~
      |                       struct
praat.github.io/melder/melder_tensor.h:532:1: warning: 'matrixview' defined as a struct template here but previously declared as a class template; this is valid, but may result in linker errors under the Microsoft C++ ABI [-Wmismatched-tags]
  532 | struct matrixview {
      | ^
praat.github.io/melder/melder_tensor.h:59:23: note: did you mean struct here?
   59 | template <typename T> class matrixview;
      |                       ^~~~~
      |                       struct
praat.github.io/melder/melder_tensor.h:612:1: warning: 'constmatrixview' defined as a struct template here but previously declared as a class template; this is valid, but may result in linker errors under the Microsoft C++ ABI [-Wmismatched-tags]
  612 | struct constmatrixview {
      | ^
praat.github.io/melder/melder_tensor.h:60:23: note: did you mean struct here?
   60 | template <typename T> class constmatrixview;
      |                       ^~~~~
      |                       struct
praat.github.io/melder/melder_tensor.h:683:1: warning: 'automatrix' defined as a struct template here but previously declared as a class template; this is valid, but may result in linker errors under the Microsoft C++ ABI [-Wmismatched-tags]
  683 | struct automatrix {
      | ^
praat.github.io/melder/melder_tensor.h:61:23: note: did you mean struct here?
   61 | template <typename T> class automatrix;
      |                       ^~~~~
      |                       struct
praat.github.io/melder/melder_tensor.h:703:18: warning: unused variable 'numberOfColumnsInThisRow' [-Wunused-variable]
  703 |                         const integer numberOfColumnsInThisRow = uinteger_to_integer_a (row.size());
      |                                       ^~~~~~~~~~~~~~~~~~~~~~~~
In file included from longsound_stub.cpp:7:
In file included from praat.github.io/fon/Sampled.h:22:
In file included from praat.github.io/fon/Function.h:21:
In file included from praat.github.io/sys/Collection.h:25:
In file included from praat.github.io/sys/Simple.h:21:
In file included from praat.github.io/sys/Data.h:23:
praat.github.io/sys/Thing.h:77:9: warning: struct 'structThing' was previously declared as a class; this is valid, but may result in linker errors under the Microsoft C++ ABI [-Wmismatched-tags]
   77 | typedef struct structThing *Thing;   // we need an explicit "struct" here, because this is a forward declaration
      |         ^
praat.github.io/melder/MelderArg.h:21:15: note: previous use is here
   21 | typedef class structThing *Thing;   // forward declaration
      |               ^
In file included from longsound_stub.cpp:7:
In file included from praat.github.io/fon/Sampled.h:22:
In file included from praat.github.io/fon/Function.h:21:
In file included from praat.github.io/sys/Collection.h:25:
In file included from praat.github.io/sys/Simple.h:21:
In file included from praat.github.io/sys/Data.h:23:
praat.github.io/sys/Thing.h:78:9: warning: struct 'structThing' was previously declared as a class; this is valid, but may result in linker errors under the Microsoft C++ ABI [-Wmismatched-tags]
   78 | typedef struct structThing *mutableThing;
      |         ^
praat.github.io/melder/MelderArg.h:21:15: note: previous use is here
   21 | typedef class structThing *Thing;   // forward declaration
      |               ^
In file included from longsound_stub.cpp:7:
In file included from praat.github.io/fon/Sampled.h:22:
In file included from praat.github.io/fon/Function.h:21:
In file included from praat.github.io/sys/Collection.h:25:
In file included from praat.github.io/sys/Simple.h:21:
In file included from praat.github.io/sys/Data.h:23:
praat.github.io/sys/Thing.h:79:15: warning: struct 'structThing' was previously declared as a class; this is valid, but may result in linker errors under the Microsoft C++ ABI [-Wmismatched-tags]
   79 | typedef const struct structThing *constThing;
      |               ^
praat.github.io/melder/MelderArg.h:21:15: note: previous use is here
   21 | typedef class structThing *Thing;   // forward declaration
      |               ^
In file included from longsound_stub.cpp:7:
In file included from praat.github.io/fon/Sampled.h:22:
In file included from praat.github.io/fon/Function.h:21:
In file included from praat.github.io/sys/Collection.h:25:
In file included from praat.github.io/sys/Simple.h:21:
In file included from praat.github.io/sys/Data.h:23:
praat.github.io/sys/Thing.h:82:1: warning: 'structThing' defined as a struct here but previously declared as a class; this is valid, but may result in linker errors under the Microsoft C++ ABI [-Wmismatched-tags]
   82 | struct structThing {
      | ^
praat.github.io/melder/MelderArg.h:21:9: note: did you mean struct here?
   21 | typedef class structThing *Thing;   // forward declaration
      |         ^~~~~
      |         struct
In file included from longsound_stub.cpp:7:
In file included from praat.github.io/fon/Sampled.h:23:
praat.github.io/sys/Graphics.h:42:1: warning: struct 'structGraphics' was previously declared as a class; this is valid, but may result in linker errors under the Microsoft C++ ABI [-Wmismatched-tags]
   42 | Thing_define (Graphics, Thing) {
      | ^
praat.github.io/sys/Thing.h:60:2: note: expanded from macro 'Thing_define'
   60 |         Thing_declare (klas); \
      |         ^
praat.github.io/sys/Thing.h:52:10: note: expanded from macro 'Thing_declare'
   52 |         typedef struct struct##klas *klas; \
      |                 ^
praat.github.io/melder/melder_progress.h:143:15: note: previous use is here
  143 | typedef class structGraphics *Graphics;
      |               ^
In file included from longsound_stub.cpp:7:
In file included from praat.github.io/fon/Sampled.h:23:
praat.github.io/sys/Graphics.h:42:1: warning: struct 'structGraphics' was previously declared as a class; this is valid, but may result in linker errors under the Microsoft C++ ABI [-Wmismatched-tags]
   42 | Thing_define (Graphics, Thing) {
      | ^
praat.github.io/sys/Thing.h:60:2: note: expanded from macro 'Thing_define'
   60 |         Thing_declare (klas); \
      |         ^
praat.github.io/sys/Thing.h:53:10: note: expanded from macro 'Thing_declare'
   53 |         typedef struct struct##klas *mutable##klas; \
      |                 ^
praat.github.io/melder/melder_progress.h:143:15: note: previous use is here
  143 | typedef class structGraphics *Graphics;
      |               ^
In file included from longsound_stub.cpp:7:
In file included from praat.github.io/fon/Sampled.h:23:
praat.github.io/sys/Graphics.h:42:1: warning: struct 'structGraphics' was previously declared as a class; this is valid, but may result in linker errors under the Microsoft C++ ABI [-Wmismatched-tags]
   42 | Thing_define (Graphics, Thing) {
      | ^
praat.github.io/sys/Thing.h:60:2: note: expanded from macro 'Thing_define'
   60 |         Thing_declare (klas); \
      |         ^
praat.github.io/sys/Thing.h:54:16: note: expanded from macro 'Thing_declare'
   54 |         typedef const struct struct##klas *const##klas; \
      |                       ^
praat.github.io/melder/melder_progress.h:143:15: note: previous use is here
  143 | typedef class structGraphics *Graphics;
      |               ^
In file included from longsound_stub.cpp:7:
In file included from praat.github.io/fon/Sampled.h:23:
praat.github.io/sys/Graphics.h:42:1: warning: 'structGraphics' defined as a struct here but previously declared as a class; this is valid, but may result in linker errors under the Microsoft C++ ABI [-Wmismatched-tags]
   42 | Thing_define (Graphics, Thing) {
      | ^
praat.github.io/sys/Thing.h:62:2: note: expanded from macro 'Thing_define'
   62 |         struct struct##klas : public struct##syntacticParentKlas
      |         ^
praat.github.io/melder/melder_progress.h:143:9: note: did you mean struct here?
  143 | typedef class structGraphics *Graphics;
      |         ^~~~~
      |         struct
longsound_stub.cpp:17:1: warning: class 'structLongSound' was previously declared as a struct; this is valid, but may result in linker errors under the Microsoft C++ ABI [-Wmismatched-tags]
   17 | Thing_implement (LongSound, Sampled, 0);
      | ^
praat.github.io/sys/Thing.h:66:105: note: expanded from macro 'Thing_implement'
   66 |         struct structClassInfo theClassInfo_##klas = { U"" #klas, & theClassInfo_##semanticParentKlas, sizeof (class struct##klas), _##klas##_new, version, 0, nullptr}; \
      |                                                                                                                ^
longsound_stub.cpp:13:1: note: previous use is here
   13 | Thing_define (LongSound, Sampled) {
      | ^
praat.github.io/sys/Thing.h:62:9: note: expanded from macro 'Thing_define'
   62 |         struct struct##klas : public struct##syntacticParentKlas
      |                ^
<scratch space>:200:1: note: expanded from here
  200 | structLongSound
      | ^
longsound_stub.cpp:17:1: note: did you mean struct here?
   17 | Thing_implement (LongSound, Sampled, 0);
      | ^
praat.github.io/sys/Thing.h:66:105: note: expanded from macro 'Thing_implement'
   66 |         struct structClassInfo theClassInfo_##klas = { U"" #klas, & theClassInfo_##semanticParentKlas, sizeof (class struct##klas), _##klas##_new, version, 0, nullptr}; \
      |                                                                                                                ^
20 warnings generated.
clang++ -arch arm64 -std=gnu++17 -I"/Library/Frameworks/R.framework/Resources/include" -DNDEBUG -DHAVE_XSIMD -I. -Igsl-2.8 -Igsl-2.8/gsl -Ipraat.github.io -Ipraat.github.io/kar -Ipraat.github.io/melder -Ipraat.github.io/sys -Ipraat.github.io/dwsys -Ipraat.github.io/dwtools -Ipraat.github.io/stat -Ipraat.github.io/fon -Ipraat.github.io/foned -Ipraat.github.io/LPC -Ipraat.github.io/sensors -Ipraat.github.io/external/portaudio -Ipraat.github.io/external/flac -Ipraat.github.io/external/mp3 -Ipraat.github.io/external/espeak -Ipraat.github.io/external/gsl -Ipraat/external/gsl -Ipraat.github.io/external/glpk -Ipraat/external/glpk -Ipraat.github.io/external/num -Ipraat/external/num -Iclapack/INCLUDE -I'/Library/Frameworks/R.framework/Versions/4.4-arm64/Resources/library/Rcpp/include' -I'/Library/Frameworks/R.framework/Versions/4.4-arm64/Resources/library/RcppXsimd/include' -I/opt/R/arm64/include -I/opt/homebrew/opt/libomp/include -Xclang -fopenmp   -DPRAAT_LIB -DNO_GUI -DNO_AUDIO -DNO_GRAPHICS -DNO_NETWORK -DUNIX -pthread -ffp-contract=off -Wno-unused-parameter -Wno-sign-compare -Wno-unused-variable -Wno-deprecated-declarations -Wno-trigraphs -Wno-logical-op-parentheses -Wno-shift-op-parentheses -Wno-mismatched-tags -Wno-unused-const-variable -Wno-c++11-narrowing -march=armv8-a+simd -fPIC  -falign-functions=64 -Wall -g -O2   -c graphics_stubs_comprehensive.cpp -o graphics_stubs_comprehensive.o
In file included from graphics_stubs_comprehensive.cpp:4:
In file included from ./praat.github.io/sys/Thing.h:24:
In file included from praat.github.io/melder/melder.h:76:
praat.github.io/melder/melder_tensor.h:64:1: warning: 'vector' defined as a struct template here but previously declared as a class template; this is valid, but may result in linker errors under the Microsoft C++ ABI [-Wmismatched-tags]
   64 | struct vector {
      | ^
praat.github.io/melder/melder_tensor.h:52:23: note: did you mean struct here?
   52 | template <typename T> class vector;
      |                       ^~~~~
      |                       struct
praat.github.io/melder/melder_tensor.h:104:1: warning: 'constvector' defined as a struct template here but previously declared as a class template; this is valid, but may result in linker errors under the Microsoft C++ ABI [-Wmismatched-tags]
  104 | struct constvector {
      | ^
praat.github.io/melder/melder_tensor.h:53:23: note: did you mean struct here?
   53 | template <typename T> class constvector;
      |                       ^~~~~
      |                       struct
praat.github.io/melder/melder_tensor.h:137:1: warning: 'vectorview' defined as a struct template here but previously declared as a class template; this is valid, but may result in linker errors under the Microsoft C++ ABI [-Wmismatched-tags]
  137 | struct vectorview {
      | ^
praat.github.io/melder/melder_tensor.h:54:23: note: did you mean struct here?
   54 | template <typename T> class vectorview;
      |                       ^~~~~
      |                       struct
praat.github.io/melder/melder_tensor.h:167:1: warning: 'constvectorview' defined as a struct template here but previously declared as a class template; this is valid, but may result in linker errors under the Microsoft C++ ABI [-Wmismatched-tags]
  167 | struct constvectorview {
      | ^
praat.github.io/melder/melder_tensor.h:55:23: note: did you mean struct here?
   55 | template <typename T> class constvectorview;
      |                       ^~~~~
      |                       struct
praat.github.io/melder/melder_tensor.h:207:1: warning: 'autovector' defined as a struct template here but previously declared as a class template; this is valid, but may result in linker errors under the Microsoft C++ ABI [-Wmismatched-tags]
  207 | struct autovector {
      | ^
praat.github.io/melder/melder_tensor.h:56:23: note: did you mean struct here?
   56 | template <typename T> class autovector;
      |                       ^~~~~
      |                       struct
praat.github.io/melder/melder_tensor.h:388:1: warning: 'matrix' defined as a struct template here but previously declared as a class template; this is valid, but may result in linker errors under the Microsoft C++ ABI [-Wmismatched-tags]
  388 | struct matrix {
      | ^
praat.github.io/melder/melder_tensor.h:57:23: note: did you mean struct here?
   57 | template <typename T> class matrix;
      |                       ^~~~~
      |                       struct
praat.github.io/melder/melder_tensor.h:461:1: warning: 'constmatrix' defined as a struct template here but previously declared as a class template; this is valid, but may result in linker errors under the Microsoft C++ ABI [-Wmismatched-tags]
  461 | struct constmatrix {
      | ^
praat.github.io/melder/melder_tensor.h:58:23: note: did you mean struct here?
   58 | template <typename T> class constmatrix;
      |                       ^~~~~
      |                       struct
praat.github.io/melder/melder_tensor.h:532:1: warning: 'matrixview' defined as a struct template here but previously declared as a class template; this is valid, but may result in linker errors under the Microsoft C++ ABI [-Wmismatched-tags]
  532 | struct matrixview {
      | ^
praat.github.io/melder/melder_tensor.h:59:23: note: did you mean struct here?
   59 | template <typename T> class matrixview;
      |                       ^~~~~
      |                       struct
praat.github.io/melder/melder_tensor.h:612:1: warning: 'constmatrixview' defined as a struct template here but previously declared as a class template; this is valid, but may result in linker errors under the Microsoft C++ ABI [-Wmismatched-tags]
  612 | struct constmatrixview {
      | ^
praat.github.io/melder/melder_tensor.h:60:23: note: did you mean struct here?
   60 | template <typename T> class constmatrixview;
      |                       ^~~~~
      |                       struct
praat.github.io/melder/melder_tensor.h:683:1: warning: 'automatrix' defined as a struct template here but previously declared as a class template; this is valid, but may result in linker errors under the Microsoft C++ ABI [-Wmismatched-tags]
  683 | struct automatrix {
      | ^
praat.github.io/melder/melder_tensor.h:61:23: note: did you mean struct here?
   61 | template <typename T> class automatrix;
      |                       ^~~~~
      |                       struct
praat.github.io/melder/melder_tensor.h:703:18: warning: unused variable 'numberOfColumnsInThisRow' [-Wunused-variable]
  703 |                         const integer numberOfColumnsInThisRow = uinteger_to_integer_a (row.size());
      |                                       ^~~~~~~~~~~~~~~~~~~~~~~~
In file included from graphics_stubs_comprehensive.cpp:4:
./praat.github.io/sys/Thing.h:77:9: warning: struct 'structThing' was previously declared as a class; this is valid, but may result in linker errors under the Microsoft C++ ABI [-Wmismatched-tags]
   77 | typedef struct structThing *Thing;   // we need an explicit "struct" here, because this is a forward declaration
      |         ^
praat.github.io/melder/MelderArg.h:21:15: note: previous use is here
   21 | typedef class structThing *Thing;   // forward declaration
      |               ^
In file included from graphics_stubs_comprehensive.cpp:4:
./praat.github.io/sys/Thing.h:78:9: warning: struct 'structThing' was previously declared as a class; this is valid, but may result in linker errors under the Microsoft C++ ABI [-Wmismatched-tags]
   78 | typedef struct structThing *mutableThing;
      |         ^
praat.github.io/melder/MelderArg.h:21:15: note: previous use is here
   21 | typedef class structThing *Thing;   // forward declaration
      |               ^
In file included from graphics_stubs_comprehensive.cpp:4:
./praat.github.io/sys/Thing.h:79:15: warning: struct 'structThing' was previously declared as a class; this is valid, but may result in linker errors under the Microsoft C++ ABI [-Wmismatched-tags]
   79 | typedef const struct structThing *constThing;
      |               ^
praat.github.io/melder/MelderArg.h:21:15: note: previous use is here
   21 | typedef class structThing *Thing;   // forward declaration
      |               ^
In file included from graphics_stubs_comprehensive.cpp:4:
./praat.github.io/sys/Thing.h:82:1: warning: 'structThing' defined as a struct here but previously declared as a class; this is valid, but may result in linker errors under the Microsoft C++ ABI [-Wmismatched-tags]
   82 | struct structThing {
      | ^
praat.github.io/melder/MelderArg.h:21:9: note: did you mean struct here?
   21 | typedef class structThing *Thing;   // forward declaration
      |         ^~~~~
      |         struct
In file included from graphics_stubs_comprehensive.cpp:5:
./praat.github.io/sys/Graphics.h:42:1: warning: struct 'structGraphics' was previously declared as a class; this is valid, but may result in linker errors under the Microsoft C++ ABI [-Wmismatched-tags]
   42 | Thing_define (Graphics, Thing) {
      | ^
./praat.github.io/sys/Thing.h:60:2: note: expanded from macro 'Thing_define'
   60 |         Thing_declare (klas); \
      |         ^
./praat.github.io/sys/Thing.h:52:10: note: expanded from macro 'Thing_declare'
   52 |         typedef struct struct##klas *klas; \
      |                 ^
praat.github.io/melder/melder_progress.h:143:15: note: previous use is here
  143 | typedef class structGraphics *Graphics;
      |               ^
In file included from graphics_stubs_comprehensive.cpp:5:
./praat.github.io/sys/Graphics.h:42:1: warning: struct 'structGraphics' was previously declared as a class; this is valid, but may result in linker errors under the Microsoft C++ ABI [-Wmismatched-tags]
   42 | Thing_define (Graphics, Thing) {
      | ^
./praat.github.io/sys/Thing.h:60:2: note: expanded from macro 'Thing_define'
   60 |         Thing_declare (klas); \
      |         ^
./praat.github.io/sys/Thing.h:53:10: note: expanded from macro 'Thing_declare'
   53 |         typedef struct struct##klas *mutable##klas; \
      |                 ^
praat.github.io/melder/melder_progress.h:143:15: note: previous use is here
  143 | typedef class structGraphics *Graphics;
      |               ^
In file included from graphics_stubs_comprehensive.cpp:5:
./praat.github.io/sys/Graphics.h:42:1: warning: struct 'structGraphics' was previously declared as a class; this is valid, but may result in linker errors under the Microsoft C++ ABI [-Wmismatched-tags]
   42 | Thing_define (Graphics, Thing) {
      | ^
./praat.github.io/sys/Thing.h:60:2: note: expanded from macro 'Thing_define'
   60 |         Thing_declare (klas); \
      |         ^
./praat.github.io/sys/Thing.h:54:16: note: expanded from macro 'Thing_declare'
   54 |         typedef const struct struct##klas *const##klas; \
      |                       ^
praat.github.io/melder/melder_progress.h:143:15: note: previous use is here
  143 | typedef class structGraphics *Graphics;
      |               ^
In file included from graphics_stubs_comprehensive.cpp:5:
./praat.github.io/sys/Graphics.h:42:1: warning: 'structGraphics' defined as a struct here but previously declared as a class; this is valid, but may result in linker errors under the Microsoft C++ ABI [-Wmismatched-tags]
   42 | Thing_define (Graphics, Thing) {
      | ^
./praat.github.io/sys/Thing.h:62:2: note: expanded from macro 'Thing_define'
   62 |         struct struct##klas : public struct##syntacticParentKlas
      |         ^
praat.github.io/melder/melder_progress.h:143:9: note: did you mean struct here?
  143 | typedef class structGraphics *Graphics;
      |         ^~~~~
      |         struct
19 warnings generated.
clang++ -arch arm64 -std=gnu++17 -I"/Library/Frameworks/R.framework/Resources/include" -DNDEBUG -DHAVE_XSIMD -I. -Igsl-2.8 -Igsl-2.8/gsl -Ipraat.github.io -Ipraat.github.io/kar -Ipraat.github.io/melder -Ipraat.github.io/sys -Ipraat.github.io/dwsys -Ipraat.github.io/dwtools -Ipraat.github.io/stat -Ipraat.github.io/fon -Ipraat.github.io/foned -Ipraat.github.io/LPC -Ipraat.github.io/sensors -Ipraat.github.io/external/portaudio -Ipraat.github.io/external/flac -Ipraat.github.io/external/mp3 -Ipraat.github.io/external/espeak -Ipraat.github.io/external/gsl -Ipraat/external/gsl -Ipraat.github.io/external/glpk -Ipraat/external/glpk -Ipraat.github.io/external/num -Ipraat/external/num -Iclapack/INCLUDE -I'/Library/Frameworks/R.framework/Versions/4.4-arm64/Resources/library/Rcpp/include' -I'/Library/Frameworks/R.framework/Versions/4.4-arm64/Resources/library/RcppXsimd/include' -I/opt/R/arm64/include -I/opt/homebrew/opt/libomp/include -Xclang -fopenmp   -DPRAAT_LIB -DNO_GUI -DNO_AUDIO -DNO_GRAPHICS -DNO_NETWORK -DUNIX -pthread -ffp-contract=off -Wno-unused-parameter -Wno-sign-compare -Wno-unused-variable -Wno-deprecated-declarations -Wno-trigraphs -Wno-logical-op-parentheses -Wno-shift-op-parentheses -Wno-mismatched-tags -Wno-unused-const-variable -Wno-c++11-narrowing -march=armv8-a+simd -fPIC  -falign-functions=64 -Wall -g -O2   -c uiform_stubs.cpp -o uiform_stubs.o
In file included from uiform_stubs.cpp:4:
In file included from ./praat.github.io/melder/melder.h:76:
./praat.github.io/melder/melder_tensor.h:64:1: warning: 'vector' defined as a struct template here but previously declared as a class template; this is valid, but may result in linker errors under the Microsoft C++ ABI [-Wmismatched-tags]
   64 | struct vector {
      | ^
./praat.github.io/melder/melder_tensor.h:52:23: note: did you mean struct here?
   52 | template <typename T> class vector;
      |                       ^~~~~
      |                       struct
./praat.github.io/melder/melder_tensor.h:104:1: warning: 'constvector' defined as a struct template here but previously declared as a class template; this is valid, but may result in linker errors under the Microsoft C++ ABI [-Wmismatched-tags]
  104 | struct constvector {
      | ^
./praat.github.io/melder/melder_tensor.h:53:23: note: did you mean struct here?
   53 | template <typename T> class constvector;
      |                       ^~~~~
      |                       struct
./praat.github.io/melder/melder_tensor.h:137:1: warning: 'vectorview' defined as a struct template here but previously declared as a class template; this is valid, but may result in linker errors under the Microsoft C++ ABI [-Wmismatched-tags]
  137 | struct vectorview {
      | ^
./praat.github.io/melder/melder_tensor.h:54:23: note: did you mean struct here?
   54 | template <typename T> class vectorview;
      |                       ^~~~~
      |                       struct
./praat.github.io/melder/melder_tensor.h:167:1: warning: 'constvectorview' defined as a struct template here but previously declared as a class template; this is valid, but may result in linker errors under the Microsoft C++ ABI [-Wmismatched-tags]
  167 | struct constvectorview {
      | ^
./praat.github.io/melder/melder_tensor.h:55:23: note: did you mean struct here?
   55 | template <typename T> class constvectorview;
      |                       ^~~~~
      |                       struct
./praat.github.io/melder/melder_tensor.h:207:1: warning: 'autovector' defined as a struct template here but previously declared as a class template; this is valid, but may result in linker errors under the Microsoft C++ ABI [-Wmismatched-tags]
  207 | struct autovector {
      | ^
./praat.github.io/melder/melder_tensor.h:56:23: note: did you mean struct here?
   56 | template <typename T> class autovector;
      |                       ^~~~~
      |                       struct
./praat.github.io/melder/melder_tensor.h:388:1: warning: 'matrix' defined as a struct template here but previously declared as a class template; this is valid, but may result in linker errors under the Microsoft C++ ABI [-Wmismatched-tags]
  388 | struct matrix {
      | ^
./praat.github.io/melder/melder_tensor.h:57:23: note: did you mean struct here?
   57 | template <typename T> class matrix;
      |                       ^~~~~
      |                       struct
./praat.github.io/melder/melder_tensor.h:461:1: warning: 'constmatrix' defined as a struct template here but previously declared as a class template; this is valid, but may result in linker errors under the Microsoft C++ ABI [-Wmismatched-tags]
  461 | struct constmatrix {
      | ^
./praat.github.io/melder/melder_tensor.h:58:23: note: did you mean struct here?
   58 | template <typename T> class constmatrix;
      |                       ^~~~~
      |                       struct
./praat.github.io/melder/melder_tensor.h:532:1: warning: 'matrixview' defined as a struct template here but previously declared as a class template; this is valid, but may result in linker errors under the Microsoft C++ ABI [-Wmismatched-tags]
  532 | struct matrixview {
      | ^
./praat.github.io/melder/melder_tensor.h:59:23: note: did you mean struct here?
   59 | template <typename T> class matrixview;
      |                       ^~~~~
      |                       struct
./praat.github.io/melder/melder_tensor.h:612:1: warning: 'constmatrixview' defined as a struct template here but previously declared as a class template; this is valid, but may result in linker errors under the Microsoft C++ ABI [-Wmismatched-tags]
  612 | struct constmatrixview {
      | ^
./praat.github.io/melder/melder_tensor.h:60:23: note: did you mean struct here?
   60 | template <typename T> class constmatrixview;
      |                       ^~~~~
      |                       struct
./praat.github.io/melder/melder_tensor.h:683:1: warning: 'automatrix' defined as a struct template here but previously declared as a class template; this is valid, but may result in linker errors under the Microsoft C++ ABI [-Wmismatched-tags]
  683 | struct automatrix {
      | ^
./praat.github.io/melder/melder_tensor.h:61:23: note: did you mean struct here?
   61 | template <typename T> class automatrix;
      |                       ^~~~~
      |                       struct
./praat.github.io/melder/melder_tensor.h:703:18: warning: unused variable 'numberOfColumnsInThisRow' [-Wunused-variable]
  703 |                         const integer numberOfColumnsInThisRow = uinteger_to_integer_a (row.size());
      |                                       ^~~~~~~~~~~~~~~~~~~~~~~~
11 warnings generated.
clang++ -arch arm64 -std=gnu++17 -I"/Library/Frameworks/R.framework/Resources/include" -DNDEBUG -DHAVE_XSIMD -I. -Igsl-2.8 -Igsl-2.8/gsl -Ipraat.github.io -Ipraat.github.io/kar -Ipraat.github.io/melder -Ipraat.github.io/sys -Ipraat.github.io/dwsys -Ipraat.github.io/dwtools -Ipraat.github.io/stat -Ipraat.github.io/fon -Ipraat.github.io/foned -Ipraat.github.io/LPC -Ipraat.github.io/sensors -Ipraat.github.io/external/portaudio -Ipraat.github.io/external/flac -Ipraat.github.io/external/mp3 -Ipraat.github.io/external/espeak -Ipraat.github.io/external/gsl -Ipraat/external/gsl -Ipraat.github.io/external/glpk -Ipraat/external/glpk -Ipraat.github.io/external/num -Ipraat/external/num -Iclapack/INCLUDE -I'/Library/Frameworks/R.framework/Versions/4.4-arm64/Resources/library/Rcpp/include' -I'/Library/Frameworks/R.framework/Versions/4.4-arm64/Resources/library/RcppXsimd/include' -I/opt/R/arm64/include -I/opt/homebrew/opt/libomp/include -Xclang -fopenmp   -DPRAAT_LIB -DNO_GUI -DNO_AUDIO -DNO_GRAPHICS -DNO_NETWORK -DUNIX -pthread -ffp-contract=off -Wno-unused-parameter -Wno-sign-compare -Wno-unused-variable -Wno-deprecated-declarations -Wno-trigraphs -Wno-logical-op-parentheses -Wno-shift-op-parentheses -Wno-mismatched-tags -Wno-unused-const-variable -Wno-c++11-narrowing -march=armv8-a+simd -fPIC  -falign-functions=64 -Wall -g -O2   -c svd_stubs.cpp -o svd_stubs.o
In file included from svd_stubs.cpp:6:
In file included from ./praat.github.io/dwsys/SVD.h:26:
In file included from ./praat.github.io/dwsys/NUM2.h:21:
In file included from ./praat.github.io/dwsys/ExtendedReal.h:37:
In file included from praat.github.io/sys/Data.h:23:
In file included from praat.github.io/sys/Thing.h:24:
In file included from praat.github.io/melder/melder.h:76:
praat.github.io/melder/melder_tensor.h:64:1: warning: 'vector' defined as a struct template here but previously declared as a class template; this is valid, but may result in linker errors under the Microsoft C++ ABI [-Wmismatched-tags]
   64 | struct vector {
      | ^
praat.github.io/melder/melder_tensor.h:52:23: note: did you mean struct here?
   52 | template <typename T> class vector;
      |                       ^~~~~
      |                       struct
praat.github.io/melder/melder_tensor.h:104:1: warning: 'constvector' defined as a struct template here but previously declared as a class template; this is valid, but may result in linker errors under the Microsoft C++ ABI [-Wmismatched-tags]
  104 | struct constvector {
      | ^
praat.github.io/melder/melder_tensor.h:53:23: note: did you mean struct here?
   53 | template <typename T> class constvector;
      |                       ^~~~~
      |                       struct
praat.github.io/melder/melder_tensor.h:137:1: warning: 'vectorview' defined as a struct template here but previously declared as a class template; this is valid, but may result in linker errors under the Microsoft C++ ABI [-Wmismatched-tags]
  137 | struct vectorview {
      | ^
praat.github.io/melder/melder_tensor.h:54:23: note: did you mean struct here?
   54 | template <typename T> class vectorview;
      |                       ^~~~~
      |                       struct
praat.github.io/melder/melder_tensor.h:167:1: warning: 'constvectorview' defined as a struct template here but previously declared as a class template; this is valid, but may result in linker errors under the Microsoft C++ ABI [-Wmismatched-tags]
  167 | struct constvectorview {
      | ^
praat.github.io/melder/melder_tensor.h:55:23: note: did you mean struct here?
   55 | template <typename T> class constvectorview;
      |                       ^~~~~
      |                       struct
praat.github.io/melder/melder_tensor.h:207:1: warning: 'autovector' defined as a struct template here but previously declared as a class template; this is valid, but may result in linker errors under the Microsoft C++ ABI [-Wmismatched-tags]
  207 | struct autovector {
      | ^
praat.github.io/melder/melder_tensor.h:56:23: note: did you mean struct here?
   56 | template <typename T> class autovector;
      |                       ^~~~~
      |                       struct
praat.github.io/melder/melder_tensor.h:388:1: warning: 'matrix' defined as a struct template here but previously declared as a class template; this is valid, but may result in linker errors under the Microsoft C++ ABI [-Wmismatched-tags]
  388 | struct matrix {
      | ^
praat.github.io/melder/melder_tensor.h:57:23: note: did you mean struct here?
   57 | template <typename T> class matrix;
      |                       ^~~~~
      |                       struct
praat.github.io/melder/melder_tensor.h:461:1: warning: 'constmatrix' defined as a struct template here but previously declared as a class template; this is valid, but may result in linker errors under the Microsoft C++ ABI [-Wmismatched-tags]
  461 | struct constmatrix {
      | ^
praat.github.io/melder/melder_tensor.h:58:23: note: did you mean struct here?
   58 | template <typename T> class constmatrix;
      |                       ^~~~~
      |                       struct
praat.github.io/melder/melder_tensor.h:532:1: warning: 'matrixview' defined as a struct template here but previously declared as a class template; this is valid, but may result in linker errors under the Microsoft C++ ABI [-Wmismatched-tags]
  532 | struct matrixview {
      | ^
praat.github.io/melder/melder_tensor.h:59:23: note: did you mean struct here?
   59 | template <typename T> class matrixview;
      |                       ^~~~~
      |                       struct
praat.github.io/melder/melder_tensor.h:612:1: warning: 'constmatrixview' defined as a struct template here but previously declared as a class template; this is valid, but may result in linker errors under the Microsoft C++ ABI [-Wmismatched-tags]
  612 | struct constmatrixview {
      | ^
praat.github.io/melder/melder_tensor.h:60:23: note: did you mean struct here?
   60 | template <typename T> class constmatrixview;
      |                       ^~~~~
      |                       struct
praat.github.io/melder/melder_tensor.h:683:1: warning: 'automatrix' defined as a struct template here but previously declared as a class template; this is valid, but may result in linker errors under the Microsoft C++ ABI [-Wmismatched-tags]
  683 | struct automatrix {
      | ^
praat.github.io/melder/melder_tensor.h:61:23: note: did you mean struct here?
   61 | template <typename T> class automatrix;
      |                       ^~~~~
      |                       struct
praat.github.io/melder/melder_tensor.h:703:18: warning: unused variable 'numberOfColumnsInThisRow' [-Wunused-variable]
  703 |                         const integer numberOfColumnsInThisRow = uinteger_to_integer_a (row.size());
      |                                       ^~~~~~~~~~~~~~~~~~~~~~~~
In file included from svd_stubs.cpp:6:
In file included from ./praat.github.io/dwsys/SVD.h:26:
In file included from ./praat.github.io/dwsys/NUM2.h:21:
In file included from ./praat.github.io/dwsys/ExtendedReal.h:37:
In file included from praat.github.io/sys/Data.h:23:
praat.github.io/sys/Thing.h:77:9: warning: struct 'structThing' was previously declared as a class; this is valid, but may result in linker errors under the Microsoft C++ ABI [-Wmismatched-tags]
   77 | typedef struct structThing *Thing;   // we need an explicit "struct" here, because this is a forward declaration
      |         ^
praat.github.io/melder/MelderArg.h:21:15: note: previous use is here
   21 | typedef class structThing *Thing;   // forward declaration
      |               ^
In file included from svd_stubs.cpp:6:
In file included from ./praat.github.io/dwsys/SVD.h:26:
In file included from ./praat.github.io/dwsys/NUM2.h:21:
In file included from ./praat.github.io/dwsys/ExtendedReal.h:37:
In file included from praat.github.io/sys/Data.h:23:
praat.github.io/sys/Thing.h:78:9: warning: struct 'structThing' was previously declared as a class; this is valid, but may result in linker errors under the Microsoft C++ ABI [-Wmismatched-tags]
   78 | typedef struct structThing *mutableThing;
      |         ^
praat.github.io/melder/MelderArg.h:21:15: note: previous use is here
   21 | typedef class structThing *Thing;   // forward declaration
      |               ^
In file included from svd_stubs.cpp:6:
In file included from ./praat.github.io/dwsys/SVD.h:26:
In file included from ./praat.github.io/dwsys/NUM2.h:21:
In file included from ./praat.github.io/dwsys/ExtendedReal.h:37:
In file included from praat.github.io/sys/Data.h:23:
praat.github.io/sys/Thing.h:79:15: warning: struct 'structThing' was previously declared as a class; this is valid, but may result in linker errors under the Microsoft C++ ABI [-Wmismatched-tags]
   79 | typedef const struct structThing *constThing;
      |               ^
praat.github.io/melder/MelderArg.h:21:15: note: previous use is here
   21 | typedef class structThing *Thing;   // forward declaration
      |               ^
In file included from svd_stubs.cpp:6:
In file included from ./praat.github.io/dwsys/SVD.h:26:
In file included from ./praat.github.io/dwsys/NUM2.h:21:
In file included from ./praat.github.io/dwsys/ExtendedReal.h:37:
In file included from praat.github.io/sys/Data.h:23:
praat.github.io/sys/Thing.h:82:1: warning: 'structThing' defined as a struct here but previously declared as a class; this is valid, but may result in linker errors under the Microsoft C++ ABI [-Wmismatched-tags]
   82 | struct structThing {
      | ^
praat.github.io/melder/MelderArg.h:21:9: note: did you mean struct here?
   21 | typedef class structThing *Thing;   // forward declaration
      |         ^~~~~
      |         struct
15 warnings generated.
clang++ -arch arm64 -std=gnu++17 -I"/Library/Frameworks/R.framework/Resources/include" -DNDEBUG -DHAVE_XSIMD -I. -Igsl-2.8 -Igsl-2.8/gsl -Ipraat.github.io -Ipraat.github.io/kar -Ipraat.github.io/melder -Ipraat.github.io/sys -Ipraat.github.io/dwsys -Ipraat.github.io/dwtools -Ipraat.github.io/stat -Ipraat.github.io/fon -Ipraat.github.io/foned -Ipraat.github.io/LPC -Ipraat.github.io/sensors -Ipraat.github.io/external/portaudio -Ipraat.github.io/external/flac -Ipraat.github.io/external/mp3 -Ipraat.github.io/external/espeak -Ipraat.github.io/external/gsl -Ipraat/external/gsl -Ipraat.github.io/external/glpk -Ipraat/external/glpk -Ipraat.github.io/external/num -Ipraat/external/num -Iclapack/INCLUDE -I'/Library/Frameworks/R.framework/Versions/4.4-arm64/Resources/library/Rcpp/include' -I'/Library/Frameworks/R.framework/Versions/4.4-arm64/Resources/library/RcppXsimd/include' -I/opt/R/arm64/include -I/opt/homebrew/opt/libomp/include -Xclang -fopenmp   -DPRAAT_LIB -DNO_GUI -DNO_AUDIO -DNO_GRAPHICS -DNO_NETWORK -DUNIX -pthread -ffp-contract=off -Wno-unused-parameter -Wno-sign-compare -Wno-unused-variable -Wno-deprecated-declarations -Wno-trigraphs -Wno-logical-op-parentheses -Wno-shift-op-parentheses -Wno-mismatched-tags -Wno-unused-const-variable -Wno-c++11-narrowing -march=armv8-a+simd -fPIC  -falign-functions=64 -Wall -g -O2   -c glpk_stubs.cpp -o glpk_stubs.o
In file included from glpk_stubs.cpp:4:
In file included from praat.github.io/melder/melder.h:76:
praat.github.io/melder/melder_tensor.h:64:1: warning: 'vector' defined as a struct template here but previously declared as a class template; this is valid, but may result in linker errors under the Microsoft C++ ABI [-Wmismatched-tags]
   64 | struct vector {
      | ^
praat.github.io/melder/melder_tensor.h:52:23: note: did you mean struct here?
   52 | template <typename T> class vector;
      |                       ^~~~~
      |                       struct
praat.github.io/melder/melder_tensor.h:104:1: warning: 'constvector' defined as a struct template here but previously declared as a class template; this is valid, but may result in linker errors under the Microsoft C++ ABI [-Wmismatched-tags]
  104 | struct constvector {
      | ^
praat.github.io/melder/melder_tensor.h:53:23: note: did you mean struct here?
   53 | template <typename T> class constvector;
      |                       ^~~~~
      |                       struct
praat.github.io/melder/melder_tensor.h:137:1: warning: 'vectorview' defined as a struct template here but previously declared as a class template; this is valid, but may result in linker errors under the Microsoft C++ ABI [-Wmismatched-tags]
  137 | struct vectorview {
      | ^
praat.github.io/melder/melder_tensor.h:54:23: note: did you mean struct here?
   54 | template <typename T> class vectorview;
      |                       ^~~~~
      |                       struct
praat.github.io/melder/melder_tensor.h:167:1: warning: 'constvectorview' defined as a struct template here but previously declared as a class template; this is valid, but may result in linker errors under the Microsoft C++ ABI [-Wmismatched-tags]
  167 | struct constvectorview {
      | ^
praat.github.io/melder/melder_tensor.h:55:23: note: did you mean struct here?
   55 | template <typename T> class constvectorview;
      |                       ^~~~~
      |                       struct
praat.github.io/melder/melder_tensor.h:207:1: warning: 'autovector' defined as a struct template here but previously declared as a class template; this is valid, but may result in linker errors under the Microsoft C++ ABI [-Wmismatched-tags]
  207 | struct autovector {
      | ^
praat.github.io/melder/melder_tensor.h:56:23: note: did you mean struct here?
   56 | template <typename T> class autovector;
      |                       ^~~~~
      |                       struct
praat.github.io/melder/melder_tensor.h:388:1: warning: 'matrix' defined as a struct template here but previously declared as a class template; this is valid, but may result in linker errors under the Microsoft C++ ABI [-Wmismatched-tags]
  388 | struct matrix {
      | ^
praat.github.io/melder/melder_tensor.h:57:23: note: did you mean struct here?
   57 | template <typename T> class matrix;
      |                       ^~~~~
      |                       struct
praat.github.io/melder/melder_tensor.h:461:1: warning: 'constmatrix' defined as a struct template here but previously declared as a class template; this is valid, but may result in linker errors under the Microsoft C++ ABI [-Wmismatched-tags]
  461 | struct constmatrix {
      | ^
praat.github.io/melder/melder_tensor.h:58:23: note: did you mean struct here?
   58 | template <typename T> class constmatrix;
      |                       ^~~~~
      |                       struct
praat.github.io/melder/melder_tensor.h:532:1: warning: 'matrixview' defined as a struct template here but previously declared as a class template; this is valid, but may result in linker errors under the Microsoft C++ ABI [-Wmismatched-tags]
  532 | struct matrixview {
      | ^
praat.github.io/melder/melder_tensor.h:59:23: note: did you mean struct here?
   59 | template <typename T> class matrixview;
      |                       ^~~~~
      |                       struct
praat.github.io/melder/melder_tensor.h:612:1: warning: 'constmatrixview' defined as a struct template here but previously declared as a class template; this is valid, but may result in linker errors under the Microsoft C++ ABI [-Wmismatched-tags]
  612 | struct constmatrixview {
      | ^
praat.github.io/melder/melder_tensor.h:60:23: note: did you mean struct here?
   60 | template <typename T> class constmatrixview;
      |                       ^~~~~
      |                       struct
praat.github.io/melder/melder_tensor.h:683:1: warning: 'automatrix' defined as a struct template here but previously declared as a class template; this is valid, but may result in linker errors under the Microsoft C++ ABI [-Wmismatched-tags]
  683 | struct automatrix {
      | ^
praat.github.io/melder/melder_tensor.h:61:23: note: did you mean struct here?
   61 | template <typename T> class automatrix;
      |                       ^~~~~
      |                       struct
praat.github.io/melder/melder_tensor.h:703:18: warning: unused variable 'numberOfColumnsInThisRow' [-Wunused-variable]
  703 |                         const integer numberOfColumnsInThisRow = uinteger_to_integer_a (row.size());
      |                                       ^~~~~~~~~~~~~~~~~~~~~~~~
11 warnings generated.
clang++ -arch arm64 -std=gnu++17 -I"/Library/Frameworks/R.framework/Resources/include" -DNDEBUG -DHAVE_XSIMD -I. -Igsl-2.8 -Igsl-2.8/gsl -Ipraat.github.io -Ipraat.github.io/kar -Ipraat.github.io/melder -Ipraat.github.io/sys -Ipraat.github.io/dwsys -Ipraat.github.io/dwtools -Ipraat.github.io/stat -Ipraat.github.io/fon -Ipraat.github.io/foned -Ipraat.github.io/LPC -Ipraat.github.io/sensors -Ipraat.github.io/external/portaudio -Ipraat.github.io/external/flac -Ipraat.github.io/external/mp3 -Ipraat.github.io/external/espeak -Ipraat.github.io/external/gsl -Ipraat/external/gsl -Ipraat.github.io/external/glpk -Ipraat/external/glpk -Ipraat.github.io/external/num -Ipraat/external/num -Iclapack/INCLUDE -I'/Library/Frameworks/R.framework/Versions/4.4-arm64/Resources/library/Rcpp/include' -I'/Library/Frameworks/R.framework/Versions/4.4-arm64/Resources/library/RcppXsimd/include' -I/opt/R/arm64/include -I/opt/homebrew/opt/libomp/include -Xclang -fopenmp   -DPRAAT_LIB -DNO_GUI -DNO_AUDIO -DNO_GRAPHICS -DNO_NETWORK -DUNIX -pthread -ffp-contract=off -Wno-unused-parameter -Wno-sign-compare -Wno-unused-variable -Wno-deprecated-declarations -Wno-trigraphs -Wno-logical-op-parentheses -Wno-shift-op-parentheses -Wno-mismatched-tags -Wno-unused-const-variable -Wno-c++11-narrowing -march=armv8-a+simd -fPIC  -falign-functions=64 -Wall -g -O2   -c dtw_stubs.cpp -o dtw_stubs.o
In file included from dtw_stubs.cpp:4:
In file included from ./praat.github.io/dwtools/DTW.h:26:
In file included from praat.github.io/fon/Spectrogram.h:21:
In file included from praat.github.io/fon/Matrix.h:21:
In file included from praat.github.io/fon/SampledXY.h:21:
In file included from praat.github.io/fon/Sampled.h:22:
In file included from praat.github.io/fon/Function.h:21:
In file included from praat.github.io/sys/Collection.h:25:
In file included from praat.github.io/sys/Simple.h:21:
In file included from praat.github.io/sys/Data.h:23:
In file included from praat.github.io/sys/Thing.h:24:
In file included from praat.github.io/melder/melder.h:76:
praat.github.io/melder/melder_tensor.h:64:1: warning: 'vector' defined as a struct template here but previously declared as a class template; this is valid, but may result in linker errors under the Microsoft C++ ABI [-Wmismatched-tags]
   64 | struct vector {
      | ^
praat.github.io/melder/melder_tensor.h:52:23: note: did you mean struct here?
   52 | template <typename T> class vector;
      |                       ^~~~~
      |                       struct
praat.github.io/melder/melder_tensor.h:104:1: warning: 'constvector' defined as a struct template here but previously declared as a class template; this is valid, but may result in linker errors under the Microsoft C++ ABI [-Wmismatched-tags]
  104 | struct constvector {
      | ^
praat.github.io/melder/melder_tensor.h:53:23: note: did you mean struct here?
   53 | template <typename T> class constvector;
      |                       ^~~~~
      |                       struct
praat.github.io/melder/melder_tensor.h:137:1: warning: 'vectorview' defined as a struct template here but previously declared as a class template; this is valid, but may result in linker errors under the Microsoft C++ ABI [-Wmismatched-tags]
  137 | struct vectorview {
      | ^
praat.github.io/melder/melder_tensor.h:54:23: note: did you mean struct here?
   54 | template <typename T> class vectorview;
      |                       ^~~~~
      |                       struct
praat.github.io/melder/melder_tensor.h:167:1: warning: 'constvectorview' defined as a struct template here but previously declared as a class template; this is valid, but may result in linker errors under the Microsoft C++ ABI [-Wmismatched-tags]
  167 | struct constvectorview {
      | ^
praat.github.io/melder/melder_tensor.h:55:23: note: did you mean struct here?
   55 | template <typename T> class constvectorview;
      |                       ^~~~~
      |                       struct
praat.github.io/melder/melder_tensor.h:207:1: warning: 'autovector' defined as a struct template here but previously declared as a class template; this is valid, but may result in linker errors under the Microsoft C++ ABI [-Wmismatched-tags]
  207 | struct autovector {
      | ^
praat.github.io/melder/melder_tensor.h:56:23: note: did you mean struct here?
   56 | template <typename T> class autovector;
      |                       ^~~~~
      |                       struct
praat.github.io/melder/melder_tensor.h:388:1: warning: 'matrix' defined as a struct template here but previously declared as a class template; this is valid, but may result in linker errors under the Microsoft C++ ABI [-Wmismatched-tags]
  388 | struct matrix {
      | ^
praat.github.io/melder/melder_tensor.h:57:23: note: did you mean struct here?
   57 | template <typename T> class matrix;
      |                       ^~~~~
      |                       struct
praat.github.io/melder/melder_tensor.h:461:1: warning: 'constmatrix' defined as a struct template here but previously declared as a class template; this is valid, but may result in linker errors under the Microsoft C++ ABI [-Wmismatched-tags]
  461 | struct constmatrix {
      | ^
praat.github.io/melder/melder_tensor.h:58:23: note: did you mean struct here?
   58 | template <typename T> class constmatrix;
      |                       ^~~~~
      |                       struct
praat.github.io/melder/melder_tensor.h:532:1: warning: 'matrixview' defined as a struct template here but previously declared as a class template; this is valid, but may result in linker errors under the Microsoft C++ ABI [-Wmismatched-tags]
  532 | struct matrixview {
      | ^
praat.github.io/melder/melder_tensor.h:59:23: note: did you mean struct here?
   59 | template <typename T> class matrixview;
      |                       ^~~~~
      |                       struct
praat.github.io/melder/melder_tensor.h:612:1: warning: 'constmatrixview' defined as a struct template here but previously declared as a class template; this is valid, but may result in linker errors under the Microsoft C++ ABI [-Wmismatched-tags]
  612 | struct constmatrixview {
      | ^
praat.github.io/melder/melder_tensor.h:60:23: note: did you mean struct here?
   60 | template <typename T> class constmatrixview;
      |                       ^~~~~
      |                       struct
praat.github.io/melder/melder_tensor.h:683:1: warning: 'automatrix' defined as a struct template here but previously declared as a class template; this is valid, but may result in linker errors under the Microsoft C++ ABI [-Wmismatched-tags]
  683 | struct automatrix {
      | ^
praat.github.io/melder/melder_tensor.h:61:23: note: did you mean struct here?
   61 | template <typename T> class automatrix;
      |                       ^~~~~
      |                       struct
praat.github.io/melder/melder_tensor.h:703:18: warning: unused variable 'numberOfColumnsInThisRow' [-Wunused-variable]
  703 |                         const integer numberOfColumnsInThisRow = uinteger_to_integer_a (row.size());
      |                                       ^~~~~~~~~~~~~~~~~~~~~~~~
In file included from dtw_stubs.cpp:4:
In file included from ./praat.github.io/dwtools/DTW.h:26:
In file included from praat.github.io/fon/Spectrogram.h:21:
In file included from praat.github.io/fon/Matrix.h:21:
In file included from praat.github.io/fon/SampledXY.h:21:
In file included from praat.github.io/fon/Sampled.h:22:
In file included from praat.github.io/fon/Function.h:21:
In file included from praat.github.io/sys/Collection.h:25:
In file included from praat.github.io/sys/Simple.h:21:
In file included from praat.github.io/sys/Data.h:23:
praat.github.io/sys/Thing.h:77:9: warning: struct 'structThing' was previously declared as a class; this is valid, but may result in linker errors under the Microsoft C++ ABI [-Wmismatched-tags]
   77 | typedef struct structThing *Thing;   // we need an explicit "struct" here, because this is a forward declaration
      |         ^
praat.github.io/melder/MelderArg.h:21:15: note: previous use is here
   21 | typedef class structThing *Thing;   // forward declaration
      |               ^
In file included from dtw_stubs.cpp:4:
In file included from ./praat.github.io/dwtools/DTW.h:26:
In file included from praat.github.io/fon/Spectrogram.h:21:
In file included from praat.github.io/fon/Matrix.h:21:
In file included from praat.github.io/fon/SampledXY.h:21:
In file included from praat.github.io/fon/Sampled.h:22:
In file included from praat.github.io/fon/Function.h:21:
In file included from praat.github.io/sys/Collection.h:25:
In file included from praat.github.io/sys/Simple.h:21:
In file included from praat.github.io/sys/Data.h:23:
praat.github.io/sys/Thing.h:78:9: warning: struct 'structThing' was previously declared as a class; this is valid, but may result in linker errors under the Microsoft C++ ABI [-Wmismatched-tags]
   78 | typedef struct structThing *mutableThing;
      |         ^
praat.github.io/melder/MelderArg.h:21:15: note: previous use is here
   21 | typedef class structThing *Thing;   // forward declaration
      |               ^
In file included from dtw_stubs.cpp:4:
In file included from ./praat.github.io/dwtools/DTW.h:26:
In file included from praat.github.io/fon/Spectrogram.h:21:
In file included from praat.github.io/fon/Matrix.h:21:
In file included from praat.github.io/fon/SampledXY.h:21:
In file included from praat.github.io/fon/Sampled.h:22:
In file included from praat.github.io/fon/Function.h:21:
In file included from praat.github.io/sys/Collection.h:25:
In file included from praat.github.io/sys/Simple.h:21:
In file included from praat.github.io/sys/Data.h:23:
praat.github.io/sys/Thing.h:79:15: warning: struct 'structThing' was previously declared as a class; this is valid, but may result in linker errors under the Microsoft C++ ABI [-Wmismatched-tags]
   79 | typedef const struct structThing *constThing;
      |               ^
praat.github.io/melder/MelderArg.h:21:15: note: previous use is here
   21 | typedef class structThing *Thing;   // forward declaration
      |               ^
In file included from dtw_stubs.cpp:4:
In file included from ./praat.github.io/dwtools/DTW.h:26:
In file included from praat.github.io/fon/Spectrogram.h:21:
In file included from praat.github.io/fon/Matrix.h:21:
In file included from praat.github.io/fon/SampledXY.h:21:
In file included from praat.github.io/fon/Sampled.h:22:
In file included from praat.github.io/fon/Function.h:21:
In file included from praat.github.io/sys/Collection.h:25:
In file included from praat.github.io/sys/Simple.h:21:
In file included from praat.github.io/sys/Data.h:23:
praat.github.io/sys/Thing.h:82:1: warning: 'structThing' defined as a struct here but previously declared as a class; this is valid, but may result in linker errors under the Microsoft C++ ABI [-Wmismatched-tags]
   82 | struct structThing {
      | ^
praat.github.io/melder/MelderArg.h:21:9: note: did you mean struct here?
   21 | typedef class structThing *Thing;   // forward declaration
      |         ^~~~~
      |         struct
In file included from dtw_stubs.cpp:4:
In file included from ./praat.github.io/dwtools/DTW.h:26:
In file included from praat.github.io/fon/Spectrogram.h:21:
In file included from praat.github.io/fon/Matrix.h:21:
In file included from praat.github.io/fon/SampledXY.h:21:
In file included from praat.github.io/fon/Sampled.h:23:
praat.github.io/sys/Graphics.h:42:1: warning: struct 'structGraphics' was previously declared as a class; this is valid, but may result in linker errors under the Microsoft C++ ABI [-Wmismatched-tags]
   42 | Thing_define (Graphics, Thing) {
      | ^
praat.github.io/sys/Thing.h:60:2: note: expanded from macro 'Thing_define'
   60 |         Thing_declare (klas); \
      |         ^
praat.github.io/sys/Thing.h:52:10: note: expanded from macro 'Thing_declare'
   52 |         typedef struct struct##klas *klas; \
      |                 ^
praat.github.io/melder/melder_progress.h:143:15: note: previous use is here
  143 | typedef class structGraphics *Graphics;
      |               ^
In file included from dtw_stubs.cpp:4:
In file included from ./praat.github.io/dwtools/DTW.h:26:
In file included from praat.github.io/fon/Spectrogram.h:21:
In file included from praat.github.io/fon/Matrix.h:21:
In file included from praat.github.io/fon/SampledXY.h:21:
In file included from praat.github.io/fon/Sampled.h:23:
praat.github.io/sys/Graphics.h:42:1: warning: struct 'structGraphics' was previously declared as a class; this is valid, but may result in linker errors under the Microsoft C++ ABI [-Wmismatched-tags]
   42 | Thing_define (Graphics, Thing) {
      | ^
praat.github.io/sys/Thing.h:60:2: note: expanded from macro 'Thing_define'
   60 |         Thing_declare (klas); \
      |         ^
praat.github.io/sys/Thing.h:53:10: note: expanded from macro 'Thing_declare'
   53 |         typedef struct struct##klas *mutable##klas; \
      |                 ^
praat.github.io/melder/melder_progress.h:143:15: note: previous use is here
  143 | typedef class structGraphics *Graphics;
      |               ^
In file included from dtw_stubs.cpp:4:
In file included from ./praat.github.io/dwtools/DTW.h:26:
In file included from praat.github.io/fon/Spectrogram.h:21:
In file included from praat.github.io/fon/Matrix.h:21:
In file included from praat.github.io/fon/SampledXY.h:21:
In file included from praat.github.io/fon/Sampled.h:23:
praat.github.io/sys/Graphics.h:42:1: warning: struct 'structGraphics' was previously declared as a class; this is valid, but may result in linker errors under the Microsoft C++ ABI [-Wmismatched-tags]
   42 | Thing_define (Graphics, Thing) {
      | ^
praat.github.io/sys/Thing.h:60:2: note: expanded from macro 'Thing_define'
   60 |         Thing_declare (klas); \
      |         ^
praat.github.io/sys/Thing.h:54:16: note: expanded from macro 'Thing_declare'
   54 |         typedef const struct struct##klas *const##klas; \
      |                       ^
praat.github.io/melder/melder_progress.h:143:15: note: previous use is here
  143 | typedef class structGraphics *Graphics;
      |               ^
In file included from dtw_stubs.cpp:4:
In file included from ./praat.github.io/dwtools/DTW.h:26:
In file included from praat.github.io/fon/Spectrogram.h:21:
In file included from praat.github.io/fon/Matrix.h:21:
In file included from praat.github.io/fon/SampledXY.h:21:
In file included from praat.github.io/fon/Sampled.h:23:
praat.github.io/sys/Graphics.h:42:1: warning: 'structGraphics' defined as a struct here but previously declared as a class; this is valid, but may result in linker errors under the Microsoft C++ ABI [-Wmismatched-tags]
   42 | Thing_define (Graphics, Thing) {
      | ^
praat.github.io/sys/Thing.h:62:2: note: expanded from macro 'Thing_define'
   62 |         struct struct##klas : public struct##syntacticParentKlas
      |         ^
praat.github.io/melder/melder_progress.h:143:9: note: did you mean struct here?
  143 | typedef class structGraphics *Graphics;
      |         ^~~~~
      |         struct
19 warnings generated.
clang++ -arch arm64 -std=gnu++17 -I"/Library/Frameworks/R.framework/Resources/include" -DNDEBUG -DHAVE_XSIMD -I. -Igsl-2.8 -Igsl-2.8/gsl -Ipraat.github.io -Ipraat.github.io/kar -Ipraat.github.io/melder -Ipraat.github.io/sys -Ipraat.github.io/dwsys -Ipraat.github.io/dwtools -Ipraat.github.io/stat -Ipraat.github.io/fon -Ipraat.github.io/foned -Ipraat.github.io/LPC -Ipraat.github.io/sensors -Ipraat.github.io/external/portaudio -Ipraat.github.io/external/flac -Ipraat.github.io/external/mp3 -Ipraat.github.io/external/espeak -Ipraat.github.io/external/gsl -Ipraat/external/gsl -Ipraat.github.io/external/glpk -Ipraat/external/glpk -Ipraat.github.io/external/num -Ipraat/external/num -Iclapack/INCLUDE -I'/Library/Frameworks/R.framework/Versions/4.4-arm64/Resources/library/Rcpp/include' -I'/Library/Frameworks/R.framework/Versions/4.4-arm64/Resources/library/RcppXsimd/include' -I/opt/R/arm64/include -I/opt/homebrew/opt/libomp/include -Xclang -fopenmp   -DPRAAT_LIB -DNO_GUI -DNO_AUDIO -DNO_GRAPHICS -DNO_NETWORK -DUNIX -pthread -ffp-contract=off -Wno-unused-parameter -Wno-sign-compare -Wno-unused-variable -Wno-deprecated-declarations -Wno-trigraphs -Wno-logical-op-parentheses -Wno-shift-op-parentheses -Wno-mismatched-tags -Wno-unused-const-variable -Wno-c++11-narrowing -march=armv8-a+simd -fPIC  -falign-functions=64 -Wall -g -O2   -c eigen_sscp_stubs.cpp -o eigen_sscp_stubs.o
In file included from eigen_sscp_stubs.cpp:6:
In file included from ./praat.github.io/dwsys/Eigen.h:21:
In file included from praat.github.io/sys/Collection.h:25:
In file included from praat.github.io/sys/Simple.h:21:
In file included from praat.github.io/sys/Data.h:23:
In file included from praat.github.io/sys/Thing.h:24:
In file included from praat.github.io/melder/melder.h:76:
praat.github.io/melder/melder_tensor.h:64:1: warning: 'vector' defined as a struct template here but previously declared as a class template; this is valid, but may result in linker errors under the Microsoft C++ ABI [-Wmismatched-tags]
   64 | struct vector {
      | ^
praat.github.io/melder/melder_tensor.h:52:23: note: did you mean struct here?
   52 | template <typename T> class vector;
      |                       ^~~~~
      |                       struct
praat.github.io/melder/melder_tensor.h:104:1: warning: 'constvector' defined as a struct template here but previously declared as a class template; this is valid, but may result in linker errors under the Microsoft C++ ABI [-Wmismatched-tags]
  104 | struct constvector {
      | ^
praat.github.io/melder/melder_tensor.h:53:23: note: did you mean struct here?
   53 | template <typename T> class constvector;
      |                       ^~~~~
      |                       struct
praat.github.io/melder/melder_tensor.h:137:1: warning: 'vectorview' defined as a struct template here but previously declared as a class template; this is valid, but may result in linker errors under the Microsoft C++ ABI [-Wmismatched-tags]
  137 | struct vectorview {
      | ^
praat.github.io/melder/melder_tensor.h:54:23: note: did you mean struct here?
   54 | template <typename T> class vectorview;
      |                       ^~~~~
      |                       struct
praat.github.io/melder/melder_tensor.h:167:1: warning: 'constvectorview' defined as a struct template here but previously declared as a class template; this is valid, but may result in linker errors under the Microsoft C++ ABI [-Wmismatched-tags]
  167 | struct constvectorview {
      | ^
praat.github.io/melder/melder_tensor.h:55:23: note: did you mean struct here?
   55 | template <typename T> class constvectorview;
      |                       ^~~~~
      |                       struct
praat.github.io/melder/melder_tensor.h:207:1: warning: 'autovector' defined as a struct template here but previously declared as a class template; this is valid, but may result in linker errors under the Microsoft C++ ABI [-Wmismatched-tags]
  207 | struct autovector {
      | ^
praat.github.io/melder/melder_tensor.h:56:23: note: did you mean struct here?
   56 | template <typename T> class autovector;
      |                       ^~~~~
      |                       struct
praat.github.io/melder/melder_tensor.h:388:1: warning: 'matrix' defined as a struct template here but previously declared as a class template; this is valid, but may result in linker errors under the Microsoft C++ ABI [-Wmismatched-tags]
  388 | struct matrix {
      | ^
praat.github.io/melder/melder_tensor.h:57:23: note: did you mean struct here?
   57 | template <typename T> class matrix;
      |                       ^~~~~
      |                       struct
praat.github.io/melder/melder_tensor.h:461:1: warning: 'constmatrix' defined as a struct template here but previously declared as a class template; this is valid, but may result in linker errors under the Microsoft C++ ABI [-Wmismatched-tags]
  461 | struct constmatrix {
      | ^
praat.github.io/melder/melder_tensor.h:58:23: note: did you mean struct here?
   58 | template <typename T> class constmatrix;
      |                       ^~~~~
      |                       struct
praat.github.io/melder/melder_tensor.h:532:1: warning: 'matrixview' defined as a struct template here but previously declared as a class template; this is valid, but may result in linker errors under the Microsoft C++ ABI [-Wmismatched-tags]
  532 | struct matrixview {
      | ^
praat.github.io/melder/melder_tensor.h:59:23: note: did you mean struct here?
   59 | template <typename T> class matrixview;
      |                       ^~~~~
      |                       struct
praat.github.io/melder/melder_tensor.h:612:1: warning: 'constmatrixview' defined as a struct template here but previously declared as a class template; this is valid, but may result in linker errors under the Microsoft C++ ABI [-Wmismatched-tags]
  612 | struct constmatrixview {
      | ^
praat.github.io/melder/melder_tensor.h:60:23: note: did you mean struct here?
   60 | template <typename T> class constmatrixview;
      |                       ^~~~~
      |                       struct
praat.github.io/melder/melder_tensor.h:683:1: warning: 'automatrix' defined as a struct template here but previously declared as a class template; this is valid, but may result in linker errors under the Microsoft C++ ABI [-Wmismatched-tags]
  683 | struct automatrix {
      | ^
praat.github.io/melder/melder_tensor.h:61:23: note: did you mean struct here?
   61 | template <typename T> class automatrix;
      |                       ^~~~~
      |                       struct
praat.github.io/melder/melder_tensor.h:703:18: warning: unused variable 'numberOfColumnsInThisRow' [-Wunused-variable]
  703 |                         const integer numberOfColumnsInThisRow = uinteger_to_integer_a (row.size());
      |                                       ^~~~~~~~~~~~~~~~~~~~~~~~
In file included from eigen_sscp_stubs.cpp:6:
In file included from ./praat.github.io/dwsys/Eigen.h:21:
In file included from praat.github.io/sys/Collection.h:25:
In file included from praat.github.io/sys/Simple.h:21:
In file included from praat.github.io/sys/Data.h:23:
praat.github.io/sys/Thing.h:77:9: warning: struct 'structThing' was previously declared as a class; this is valid, but may result in linker errors under the Microsoft C++ ABI [-Wmismatched-tags]
   77 | typedef struct structThing *Thing;   // we need an explicit "struct" here, because this is a forward declaration
      |         ^
praat.github.io/melder/MelderArg.h:21:15: note: previous use is here
   21 | typedef class structThing *Thing;   // forward declaration
      |               ^
In file included from eigen_sscp_stubs.cpp:6:
In file included from ./praat.github.io/dwsys/Eigen.h:21:
In file included from praat.github.io/sys/Collection.h:25:
In file included from praat.github.io/sys/Simple.h:21:
In file included from praat.github.io/sys/Data.h:23:
praat.github.io/sys/Thing.h:78:9: warning: struct 'structThing' was previously declared as a class; this is valid, but may result in linker errors under the Microsoft C++ ABI [-Wmismatched-tags]
   78 | typedef struct structThing *mutableThing;
      |         ^
praat.github.io/melder/MelderArg.h:21:15: note: previous use is here
   21 | typedef class structThing *Thing;   // forward declaration
      |               ^
In file included from eigen_sscp_stubs.cpp:6:
In file included from ./praat.github.io/dwsys/Eigen.h:21:
In file included from praat.github.io/sys/Collection.h:25:
In file included from praat.github.io/sys/Simple.h:21:
In file included from praat.github.io/sys/Data.h:23:
praat.github.io/sys/Thing.h:79:15: warning: struct 'structThing' was previously declared as a class; this is valid, but may result in linker errors under the Microsoft C++ ABI [-Wmismatched-tags]
   79 | typedef const struct structThing *constThing;
      |               ^
praat.github.io/melder/MelderArg.h:21:15: note: previous use is here
   21 | typedef class structThing *Thing;   // forward declaration
      |               ^
In file included from eigen_sscp_stubs.cpp:6:
In file included from ./praat.github.io/dwsys/Eigen.h:21:
In file included from praat.github.io/sys/Collection.h:25:
In file included from praat.github.io/sys/Simple.h:21:
In file included from praat.github.io/sys/Data.h:23:
praat.github.io/sys/Thing.h:82:1: warning: 'structThing' defined as a struct here but previously declared as a class; this is valid, but may result in linker errors under the Microsoft C++ ABI [-Wmismatched-tags]
   82 | struct structThing {
      | ^
praat.github.io/melder/MelderArg.h:21:9: note: did you mean struct here?
   21 | typedef class structThing *Thing;   // forward declaration
      |         ^~~~~
      |         struct
In file included from eigen_sscp_stubs.cpp:6:
In file included from ./praat.github.io/dwsys/Eigen.h:22:
praat.github.io/sys/Graphics.h:42:1: warning: struct 'structGraphics' was previously declared as a class; this is valid, but may result in linker errors under the Microsoft C++ ABI [-Wmismatched-tags]
   42 | Thing_define (Graphics, Thing) {
      | ^
praat.github.io/sys/Thing.h:60:2: note: expanded from macro 'Thing_define'
   60 |         Thing_declare (klas); \
      |         ^
praat.github.io/sys/Thing.h:52:10: note: expanded from macro 'Thing_declare'
   52 |         typedef struct struct##klas *klas; \
      |                 ^
praat.github.io/melder/melder_progress.h:143:15: note: previous use is here
  143 | typedef class structGraphics *Graphics;
      |               ^
In file included from eigen_sscp_stubs.cpp:6:
In file included from ./praat.github.io/dwsys/Eigen.h:22:
praat.github.io/sys/Graphics.h:42:1: warning: struct 'structGraphics' was previously declared as a class; this is valid, but may result in linker errors under the Microsoft C++ ABI [-Wmismatched-tags]
   42 | Thing_define (Graphics, Thing) {
      | ^
praat.github.io/sys/Thing.h:60:2: note: expanded from macro 'Thing_define'
   60 |         Thing_declare (klas); \
      |         ^
praat.github.io/sys/Thing.h:53:10: note: expanded from macro 'Thing_declare'
   53 |         typedef struct struct##klas *mutable##klas; \
      |                 ^
praat.github.io/melder/melder_progress.h:143:15: note: previous use is here
  143 | typedef class structGraphics *Graphics;
      |               ^
In file included from eigen_sscp_stubs.cpp:6:
In file included from ./praat.github.io/dwsys/Eigen.h:22:
praat.github.io/sys/Graphics.h:42:1: warning: struct 'structGraphics' was previously declared as a class; this is valid, but may result in linker errors under the Microsoft C++ ABI [-Wmismatched-tags]
   42 | Thing_define (Graphics, Thing) {
      | ^
praat.github.io/sys/Thing.h:60:2: note: expanded from macro 'Thing_define'
   60 |         Thing_declare (klas); \
      |         ^
praat.github.io/sys/Thing.h:54:16: note: expanded from macro 'Thing_declare'
   54 |         typedef const struct struct##klas *const##klas; \
      |                       ^
praat.github.io/melder/melder_progress.h:143:15: note: previous use is here
  143 | typedef class structGraphics *Graphics;
      |               ^
In file included from eigen_sscp_stubs.cpp:6:
In file included from ./praat.github.io/dwsys/Eigen.h:22:
praat.github.io/sys/Graphics.h:42:1: warning: 'structGraphics' defined as a struct here but previously declared as a class; this is valid, but may result in linker errors under the Microsoft C++ ABI [-Wmismatched-tags]
   42 | Thing_define (Graphics, Thing) {
      | ^
praat.github.io/sys/Thing.h:62:2: note: expanded from macro 'Thing_define'
   62 |         struct struct##klas : public struct##syntacticParentKlas
      |         ^
praat.github.io/melder/melder_progress.h:143:9: note: did you mean struct here?
  143 | typedef class structGraphics *Graphics;
      |         ^~~~~
      |         struct
19 warnings generated.
clang++ -arch arm64 -std=gnu++17 -I"/Library/Frameworks/R.framework/Resources/include" -DNDEBUG -DHAVE_XSIMD -I. -Igsl-2.8 -Igsl-2.8/gsl -Ipraat.github.io -Ipraat.github.io/kar -Ipraat.github.io/melder -Ipraat.github.io/sys -Ipraat.github.io/dwsys -Ipraat.github.io/dwtools -Ipraat.github.io/stat -Ipraat.github.io/fon -Ipraat.github.io/foned -Ipraat.github.io/LPC -Ipraat.github.io/sensors -Ipraat.github.io/external/portaudio -Ipraat.github.io/external/flac -Ipraat.github.io/external/mp3 -Ipraat.github.io/external/espeak -Ipraat.github.io/external/gsl -Ipraat/external/gsl -Ipraat.github.io/external/glpk -Ipraat/external/glpk -Ipraat.github.io/external/num -Ipraat/external/num -Iclapack/INCLUDE -I'/Library/Frameworks/R.framework/Versions/4.4-arm64/Resources/library/Rcpp/include' -I'/Library/Frameworks/R.framework/Versions/4.4-arm64/Resources/library/RcppXsimd/include' -I/opt/R/arm64/include -I/opt/homebrew/opt/libomp/include -Xclang -fopenmp   -DPRAAT_LIB -DNO_GUI -DNO_AUDIO -DNO_GRAPHICS -DNO_NETWORK -DUNIX -pthread -ffp-contract=off -Wno-unused-parameter -Wno-sign-compare -Wno-unused-variable -Wno-deprecated-declarations -Wno-trigraphs -Wno-logical-op-parentheses -Wno-shift-op-parentheses -Wno-mismatched-tags -Wno-unused-const-variable -Wno-c++11-narrowing -march=armv8-a+simd -fPIC  -falign-functions=64 -Wall -g -O2   -c configuration_stubs.cpp -o configuration_stubs.o
In file included from configuration_stubs.cpp:6:
In file included from ./praat.github.io/sys/Thing.h:24:
In file included from praat.github.io/melder/melder.h:76:
praat.github.io/melder/melder_tensor.h:64:1: warning: 'vector' defined as a struct template here but previously declared as a class template; this is valid, but may result in linker errors under the Microsoft C++ ABI [-Wmismatched-tags]
   64 | struct vector {
      | ^
praat.github.io/melder/melder_tensor.h:52:23: note: did you mean struct here?
   52 | template <typename T> class vector;
      |                       ^~~~~
      |                       struct
praat.github.io/melder/melder_tensor.h:104:1: warning: 'constvector' defined as a struct template here but previously declared as a class template; this is valid, but may result in linker errors under the Microsoft C++ ABI [-Wmismatched-tags]
  104 | struct constvector {
      | ^
praat.github.io/melder/melder_tensor.h:53:23: note: did you mean struct here?
   53 | template <typename T> class constvector;
      |                       ^~~~~
      |                       struct
praat.github.io/melder/melder_tensor.h:137:1: warning: 'vectorview' defined as a struct template here but previously declared as a class template; this is valid, but may result in linker errors under the Microsoft C++ ABI [-Wmismatched-tags]
  137 | struct vectorview {
      | ^
praat.github.io/melder/melder_tensor.h:54:23: note: did you mean struct here?
   54 | template <typename T> class vectorview;
      |                       ^~~~~
      |                       struct
praat.github.io/melder/melder_tensor.h:167:1: warning: 'constvectorview' defined as a struct template here but previously declared as a class template; this is valid, but may result in linker errors under the Microsoft C++ ABI [-Wmismatched-tags]
  167 | struct constvectorview {
      | ^
praat.github.io/melder/melder_tensor.h:55:23: note: did you mean struct here?
   55 | template <typename T> class constvectorview;
      |                       ^~~~~
      |                       struct
praat.github.io/melder/melder_tensor.h:207:1: warning: 'autovector' defined as a struct template here but previously declared as a class template; this is valid, but may result in linker errors under the Microsoft C++ ABI [-Wmismatched-tags]
  207 | struct autovector {
      | ^
praat.github.io/melder/melder_tensor.h:56:23: note: did you mean struct here?
   56 | template <typename T> class autovector;
      |                       ^~~~~
      |                       struct
praat.github.io/melder/melder_tensor.h:388:1: warning: 'matrix' defined as a struct template here but previously declared as a class template; this is valid, but may result in linker errors under the Microsoft C++ ABI [-Wmismatched-tags]
  388 | struct matrix {
      | ^
praat.github.io/melder/melder_tensor.h:57:23: note: did you mean struct here?
   57 | template <typename T> class matrix;
      |                       ^~~~~
      |                       struct
praat.github.io/melder/melder_tensor.h:461:1: warning: 'constmatrix' defined as a struct template here but previously declared as a class template; this is valid, but may result in linker errors under the Microsoft C++ ABI [-Wmismatched-tags]
  461 | struct constmatrix {
      | ^
praat.github.io/melder/melder_tensor.h:58:23: note: did you mean struct here?
   58 | template <typename T> class constmatrix;
      |                       ^~~~~
      |                       struct
praat.github.io/melder/melder_tensor.h:532:1: warning: 'matrixview' defined as a struct template here but previously declared as a class template; this is valid, but may result in linker errors under the Microsoft C++ ABI [-Wmismatched-tags]
  532 | struct matrixview {
      | ^
praat.github.io/melder/melder_tensor.h:59:23: note: did you mean struct here?
   59 | template <typename T> class matrixview;
      |                       ^~~~~
      |                       struct
praat.github.io/melder/melder_tensor.h:612:1: warning: 'constmatrixview' defined as a struct template here but previously declared as a class template; this is valid, but may result in linker errors under the Microsoft C++ ABI [-Wmismatched-tags]
  612 | struct constmatrixview {
      | ^
praat.github.io/melder/melder_tensor.h:60:23: note: did you mean struct here?
   60 | template <typename T> class constmatrixview;
      |                       ^~~~~
      |                       struct
praat.github.io/melder/melder_tensor.h:683:1: warning: 'automatrix' defined as a struct template here but previously declared as a class template; this is valid, but may result in linker errors under the Microsoft C++ ABI [-Wmismatched-tags]
  683 | struct automatrix {
      | ^
praat.github.io/melder/melder_tensor.h:61:23: note: did you mean struct here?
   61 | template <typename T> class automatrix;
      |                       ^~~~~
      |                       struct
praat.github.io/melder/melder_tensor.h:703:18: warning: unused variable 'numberOfColumnsInThisRow' [-Wunused-variable]
  703 |                         const integer numberOfColumnsInThisRow = uinteger_to_integer_a (row.size());
      |                                       ^~~~~~~~~~~~~~~~~~~~~~~~
In file included from configuration_stubs.cpp:6:
./praat.github.io/sys/Thing.h:77:9: warning: struct 'structThing' was previously declared as a class; this is valid, but may result in linker errors under the Microsoft C++ ABI [-Wmismatched-tags]
   77 | typedef struct structThing *Thing;   // we need an explicit "struct" here, because this is a forward declaration
      |         ^
praat.github.io/melder/MelderArg.h:21:15: note: previous use is here
   21 | typedef class structThing *Thing;   // forward declaration
      |               ^
In file included from configuration_stubs.cpp:6:
./praat.github.io/sys/Thing.h:78:9: warning: struct 'structThing' was previously declared as a class; this is valid, but may result in linker errors under the Microsoft C++ ABI [-Wmismatched-tags]
   78 | typedef struct structThing *mutableThing;
      |         ^
praat.github.io/melder/MelderArg.h:21:15: note: previous use is here
   21 | typedef class structThing *Thing;   // forward declaration
      |               ^
In file included from configuration_stubs.cpp:6:
./praat.github.io/sys/Thing.h:79:15: warning: struct 'structThing' was previously declared as a class; this is valid, but may result in linker errors under the Microsoft C++ ABI [-Wmismatched-tags]
   79 | typedef const struct structThing *constThing;
      |               ^
praat.github.io/melder/MelderArg.h:21:15: note: previous use is here
   21 | typedef class structThing *Thing;   // forward declaration
      |               ^
In file included from configuration_stubs.cpp:6:
./praat.github.io/sys/Thing.h:82:1: warning: 'structThing' defined as a struct here but previously declared as a class; this is valid, but may result in linker errors under the Microsoft C++ ABI [-Wmismatched-tags]
   82 | struct structThing {
      | ^
praat.github.io/melder/MelderArg.h:21:9: note: did you mean struct here?
   21 | typedef class structThing *Thing;   // forward declaration
      |         ^~~~~
      |         struct
15 warnings generated.
clang++ -arch arm64 -std=gnu++17 -I"/Library/Frameworks/R.framework/Resources/include" -DNDEBUG -DHAVE_XSIMD -I. -Igsl-2.8 -Igsl-2.8/gsl -Ipraat.github.io -Ipraat.github.io/kar -Ipraat.github.io/melder -Ipraat.github.io/sys -Ipraat.github.io/dwsys -Ipraat.github.io/dwtools -Ipraat.github.io/stat -Ipraat.github.io/fon -Ipraat.github.io/foned -Ipraat.github.io/LPC -Ipraat.github.io/sensors -Ipraat.github.io/external/portaudio -Ipraat.github.io/external/flac -Ipraat.github.io/external/mp3 -Ipraat.github.io/external/espeak -Ipraat.github.io/external/gsl -Ipraat/external/gsl -Ipraat.github.io/external/glpk -Ipraat/external/glpk -Ipraat.github.io/external/num -Ipraat/external/num -Iclapack/INCLUDE -I'/Library/Frameworks/R.framework/Versions/4.4-arm64/Resources/library/Rcpp/include' -I'/Library/Frameworks/R.framework/Versions/4.4-arm64/Resources/library/RcppXsimd/include' -I/opt/R/arm64/include -I/opt/homebrew/opt/libomp/include -Xclang -fopenmp   -DPRAAT_LIB -DNO_GUI -DNO_AUDIO -DNO_GRAPHICS -DNO_NETWORK -DUNIX -pthread -ffp-contract=off -Wno-unused-parameter -Wno-sign-compare -Wno-unused-variable -Wno-deprecated-declarations -Wno-trigraphs -Wno-logical-op-parentheses -Wno-shift-op-parentheses -Wno-mismatched-tags -Wno-unused-const-variable -Wno-c++11-narrowing -march=armv8-a+simd -fPIC  -falign-functions=64 -Wall -g -O2   -c table_stubs.cpp -o table_stubs.o
In file included from table_stubs.cpp:2:
In file included from ./praat.github.io/sys/Thing.h:24:
In file included from praat.github.io/melder/melder.h:76:
praat.github.io/melder/melder_tensor.h:64:1: warning: 'vector' defined as a struct template here but previously declared as a class template; this is valid, but may result in linker errors under the Microsoft C++ ABI [-Wmismatched-tags]
   64 | struct vector {
      | ^
praat.github.io/melder/melder_tensor.h:52:23: note: did you mean struct here?
   52 | template <typename T> class vector;
      |                       ^~~~~
      |                       struct
praat.github.io/melder/melder_tensor.h:104:1: warning: 'constvector' defined as a struct template here but previously declared as a class template; this is valid, but may result in linker errors under the Microsoft C++ ABI [-Wmismatched-tags]
  104 | struct constvector {
      | ^
praat.github.io/melder/melder_tensor.h:53:23: note: did you mean struct here?
   53 | template <typename T> class constvector;
      |                       ^~~~~
      |                       struct
praat.github.io/melder/melder_tensor.h:137:1: warning: 'vectorview' defined as a struct template here but previously declared as a class template; this is valid, but may result in linker errors under the Microsoft C++ ABI [-Wmismatched-tags]
  137 | struct vectorview {
      | ^
praat.github.io/melder/melder_tensor.h:54:23: note: did you mean struct here?
   54 | template <typename T> class vectorview;
      |                       ^~~~~
      |                       struct
praat.github.io/melder/melder_tensor.h:167:1: warning: 'constvectorview' defined as a struct template here but previously declared as a class template; this is valid, but may result in linker errors under the Microsoft C++ ABI [-Wmismatched-tags]
  167 | struct constvectorview {
      | ^
praat.github.io/melder/melder_tensor.h:55:23: note: did you mean struct here?
   55 | template <typename T> class constvectorview;
      |                       ^~~~~
      |                       struct
praat.github.io/melder/melder_tensor.h:207:1: warning: 'autovector' defined as a struct template here but previously declared as a class template; this is valid, but may result in linker errors under the Microsoft C++ ABI [-Wmismatched-tags]
  207 | struct autovector {
      | ^
praat.github.io/melder/melder_tensor.h:56:23: note: did you mean struct here?
   56 | template <typename T> class autovector;
      |                       ^~~~~
      |                       struct
praat.github.io/melder/melder_tensor.h:388:1: warning: 'matrix' defined as a struct template here but previously declared as a class template; this is valid, but may result in linker errors under the Microsoft C++ ABI [-Wmismatched-tags]
  388 | struct matrix {
      | ^
praat.github.io/melder/melder_tensor.h:57:23: note: did you mean struct here?
   57 | template <typename T> class matrix;
      |                       ^~~~~
      |                       struct
praat.github.io/melder/melder_tensor.h:461:1: warning: 'constmatrix' defined as a struct template here but previously declared as a class template; this is valid, but may result in linker errors under the Microsoft C++ ABI [-Wmismatched-tags]
  461 | struct constmatrix {
      | ^
praat.github.io/melder/melder_tensor.h:58:23: note: did you mean struct here?
   58 | template <typename T> class constmatrix;
      |                       ^~~~~
      |                       struct
praat.github.io/melder/melder_tensor.h:532:1: warning: 'matrixview' defined as a struct template here but previously declared as a class template; this is valid, but may result in linker errors under the Microsoft C++ ABI [-Wmismatched-tags]
  532 | struct matrixview {
      | ^
praat.github.io/melder/melder_tensor.h:59:23: note: did you mean struct here?
   59 | template <typename T> class matrixview;
      |                       ^~~~~
      |                       struct
praat.github.io/melder/melder_tensor.h:612:1: warning: 'constmatrixview' defined as a struct template here but previously declared as a class template; this is valid, but may result in linker errors under the Microsoft C++ ABI [-Wmismatched-tags]
  612 | struct constmatrixview {
      | ^
praat.github.io/melder/melder_tensor.h:60:23: note: did you mean struct here?
   60 | template <typename T> class constmatrixview;
      |                       ^~~~~
      |                       struct
praat.github.io/melder/melder_tensor.h:683:1: warning: 'automatrix' defined as a struct template here but previously declared as a class template; this is valid, but may result in linker errors under the Microsoft C++ ABI [-Wmismatched-tags]
  683 | struct automatrix {
      | ^
praat.github.io/melder/melder_tensor.h:61:23: note: did you mean struct here?
   61 | template <typename T> class automatrix;
      |                       ^~~~~
      |                       struct
praat.github.io/melder/melder_tensor.h:703:18: warning: unused variable 'numberOfColumnsInThisRow' [-Wunused-variable]
  703 |                         const integer numberOfColumnsInThisRow = uinteger_to_integer_a (row.size());
      |                                       ^~~~~~~~~~~~~~~~~~~~~~~~
In file included from table_stubs.cpp:2:
./praat.github.io/sys/Thing.h:77:9: warning: struct 'structThing' was previously declared as a class; this is valid, but may result in linker errors under the Microsoft C++ ABI [-Wmismatched-tags]
   77 | typedef struct structThing *Thing;   // we need an explicit "struct" here, because this is a forward declaration
      |         ^
praat.github.io/melder/MelderArg.h:21:15: note: previous use is here
   21 | typedef class structThing *Thing;   // forward declaration
      |               ^
In file included from table_stubs.cpp:2:
./praat.github.io/sys/Thing.h:78:9: warning: struct 'structThing' was previously declared as a class; this is valid, but may result in linker errors under the Microsoft C++ ABI [-Wmismatched-tags]
   78 | typedef struct structThing *mutableThing;
      |         ^
praat.github.io/melder/MelderArg.h:21:15: note: previous use is here
   21 | typedef class structThing *Thing;   // forward declaration
      |               ^
In file included from table_stubs.cpp:2:
./praat.github.io/sys/Thing.h:79:15: warning: struct 'structThing' was previously declared as a class; this is valid, but may result in linker errors under the Microsoft C++ ABI [-Wmismatched-tags]
   79 | typedef const struct structThing *constThing;
      |               ^
praat.github.io/melder/MelderArg.h:21:15: note: previous use is here
   21 | typedef class structThing *Thing;   // forward declaration
      |               ^
In file included from table_stubs.cpp:2:
./praat.github.io/sys/Thing.h:82:1: warning: 'structThing' defined as a struct here but previously declared as a class; this is valid, but may result in linker errors under the Microsoft C++ ABI [-Wmismatched-tags]
   82 | struct structThing {
      | ^
praat.github.io/melder/MelderArg.h:21:9: note: did you mean struct here?
   21 | typedef class structThing *Thing;   // forward declaration
      |         ^~~~~
      |         struct
In file included from table_stubs.cpp:3:
./praat.github.io/sys/Graphics.h:42:1: warning: struct 'structGraphics' was previously declared as a class; this is valid, but may result in linker errors under the Microsoft C++ ABI [-Wmismatched-tags]
   42 | Thing_define (Graphics, Thing) {
      | ^
./praat.github.io/sys/Thing.h:60:2: note: expanded from macro 'Thing_define'
   60 |         Thing_declare (klas); \
      |         ^
./praat.github.io/sys/Thing.h:52:10: note: expanded from macro 'Thing_declare'
   52 |         typedef struct struct##klas *klas; \
      |                 ^
praat.github.io/melder/melder_progress.h:143:15: note: previous use is here
  143 | typedef class structGraphics *Graphics;
      |               ^
In file included from table_stubs.cpp:3:
./praat.github.io/sys/Graphics.h:42:1: warning: struct 'structGraphics' was previously declared as a class; this is valid, but may result in linker errors under the Microsoft C++ ABI [-Wmismatched-tags]
   42 | Thing_define (Graphics, Thing) {
      | ^
./praat.github.io/sys/Thing.h:60:2: note: expanded from macro 'Thing_define'
   60 |         Thing_declare (klas); \
      |         ^
./praat.github.io/sys/Thing.h:53:10: note: expanded from macro 'Thing_declare'
   53 |         typedef struct struct##klas *mutable##klas; \
      |                 ^
praat.github.io/melder/melder_progress.h:143:15: note: previous use is here
  143 | typedef class structGraphics *Graphics;
      |               ^
In file included from table_stubs.cpp:3:
./praat.github.io/sys/Graphics.h:42:1: warning: struct 'structGraphics' was previously declared as a class; this is valid, but may result in linker errors under the Microsoft C++ ABI [-Wmismatched-tags]
   42 | Thing_define (Graphics, Thing) {
      | ^
./praat.github.io/sys/Thing.h:60:2: note: expanded from macro 'Thing_define'
   60 |         Thing_declare (klas); \
      |         ^
./praat.github.io/sys/Thing.h:54:16: note: expanded from macro 'Thing_declare'
   54 |         typedef const struct struct##klas *const##klas; \
      |                       ^
praat.github.io/melder/melder_progress.h:143:15: note: previous use is here
  143 | typedef class structGraphics *Graphics;
      |               ^
In file included from table_stubs.cpp:3:
./praat.github.io/sys/Graphics.h:42:1: warning: 'structGraphics' defined as a struct here but previously declared as a class; this is valid, but may result in linker errors under the Microsoft C++ ABI [-Wmismatched-tags]
   42 | Thing_define (Graphics, Thing) {
      | ^
./praat.github.io/sys/Thing.h:62:2: note: expanded from macro 'Thing_define'
   62 |         struct struct##klas : public struct##syntacticParentKlas
      |         ^
praat.github.io/melder/melder_progress.h:143:9: note: did you mean struct here?
  143 | typedef class structGraphics *Graphics;
      |         ^~~~~
      |         struct
19 warnings generated.
clang++ -arch arm64 -std=gnu++17 -I"/Library/Frameworks/R.framework/Resources/include" -DNDEBUG -DHAVE_XSIMD -I. -Igsl-2.8 -Igsl-2.8/gsl -Ipraat.github.io -Ipraat.github.io/kar -Ipraat.github.io/melder -Ipraat.github.io/sys -Ipraat.github.io/dwsys -Ipraat.github.io/dwtools -Ipraat.github.io/stat -Ipraat.github.io/fon -Ipraat.github.io/foned -Ipraat.github.io/LPC -Ipraat.github.io/sensors -Ipraat.github.io/external/portaudio -Ipraat.github.io/external/flac -Ipraat.github.io/external/mp3 -Ipraat.github.io/external/espeak -Ipraat.github.io/external/gsl -Ipraat/external/gsl -Ipraat.github.io/external/glpk -Ipraat/external/glpk -Ipraat.github.io/external/num -Ipraat/external/num -Iclapack/INCLUDE -I'/Library/Frameworks/R.framework/Versions/4.4-arm64/Resources/library/Rcpp/include' -I'/Library/Frameworks/R.framework/Versions/4.4-arm64/Resources/library/RcppXsimd/include' -I/opt/R/arm64/include -I/opt/homebrew/opt/libomp/include -Xclang -fopenmp   -DPRAAT_LIB -DNO_GUI -DNO_AUDIO -DNO_GRAPHICS -DNO_NETWORK -DUNIX -pthread -ffp-contract=off -Wno-unused-parameter -Wno-sign-compare -Wno-unused-variable -Wno-deprecated-declarations -Wno-trigraphs -Wno-logical-op-parentheses -Wno-shift-op-parentheses -Wno-mismatched-tags -Wno-unused-const-variable -Wno-c++11-narrowing -march=armv8-a+simd -fPIC  -falign-functions=64 -Wall -g -O2   -c sound_create_gaussian.cpp -o sound_create_gaussian.o
In file included from sound_create_gaussian.cpp:4:
In file included from ./praat.github.io/fon/Sound.h:23:
In file included from ./praat.github.io/fon/Vector.h:24:
In file included from ./praat.github.io/fon/Matrix.h:21:
In file included from ./praat.github.io/fon/SampledXY.h:21:
In file included from ./praat.github.io/fon/Sampled.h:22:
In file included from ./praat.github.io/fon/Function.h:21:
In file included from praat.github.io/sys/Collection.h:25:
In file included from praat.github.io/sys/Simple.h:21:
In file included from praat.github.io/sys/Data.h:23:
In file included from praat.github.io/sys/Thing.h:24:
In file included from praat.github.io/melder/melder.h:76:
praat.github.io/melder/melder_tensor.h:64:1: warning: 'vector' defined as a struct template here but previously declared as a class template; this is valid, but may result in linker errors under the Microsoft C++ ABI [-Wmismatched-tags]
   64 | struct vector {
      | ^
praat.github.io/melder/melder_tensor.h:52:23: note: did you mean struct here?
   52 | template <typename T> class vector;
      |                       ^~~~~
      |                       struct
praat.github.io/melder/melder_tensor.h:104:1: warning: 'constvector' defined as a struct template here but previously declared as a class template; this is valid, but may result in linker errors under the Microsoft C++ ABI [-Wmismatched-tags]
  104 | struct constvector {
      | ^
praat.github.io/melder/melder_tensor.h:53:23: note: did you mean struct here?
   53 | template <typename T> class constvector;
      |                       ^~~~~
      |                       struct
praat.github.io/melder/melder_tensor.h:137:1: warning: 'vectorview' defined as a struct template here but previously declared as a class template; this is valid, but may result in linker errors under the Microsoft C++ ABI [-Wmismatched-tags]
  137 | struct vectorview {
      | ^
praat.github.io/melder/melder_tensor.h:54:23: note: did you mean struct here?
   54 | template <typename T> class vectorview;
      |                       ^~~~~
      |                       struct
praat.github.io/melder/melder_tensor.h:167:1: warning: 'constvectorview' defined as a struct template here but previously declared as a class template; this is valid, but may result in linker errors under the Microsoft C++ ABI [-Wmismatched-tags]
  167 | struct constvectorview {
      | ^
praat.github.io/melder/melder_tensor.h:55:23: note: did you mean struct here?
   55 | template <typename T> class constvectorview;
      |                       ^~~~~
      |                       struct
praat.github.io/melder/melder_tensor.h:207:1: warning: 'autovector' defined as a struct template here but previously declared as a class template; this is valid, but may result in linker errors under the Microsoft C++ ABI [-Wmismatched-tags]
  207 | struct autovector {
      | ^
praat.github.io/melder/melder_tensor.h:56:23: note: did you mean struct here?
   56 | template <typename T> class autovector;
      |                       ^~~~~
      |                       struct
praat.github.io/melder/melder_tensor.h:388:1: warning: 'matrix' defined as a struct template here but previously declared as a class template; this is valid, but may result in linker errors under the Microsoft C++ ABI [-Wmismatched-tags]
  388 | struct matrix {
      | ^
praat.github.io/melder/melder_tensor.h:57:23: note: did you mean struct here?
   57 | template <typename T> class matrix;
      |                       ^~~~~
      |                       struct
praat.github.io/melder/melder_tensor.h:461:1: warning: 'constmatrix' defined as a struct template here but previously declared as a class template; this is valid, but may result in linker errors under the Microsoft C++ ABI [-Wmismatched-tags]
  461 | struct constmatrix {
      | ^
praat.github.io/melder/melder_tensor.h:58:23: note: did you mean struct here?
   58 | template <typename T> class constmatrix;
      |                       ^~~~~
      |                       struct
praat.github.io/melder/melder_tensor.h:532:1: warning: 'matrixview' defined as a struct template here but previously declared as a class template; this is valid, but may result in linker errors under the Microsoft C++ ABI [-Wmismatched-tags]
  532 | struct matrixview {
      | ^
praat.github.io/melder/melder_tensor.h:59:23: note: did you mean struct here?
   59 | template <typename T> class matrixview;
      |                       ^~~~~
      |                       struct
praat.github.io/melder/melder_tensor.h:612:1: warning: 'constmatrixview' defined as a struct template here but previously declared as a class template; this is valid, but may result in linker errors under the Microsoft C++ ABI [-Wmismatched-tags]
  612 | struct constmatrixview {
      | ^
praat.github.io/melder/melder_tensor.h:60:23: note: did you mean struct here?
   60 | template <typename T> class constmatrixview;
      |                       ^~~~~
      |                       struct
praat.github.io/melder/melder_tensor.h:683:1: warning: 'automatrix' defined as a struct template here but previously declared as a class template; this is valid, but may result in linker errors under the Microsoft C++ ABI [-Wmismatched-tags]
  683 | struct automatrix {
      | ^
praat.github.io/melder/melder_tensor.h:61:23: note: did you mean struct here?
   61 | template <typename T> class automatrix;
      |                       ^~~~~
      |                       struct
praat.github.io/melder/melder_tensor.h:703:18: warning: unused variable 'numberOfColumnsInThisRow' [-Wunused-variable]
  703 |                         const integer numberOfColumnsInThisRow = uinteger_to_integer_a (row.size());
      |                                       ^~~~~~~~~~~~~~~~~~~~~~~~
In file included from sound_create_gaussian.cpp:4:
In file included from ./praat.github.io/fon/Sound.h:23:
In file included from ./praat.github.io/fon/Vector.h:24:
In file included from ./praat.github.io/fon/Matrix.h:21:
In file included from ./praat.github.io/fon/SampledXY.h:21:
In file included from ./praat.github.io/fon/Sampled.h:22:
In file included from ./praat.github.io/fon/Function.h:21:
In file included from praat.github.io/sys/Collection.h:25:
In file included from praat.github.io/sys/Simple.h:21:
In file included from praat.github.io/sys/Data.h:23:
praat.github.io/sys/Thing.h:77:9: warning: struct 'structThing' was previously declared as a class; this is valid, but may result in linker errors under the Microsoft C++ ABI [-Wmismatched-tags]
   77 | typedef struct structThing *Thing;   // we need an explicit "struct" here, because this is a forward declaration
      |         ^
praat.github.io/melder/MelderArg.h:21:15: note: previous use is here
   21 | typedef class structThing *Thing;   // forward declaration
      |               ^
In file included from sound_create_gaussian.cpp:4:
In file included from ./praat.github.io/fon/Sound.h:23:
In file included from ./praat.github.io/fon/Vector.h:24:
In file included from ./praat.github.io/fon/Matrix.h:21:
In file included from ./praat.github.io/fon/SampledXY.h:21:
In file included from ./praat.github.io/fon/Sampled.h:22:
In file included from ./praat.github.io/fon/Function.h:21:
In file included from praat.github.io/sys/Collection.h:25:
In file included from praat.github.io/sys/Simple.h:21:
In file included from praat.github.io/sys/Data.h:23:
praat.github.io/sys/Thing.h:78:9: warning: struct 'structThing' was previously declared as a class; this is valid, but may result in linker errors under the Microsoft C++ ABI [-Wmismatched-tags]
   78 | typedef struct structThing *mutableThing;
      |         ^
praat.github.io/melder/MelderArg.h:21:15: note: previous use is here
   21 | typedef class structThing *Thing;   // forward declaration
      |               ^
In file included from sound_create_gaussian.cpp:4:
In file included from ./praat.github.io/fon/Sound.h:23:
In file included from ./praat.github.io/fon/Vector.h:24:
In file included from ./praat.github.io/fon/Matrix.h:21:
In file included from ./praat.github.io/fon/SampledXY.h:21:
In file included from ./praat.github.io/fon/Sampled.h:22:
In file included from ./praat.github.io/fon/Function.h:21:
In file included from praat.github.io/sys/Collection.h:25:
In file included from praat.github.io/sys/Simple.h:21:
In file included from praat.github.io/sys/Data.h:23:
praat.github.io/sys/Thing.h:79:15: warning: struct 'structThing' was previously declared as a class; this is valid, but may result in linker errors under the Microsoft C++ ABI [-Wmismatched-tags]
   79 | typedef const struct structThing *constThing;
      |               ^
praat.github.io/melder/MelderArg.h:21:15: note: previous use is here
   21 | typedef class structThing *Thing;   // forward declaration
      |               ^
In file included from sound_create_gaussian.cpp:4:
In file included from ./praat.github.io/fon/Sound.h:23:
In file included from ./praat.github.io/fon/Vector.h:24:
In file included from ./praat.github.io/fon/Matrix.h:21:
In file included from ./praat.github.io/fon/SampledXY.h:21:
In file included from ./praat.github.io/fon/Sampled.h:22:
In file included from ./praat.github.io/fon/Function.h:21:
In file included from praat.github.io/sys/Collection.h:25:
In file included from praat.github.io/sys/Simple.h:21:
In file included from praat.github.io/sys/Data.h:23:
praat.github.io/sys/Thing.h:82:1: warning: 'structThing' defined as a struct here but previously declared as a class; this is valid, but may result in linker errors under the Microsoft C++ ABI [-Wmismatched-tags]
   82 | struct structThing {
      | ^
praat.github.io/melder/MelderArg.h:21:9: note: did you mean struct here?
   21 | typedef class structThing *Thing;   // forward declaration
      |         ^~~~~
      |         struct
In file included from sound_create_gaussian.cpp:4:
In file included from ./praat.github.io/fon/Sound.h:23:
In file included from ./praat.github.io/fon/Vector.h:24:
In file included from ./praat.github.io/fon/Matrix.h:21:
In file included from ./praat.github.io/fon/SampledXY.h:21:
In file included from ./praat.github.io/fon/Sampled.h:23:
praat.github.io/sys/Graphics.h:42:1: warning: struct 'structGraphics' was previously declared as a class; this is valid, but may result in linker errors under the Microsoft C++ ABI [-Wmismatched-tags]
   42 | Thing_define (Graphics, Thing) {
      | ^
praat.github.io/sys/Thing.h:60:2: note: expanded from macro 'Thing_define'
   60 |         Thing_declare (klas); \
      |         ^
praat.github.io/sys/Thing.h:52:10: note: expanded from macro 'Thing_declare'
   52 |         typedef struct struct##klas *klas; \
      |                 ^
praat.github.io/melder/melder_progress.h:143:15: note: previous use is here
  143 | typedef class structGraphics *Graphics;
      |               ^
In file included from sound_create_gaussian.cpp:4:
In file included from ./praat.github.io/fon/Sound.h:23:
In file included from ./praat.github.io/fon/Vector.h:24:
In file included from ./praat.github.io/fon/Matrix.h:21:
In file included from ./praat.github.io/fon/SampledXY.h:21:
In file included from ./praat.github.io/fon/Sampled.h:23:
praat.github.io/sys/Graphics.h:42:1: warning: struct 'structGraphics' was previously declared as a class; this is valid, but may result in linker errors under the Microsoft C++ ABI [-Wmismatched-tags]
   42 | Thing_define (Graphics, Thing) {
      | ^
praat.github.io/sys/Thing.h:60:2: note: expanded from macro 'Thing_define'
   60 |         Thing_declare (klas); \
      |         ^
praat.github.io/sys/Thing.h:53:10: note: expanded from macro 'Thing_declare'
   53 |         typedef struct struct##klas *mutable##klas; \
      |                 ^
praat.github.io/melder/melder_progress.h:143:15: note: previous use is here
  143 | typedef class structGraphics *Graphics;
      |               ^
In file included from sound_create_gaussian.cpp:4:
In file included from ./praat.github.io/fon/Sound.h:23:
In file included from ./praat.github.io/fon/Vector.h:24:
In file included from ./praat.github.io/fon/Matrix.h:21:
In file included from ./praat.github.io/fon/SampledXY.h:21:
In file included from ./praat.github.io/fon/Sampled.h:23:
praat.github.io/sys/Graphics.h:42:1: warning: struct 'structGraphics' was previously declared as a class; this is valid, but may result in linker errors under the Microsoft C++ ABI [-Wmismatched-tags]
   42 | Thing_define (Graphics, Thing) {
      | ^
praat.github.io/sys/Thing.h:60:2: note: expanded from macro 'Thing_define'
   60 |         Thing_declare (klas); \
      |         ^
praat.github.io/sys/Thing.h:54:16: note: expanded from macro 'Thing_declare'
   54 |         typedef const struct struct##klas *const##klas; \
      |                       ^
praat.github.io/melder/melder_progress.h:143:15: note: previous use is here
  143 | typedef class structGraphics *Graphics;
      |               ^
In file included from sound_create_gaussian.cpp:4:
In file included from ./praat.github.io/fon/Sound.h:23:
In file included from ./praat.github.io/fon/Vector.h:24:
In file included from ./praat.github.io/fon/Matrix.h:21:
In file included from ./praat.github.io/fon/SampledXY.h:21:
In file included from ./praat.github.io/fon/Sampled.h:23:
praat.github.io/sys/Graphics.h:42:1: warning: 'structGraphics' defined as a struct here but previously declared as a class; this is valid, but may result in linker errors under the Microsoft C++ ABI [-Wmismatched-tags]
   42 | Thing_define (Graphics, Thing) {
      | ^
praat.github.io/sys/Thing.h:62:2: note: expanded from macro 'Thing_define'
   62 |         struct struct##klas : public struct##syntacticParentKlas
      |         ^
praat.github.io/melder/melder_progress.h:143:9: note: did you mean struct here?
  143 | typedef class structGraphics *Graphics;
      |         ^~~~~
      |         struct
19 warnings generated.
clang++ -arch arm64 -std=gnu++17 -I"/Library/Frameworks/R.framework/Resources/include" -DNDEBUG -DHAVE_XSIMD -I. -Igsl-2.8 -Igsl-2.8/gsl -Ipraat.github.io -Ipraat.github.io/kar -Ipraat.github.io/melder -Ipraat.github.io/sys -Ipraat.github.io/dwsys -Ipraat.github.io/dwtools -Ipraat.github.io/stat -Ipraat.github.io/fon -Ipraat.github.io/foned -Ipraat.github.io/LPC -Ipraat.github.io/sensors -Ipraat.github.io/external/portaudio -Ipraat.github.io/external/flac -Ipraat.github.io/external/mp3 -Ipraat.github.io/external/espeak -Ipraat.github.io/external/gsl -Ipraat/external/gsl -Ipraat.github.io/external/glpk -Ipraat/external/glpk -Ipraat.github.io/external/num -Ipraat/external/num -Iclapack/INCLUDE -I'/Library/Frameworks/R.framework/Versions/4.4-arm64/Resources/library/Rcpp/include' -I'/Library/Frameworks/R.framework/Versions/4.4-arm64/Resources/library/RcppXsimd/include' -I/opt/R/arm64/include -I/opt/homebrew/opt/libomp/include -Xclang -fopenmp   -DPRAAT_LIB -DNO_GUI -DNO_AUDIO -DNO_GRAPHICS -DNO_NETWORK -DUNIX -pthread -ffp-contract=off -Wno-unused-parameter -Wno-sign-compare -Wno-unused-variable -Wno-deprecated-declarations -Wno-trigraphs -Wno-logical-op-parentheses -Wno-shift-op-parentheses -Wno-mismatched-tags -Wno-unused-const-variable -Wno-c++11-narrowing -march=armv8-a+simd -fPIC  -falign-functions=64 -Wall -g -O2   -c r_lapack_wrapper.cpp -o r_lapack_wrapper.o
clang++ -arch arm64 -std=gnu++17 -I"/Library/Frameworks/R.framework/Resources/include" -DNDEBUG -DHAVE_XSIMD -I. -Igsl-2.8 -Igsl-2.8/gsl -Ipraat.github.io -Ipraat.github.io/kar -Ipraat.github.io/melder -Ipraat.github.io/sys -Ipraat.github.io/dwsys -Ipraat.github.io/dwtools -Ipraat.github.io/stat -Ipraat.github.io/fon -Ipraat.github.io/foned -Ipraat.github.io/LPC -Ipraat.github.io/sensors -Ipraat.github.io/external/portaudio -Ipraat.github.io/external/flac -Ipraat.github.io/external/mp3 -Ipraat.github.io/external/espeak -Ipraat.github.io/external/gsl -Ipraat/external/gsl -Ipraat.github.io/external/glpk -Ipraat/external/glpk -Ipraat.github.io/external/num -Ipraat/external/num -Iclapack/INCLUDE -I'/Library/Frameworks/R.framework/Versions/4.4-arm64/Resources/library/Rcpp/include' -I'/Library/Frameworks/R.framework/Versions/4.4-arm64/Resources/library/RcppXsimd/include' -I/opt/R/arm64/include -I/opt/homebrew/opt/libomp/include -Xclang -fopenmp   -DPRAAT_LIB -DNO_GUI -DNO_AUDIO -DNO_GRAPHICS -DNO_NETWORK -DUNIX -pthread -ffp-contract=off -Wno-unused-parameter -Wno-sign-compare -Wno-unused-variable -Wno-deprecated-declarations -Wno-trigraphs -Wno-logical-op-parentheses -Wno-shift-op-parentheses -Wno-mismatched-tags -Wno-unused-const-variable -Wno-c++11-narrowing -march=armv8-a+simd -fPIC  -falign-functions=64 -Wall -g -O2   -c utils.cpp -o utils.o
clang++ -arch arm64 -std=gnu++17 -I"/Library/Frameworks/R.framework/Resources/include" -DNDEBUG -DHAVE_XSIMD -I. -Igsl-2.8 -Igsl-2.8/gsl -Ipraat.github.io -Ipraat.github.io/kar -Ipraat.github.io/melder -Ipraat.github.io/sys -Ipraat.github.io/dwsys -Ipraat.github.io/dwtools -Ipraat.github.io/stat -Ipraat.github.io/fon -Ipraat.github.io/foned -Ipraat.github.io/LPC -Ipraat.github.io/sensors -Ipraat.github.io/external/portaudio -Ipraat.github.io/external/flac -Ipraat.github.io/external/mp3 -Ipraat.github.io/external/espeak -Ipraat.github.io/external/gsl -Ipraat/external/gsl -Ipraat.github.io/external/glpk -Ipraat/external/glpk -Ipraat.github.io/external/num -Ipraat/external/num -Iclapack/INCLUDE -I'/Library/Frameworks/R.framework/Versions/4.4-arm64/Resources/library/Rcpp/include' -I'/Library/Frameworks/R.framework/Versions/4.4-arm64/Resources/library/RcppXsimd/include' -I/opt/R/arm64/include -I/opt/homebrew/opt/libomp/include -Xclang -fopenmp   -DPRAAT_LIB -DNO_GUI -DNO_AUDIO -DNO_GRAPHICS -DNO_NETWORK -DUNIX -pthread -ffp-contract=off -Wno-unused-parameter -Wno-sign-compare -Wno-unused-variable -Wno-deprecated-declarations -Wno-trigraphs -Wno-logical-op-parentheses -Wno-shift-op-parentheses -Wno-mismatched-tags -Wno-unused-const-variable -Wno-c++11-narrowing -march=armv8-a+simd -fPIC  -falign-functions=64 -Wall -g -O2   -c RcppExports.cpp -o RcppExports.o
In file included from RcppExports.cpp:4:
In file included from ./../inst/include/pladdrr.h:7:
In file included from ./../inst/include/pladdrr_RcppExports.h:8:
In file included from /Library/Frameworks/R.framework/Versions/4.4-arm64/Resources/library/Rcpp/include/Rcpp.h:47:
/Library/Frameworks/R.framework/Versions/4.4-arm64/Resources/library/Rcpp/include/Rcpp/XPtr.h:31:5: warning: deleting pointer to incomplete type 'structFormant' is incompatible with C++2c and may cause undefined behavior [-Wdelete-incomplete]
   31 |     delete obj;
      |     ^      ~~~
/Library/Frameworks/R.framework/Versions/4.4-arm64/Resources/library/Rcpp/include/Rcpp/XPtr.h:54:26: note: in instantiation of function template specialization 'Rcpp::standard_delete_finalizer<structFormant>' requested here
   54 |     void Finalizer(T*) = standard_delete_finalizer<T>,
      |                          ^
./../inst/include/pladdrr_types.h:9:8: note: forward declaration of 'structFormant'
    9 | struct structFormant;
      |        ^
In file included from RcppExports.cpp:4:
In file included from ./../inst/include/pladdrr.h:7:
In file included from ./../inst/include/pladdrr_RcppExports.h:8:
In file included from /Library/Frameworks/R.framework/Versions/4.4-arm64/Resources/library/Rcpp/include/Rcpp.h:47:
/Library/Frameworks/R.framework/Versions/4.4-arm64/Resources/library/Rcpp/include/Rcpp/XPtr.h:31:5: warning: deleting pointer to incomplete type 'structSound' is incompatible with C++2c and may cause undefined behavior [-Wdelete-incomplete]
   31 |     delete obj;
      |     ^      ~~~
/Library/Frameworks/R.framework/Versions/4.4-arm64/Resources/library/Rcpp/include/Rcpp/XPtr.h:54:26: note: in instantiation of function template specialization 'Rcpp::standard_delete_finalizer<structSound>' requested here
   54 |     void Finalizer(T*) = standard_delete_finalizer<T>,
      |                          ^
./../inst/include/pladdrr_types.h:7:8: note: forward declaration of 'structSound'
    7 | struct structSound;
      |        ^
In file included from RcppExports.cpp:4:
In file included from ./../inst/include/pladdrr.h:7:
In file included from ./../inst/include/pladdrr_RcppExports.h:8:
In file included from /Library/Frameworks/R.framework/Versions/4.4-arm64/Resources/library/Rcpp/include/Rcpp.h:47:
/Library/Frameworks/R.framework/Versions/4.4-arm64/Resources/library/Rcpp/include/Rcpp/XPtr.h:31:5: warning: deleting pointer to incomplete type 'structTable' is incompatible with C++2c and may cause undefined behavior [-Wdelete-incomplete]
   31 |     delete obj;
      |     ^      ~~~
/Library/Frameworks/R.framework/Versions/4.4-arm64/Resources/library/Rcpp/include/Rcpp/XPtr.h:54:26: note: in instantiation of function template specialization 'Rcpp::standard_delete_finalizer<structTable>' requested here
   54 |     void Finalizer(T*) = standard_delete_finalizer<T>,
      |                          ^
./../inst/include/pladdrr_types.h:24:8: note: forward declaration of 'structTable'
   24 | struct structTable;
      |        ^
In file included from RcppExports.cpp:4:
In file included from ./../inst/include/pladdrr.h:7:
In file included from ./../inst/include/pladdrr_RcppExports.h:8:
In file included from /Library/Frameworks/R.framework/Versions/4.4-arm64/Resources/library/Rcpp/include/Rcpp.h:47:
/Library/Frameworks/R.framework/Versions/4.4-arm64/Resources/library/Rcpp/include/Rcpp/XPtr.h:31:5: warning: deleting pointer to incomplete type 'structFormantGrid' is incompatible with C++2c and may cause undefined behavior [-Wdelete-incomplete]
   31 |     delete obj;
      |     ^      ~~~
/Library/Frameworks/R.framework/Versions/4.4-arm64/Resources/library/Rcpp/include/Rcpp/XPtr.h:54:26: note: in instantiation of function template specialization 'Rcpp::standard_delete_finalizer<structFormantGrid>' requested here
   54 |     void Finalizer(T*) = standard_delete_finalizer<T>,
      |                          ^
./../inst/include/pladdrr_types.h:10:8: note: forward declaration of 'structFormantGrid'
   10 | struct structFormantGrid;
      |        ^
In file included from RcppExports.cpp:4:
In file included from ./../inst/include/pladdrr.h:7:
In file included from ./../inst/include/pladdrr_RcppExports.h:8:
In file included from /Library/Frameworks/R.framework/Versions/4.4-arm64/Resources/library/Rcpp/include/Rcpp.h:47:
/Library/Frameworks/R.framework/Versions/4.4-arm64/Resources/library/Rcpp/include/Rcpp/XPtr.h:31:5: warning: deleting pointer to incomplete type 'structHarmonicity' is incompatible with C++2c and may cause undefined behavior [-Wdelete-incomplete]
   31 |     delete obj;
      |     ^      ~~~
/Library/Frameworks/R.framework/Versions/4.4-arm64/Resources/library/Rcpp/include/Rcpp/XPtr.h:54:26: note: in instantiation of function template specialization 'Rcpp::standard_delete_finalizer<structHarmonicity>' requested here
   54 |     void Finalizer(T*) = standard_delete_finalizer<T>,
      |                          ^
./../inst/include/pladdrr_types.h:12:8: note: forward declaration of 'structHarmonicity'
   12 | struct structHarmonicity;
      |        ^
In file included from RcppExports.cpp:4:
In file included from ./../inst/include/pladdrr.h:7:
In file included from ./../inst/include/pladdrr_RcppExports.h:8:
In file included from /Library/Frameworks/R.framework/Versions/4.4-arm64/Resources/library/Rcpp/include/Rcpp.h:47:
/Library/Frameworks/R.framework/Versions/4.4-arm64/Resources/library/Rcpp/include/Rcpp/XPtr.h:31:5: warning: deleting pointer to incomplete type 'structIntensity' is incompatible with C++2c and may cause undefined behavior [-Wdelete-incomplete]
   31 |     delete obj;
      |     ^      ~~~
/Library/Frameworks/R.framework/Versions/4.4-arm64/Resources/library/Rcpp/include/Rcpp/XPtr.h:54:26: note: in instantiation of function template specialization 'Rcpp::standard_delete_finalizer<structIntensity>' requested here
   54 |     void Finalizer(T*) = standard_delete_finalizer<T>,
      |                          ^
./../inst/include/pladdrr_types.h:11:8: note: forward declaration of 'structIntensity'
   11 | struct structIntensity;
      |        ^
In file included from RcppExports.cpp:4:
In file included from ./../inst/include/pladdrr.h:7:
In file included from ./../inst/include/pladdrr_RcppExports.h:8:
In file included from /Library/Frameworks/R.framework/Versions/4.4-arm64/Resources/library/Rcpp/include/Rcpp.h:47:
/Library/Frameworks/R.framework/Versions/4.4-arm64/Resources/library/Rcpp/include/Rcpp/XPtr.h:31:5: warning: deleting pointer to incomplete type 'structIntensityTier' is incompatible with C++2c and may cause undefined behavior [-Wdelete-incomplete]
   31 |     delete obj;
      |     ^      ~~~
/Library/Frameworks/R.framework/Versions/4.4-arm64/Resources/library/Rcpp/include/Rcpp/XPtr.h:54:26: note: in instantiation of function template specialization 'Rcpp::standard_delete_finalizer<structIntensityTier>' requested here
   54 |     void Finalizer(T*) = standard_delete_finalizer<T>,
      |                          ^
./../inst/include/pladdrr_types.h:22:8: note: forward declaration of 'structIntensityTier'
   22 | struct structIntensityTier;
      |        ^
In file included from RcppExports.cpp:4:
In file included from ./../inst/include/pladdrr.h:7:
In file included from ./../inst/include/pladdrr_RcppExports.h:8:
In file included from /Library/Frameworks/R.framework/Versions/4.4-arm64/Resources/library/Rcpp/include/Rcpp.h:47:
/Library/Frameworks/R.framework/Versions/4.4-arm64/Resources/library/Rcpp/include/Rcpp/XPtr.h:31:5: warning: deleting pointer to incomplete type 'structPitch' is incompatible with C++2c and may cause undefined behavior [-Wdelete-incomplete]
   31 |     delete obj;
      |     ^      ~~~
/Library/Frameworks/R.framework/Versions/4.4-arm64/Resources/library/Rcpp/include/Rcpp/XPtr.h:54:26: note: in instantiation of function template specialization 'Rcpp::standard_delete_finalizer<structPitch>' requested here
   54 |     void Finalizer(T*) = standard_delete_finalizer<T>,
      |                          ^
./../inst/include/pladdrr_types.h:8:8: note: forward declaration of 'structPitch'
    8 | struct structPitch;
      |        ^
In file included from RcppExports.cpp:4:
In file included from ./../inst/include/pladdrr.h:7:
In file included from ./../inst/include/pladdrr_RcppExports.h:8:
In file included from /Library/Frameworks/R.framework/Versions/4.4-arm64/Resources/library/Rcpp/include/Rcpp.h:47:
/Library/Frameworks/R.framework/Versions/4.4-arm64/Resources/library/Rcpp/include/Rcpp/XPtr.h:31:5: warning: deleting pointer to incomplete type 'structSpectrum' is incompatible with C++2c and may cause undefined behavior [-Wdelete-incomplete]
   31 |     delete obj;
      |     ^      ~~~
/Library/Frameworks/R.framework/Versions/4.4-arm64/Resources/library/Rcpp/include/Rcpp/XPtr.h:54:26: note: in instantiation of function template specialization 'Rcpp::standard_delete_finalizer<structSpectrum>' requested here
   54 |     void Finalizer(T*) = standard_delete_finalizer<T>,
      |                          ^
./../inst/include/pladdrr_types.h:14:8: note: forward declaration of 'structSpectrum'
   14 | struct structSpectrum;
      |        ^
In file included from RcppExports.cpp:4:
In file included from ./../inst/include/pladdrr.h:7:
In file included from ./../inst/include/pladdrr_RcppExports.h:8:
In file included from /Library/Frameworks/R.framework/Versions/4.4-arm64/Resources/library/Rcpp/include/Rcpp.h:47:
/Library/Frameworks/R.framework/Versions/4.4-arm64/Resources/library/Rcpp/include/Rcpp/XPtr.h:31:5: warning: deleting pointer to incomplete type 'structSpectrogram' is incompatible with C++2c and may cause undefined behavior [-Wdelete-incomplete]
   31 |     delete obj;
      |     ^      ~~~
/Library/Frameworks/R.framework/Versions/4.4-arm64/Resources/library/Rcpp/include/Rcpp/XPtr.h:54:26: note: in instantiation of function template specialization 'Rcpp::standard_delete_finalizer<structSpectrogram>' requested here
   54 |     void Finalizer(T*) = standard_delete_finalizer<T>,
      |                          ^
./../inst/include/pladdrr_types.h:13:8: note: forward declaration of 'structSpectrogram'
   13 | struct structSpectrogram;
      |        ^
In file included from RcppExports.cpp:4:
In file included from ./../inst/include/pladdrr.h:7:
In file included from ./../inst/include/pladdrr_RcppExports.h:8:
In file included from /Library/Frameworks/R.framework/Versions/4.4-arm64/Resources/library/Rcpp/include/Rcpp.h:47:
/Library/Frameworks/R.framework/Versions/4.4-arm64/Resources/library/Rcpp/include/Rcpp/XPtr.h:31:5: warning: deleting pointer to incomplete type 'structPointProcess' is incompatible with C++2c and may cause undefined behavior [-Wdelete-incomplete]
   31 |     delete obj;
      |     ^      ~~~
/Library/Frameworks/R.framework/Versions/4.4-arm64/Resources/library/Rcpp/include/Rcpp/XPtr.h:54:26: note: in instantiation of function template specialization 'Rcpp::standard_delete_finalizer<structPointProcess>' requested here
   54 |     void Finalizer(T*) = standard_delete_finalizer<T>,
      |                          ^
./../inst/include/pladdrr_types.h:17:8: note: forward declaration of 'structPointProcess'
   17 | struct structPointProcess;
      |        ^
In file included from RcppExports.cpp:4:
In file included from ./../inst/include/pladdrr.h:7:
In file included from ./../inst/include/pladdrr_RcppExports.h:8:
In file included from /Library/Frameworks/R.framework/Versions/4.4-arm64/Resources/library/Rcpp/include/Rcpp.h:47:
/Library/Frameworks/R.framework/Versions/4.4-arm64/Resources/library/Rcpp/include/Rcpp/XPtr.h:31:5: warning: deleting pointer to incomplete type 'structTextGrid' is incompatible with C++2c and may cause undefined behavior [-Wdelete-incomplete]
   31 |     delete obj;
      |     ^      ~~~
/Library/Frameworks/R.framework/Versions/4.4-arm64/Resources/library/Rcpp/include/Rcpp/XPtr.h:54:26: note: in instantiation of function template specialization 'Rcpp::standard_delete_finalizer<structTextGrid>' requested here
   54 |     void Finalizer(T*) = standard_delete_finalizer<T>,
      |                          ^
./../inst/include/pladdrr_types.h:16:8: note: forward declaration of 'structTextGrid'
   16 | struct structTextGrid;
      |        ^
In file included from RcppExports.cpp:4:
In file included from ./../inst/include/pladdrr.h:7:
In file included from ./../inst/include/pladdrr_RcppExports.h:8:
In file included from /Library/Frameworks/R.framework/Versions/4.4-arm64/Resources/library/Rcpp/include/Rcpp.h:47:
/Library/Frameworks/R.framework/Versions/4.4-arm64/Resources/library/Rcpp/include/Rcpp/XPtr.h:31:5: warning: deleting pointer to incomplete type 'structDurationTier' is incompatible with C++2c and may cause undefined behavior [-Wdelete-incomplete]
   31 |     delete obj;
      |     ^      ~~~
/Library/Frameworks/R.framework/Versions/4.4-arm64/Resources/library/Rcpp/include/Rcpp/XPtr.h:54:26: note: in instantiation of function template specialization 'Rcpp::standard_delete_finalizer<structDurationTier>' requested here
   54 |     void Finalizer(T*) = standard_delete_finalizer<T>,
      |                          ^
./../inst/include/pladdrr_types.h:21:8: note: forward declaration of 'structDurationTier'
   21 | struct structDurationTier;
      |        ^
In file included from RcppExports.cpp:4:
In file included from ./../inst/include/pladdrr.h:7:
In file included from ./../inst/include/pladdrr_RcppExports.h:8:
In file included from /Library/Frameworks/R.framework/Versions/4.4-arm64/Resources/library/Rcpp/include/Rcpp.h:47:
/Library/Frameworks/R.framework/Versions/4.4-arm64/Resources/library/Rcpp/include/Rcpp/XPtr.h:31:5: warning: deleting pointer to incomplete type 'structLPC' is incompatible with C++2c and may cause undefined behavior [-Wdelete-incomplete]
   31 |     delete obj;
      |     ^      ~~~
/Library/Frameworks/R.framework/Versions/4.4-arm64/Resources/library/Rcpp/include/Rcpp/XPtr.h:54:26: note: in instantiation of function template specialization 'Rcpp::standard_delete_finalizer<structLPC>' requested here
   54 |     void Finalizer(T*) = standard_delete_finalizer<T>,
      |                          ^
./../inst/include/pladdrr_types.h:19:8: note: forward declaration of 'structLPC'
   19 | struct structLPC;
      |        ^
In file included from RcppExports.cpp:4:
In file included from ./../inst/include/pladdrr.h:7:
In file included from ./../inst/include/pladdrr_RcppExports.h:8:
In file included from /Library/Frameworks/R.framework/Versions/4.4-arm64/Resources/library/Rcpp/include/Rcpp.h:47:
/Library/Frameworks/R.framework/Versions/4.4-arm64/Resources/library/Rcpp/include/Rcpp/XPtr.h:31:5: warning: deleting pointer to incomplete type 'structMatrix' is incompatible with C++2c and may cause undefined behavior [-Wdelete-incomplete]
   31 |     delete obj;
      |     ^      ~~~
/Library/Frameworks/R.framework/Versions/4.4-arm64/Resources/library/Rcpp/include/Rcpp/XPtr.h:54:26: note: in instantiation of function template specialization 'Rcpp::standard_delete_finalizer<structMatrix>' requested here
   54 |     void Finalizer(T*) = standard_delete_finalizer<T>,
      |                          ^
./../inst/include/pladdrr_types.h:23:8: note: forward declaration of 'structMatrix'
   23 | struct structMatrix;
      |        ^
In file included from RcppExports.cpp:4:
In file included from ./../inst/include/pladdrr.h:7:
In file included from ./../inst/include/pladdrr_RcppExports.h:8:
In file included from /Library/Frameworks/R.framework/Versions/4.4-arm64/Resources/library/Rcpp/include/Rcpp.h:47:
/Library/Frameworks/R.framework/Versions/4.4-arm64/Resources/library/Rcpp/include/Rcpp/XPtr.h:31:5: warning: deleting pointer to incomplete type 'structLtas' is incompatible with C++2c and may cause undefined behavior [-Wdelete-incomplete]
   31 |     delete obj;
      |     ^      ~~~
/Library/Frameworks/R.framework/Versions/4.4-arm64/Resources/library/Rcpp/include/Rcpp/XPtr.h:54:26: note: in instantiation of function template specialization 'Rcpp::standard_delete_finalizer<structLtas>' requested here
   54 |     void Finalizer(T*) = standard_delete_finalizer<T>,
      |                          ^
./../inst/include/pladdrr_types.h:15:8: note: forward declaration of 'structLtas'
   15 | struct structLtas;
      |        ^
In file included from RcppExports.cpp:4:
In file included from ./../inst/include/pladdrr.h:7:
In file included from ./../inst/include/pladdrr_RcppExports.h:8:
In file included from /Library/Frameworks/R.framework/Versions/4.4-arm64/Resources/library/Rcpp/include/Rcpp.h:47:
/Library/Frameworks/R.framework/Versions/4.4-arm64/Resources/library/Rcpp/include/Rcpp/XPtr.h:31:5: warning: deleting pointer to incomplete type 'structManipulation' is incompatible with C++2c and may cause undefined behavior [-Wdelete-incomplete]
   31 |     delete obj;
      |     ^      ~~~
/Library/Frameworks/R.framework/Versions/4.4-arm64/Resources/library/Rcpp/include/Rcpp/XPtr.h:54:26: note: in instantiation of function template specialization 'Rcpp::standard_delete_finalizer<structManipulation>' requested here
   54 |     void Finalizer(T*) = standard_delete_finalizer<T>,
      |                          ^
./../inst/include/pladdrr_types.h:18:8: note: forward declaration of 'structManipulation'
   18 | struct structManipulation;
      |        ^
In file included from RcppExports.cpp:4:
In file included from ./../inst/include/pladdrr.h:7:
In file included from ./../inst/include/pladdrr_RcppExports.h:8:
In file included from /Library/Frameworks/R.framework/Versions/4.4-arm64/Resources/library/Rcpp/include/Rcpp.h:47:
/Library/Frameworks/R.framework/Versions/4.4-arm64/Resources/library/Rcpp/include/Rcpp/XPtr.h:31:5: warning: deleting pointer to incomplete type 'structPitchTier' is incompatible with C++2c and may cause undefined behavior [-Wdelete-incomplete]
   31 |     delete obj;
      |     ^      ~~~
/Library/Frameworks/R.framework/Versions/4.4-arm64/Resources/library/Rcpp/include/Rcpp/XPtr.h:54:26: note: in instantiation of function template specialization 'Rcpp::standard_delete_finalizer<structPitchTier>' requested here
   54 |     void Finalizer(T*) = standard_delete_finalizer<T>,
      |                          ^
./../inst/include/pladdrr_types.h:20:8: note: forward declaration of 'structPitchTier'
   20 | struct structPitchTier;
      |        ^
18 warnings generated.
clang++ -arch arm64 -std=gnu++17 -I"/Library/Frameworks/R.framework/Resources/include" -DNDEBUG -DHAVE_XSIMD -I. -Igsl-2.8 -Igsl-2.8/gsl -Ipraat.github.io -Ipraat.github.io/kar -Ipraat.github.io/melder -Ipraat.github.io/sys -Ipraat.github.io/dwsys -Ipraat.github.io/dwtools -Ipraat.github.io/stat -Ipraat.github.io/fon -Ipraat.github.io/foned -Ipraat.github.io/LPC -Ipraat.github.io/sensors -Ipraat.github.io/external/portaudio -Ipraat.github.io/external/flac -Ipraat.github.io/external/mp3 -Ipraat.github.io/external/espeak -Ipraat.github.io/external/gsl -Ipraat/external/gsl -Ipraat.github.io/external/glpk -Ipraat/external/glpk -Ipraat.github.io/external/num -Ipraat/external/num -Iclapack/INCLUDE -I'/Library/Frameworks/R.framework/Versions/4.4-arm64/Resources/library/Rcpp/include' -I'/Library/Frameworks/R.framework/Versions/4.4-arm64/Resources/library/RcppXsimd/include' -I/opt/R/arm64/include -I/opt/homebrew/opt/libomp/include -Xclang -fopenmp   -DPRAAT_LIB -DNO_GUI -DNO_AUDIO -DNO_GRAPHICS -DNO_NETWORK -DUNIX -pthread -ffp-contract=off -Wno-unused-parameter -Wno-sign-compare -Wno-unused-variable -Wno-deprecated-declarations -Wno-trigraphs -Wno-logical-op-parentheses -Wno-shift-op-parentheses -Wno-mismatched-tags -Wno-unused-const-variable -Wno-c++11-narrowing -march=armv8-a+simd -fPIC  -falign-functions=64 -Wall -g -O2   -c sound_mixing_simd.cpp -o sound_mixing_simd.o
In file included from sound_mixing_simd.cpp:9:
In file included from gsl-2.8/../praat_xptr_utils.h:10:
In file included from praat.github.io/sys/Thing.h:24:
In file included from praat.github.io/melder/melder.h:76:
praat.github.io/melder/melder_tensor.h:64:1: warning: 'vector' defined as a struct template here but previously declared as a class template; this is valid, but may result in linker errors under the Microsoft C++ ABI [-Wmismatched-tags]
   64 | struct vector {
      | ^
praat.github.io/melder/melder_tensor.h:52:23: note: did you mean struct here?
   52 | template <typename T> class vector;
      |                       ^~~~~
      |                       struct
praat.github.io/melder/melder_tensor.h:104:1: warning: 'constvector' defined as a struct template here but previously declared as a class template; this is valid, but may result in linker errors under the Microsoft C++ ABI [-Wmismatched-tags]
  104 | struct constvector {
      | ^
praat.github.io/melder/melder_tensor.h:53:23: note: did you mean struct here?
   53 | template <typename T> class constvector;
      |                       ^~~~~
      |                       struct
praat.github.io/melder/melder_tensor.h:137:1: warning: 'vectorview' defined as a struct template here but previously declared as a class template; this is valid, but may result in linker errors under the Microsoft C++ ABI [-Wmismatched-tags]
  137 | struct vectorview {
      | ^
praat.github.io/melder/melder_tensor.h:54:23: note: did you mean struct here?
   54 | template <typename T> class vectorview;
      |                       ^~~~~
      |                       struct
praat.github.io/melder/melder_tensor.h:167:1: warning: 'constvectorview' defined as a struct template here but previously declared as a class template; this is valid, but may result in linker errors under the Microsoft C++ ABI [-Wmismatched-tags]
  167 | struct constvectorview {
      | ^
praat.github.io/melder/melder_tensor.h:55:23: note: did you mean struct here?
   55 | template <typename T> class constvectorview;
      |                       ^~~~~
      |                       struct
praat.github.io/melder/melder_tensor.h:207:1: warning: 'autovector' defined as a struct template here but previously declared as a class template; this is valid, but may result in linker errors under the Microsoft C++ ABI [-Wmismatched-tags]
  207 | struct autovector {
      | ^
praat.github.io/melder/melder_tensor.h:56:23: note: did you mean struct here?
   56 | template <typename T> class autovector;
      |                       ^~~~~
      |                       struct
praat.github.io/melder/melder_tensor.h:388:1: warning: 'matrix' defined as a struct template here but previously declared as a class template; this is valid, but may result in linker errors under the Microsoft C++ ABI [-Wmismatched-tags]
  388 | struct matrix {
      | ^
praat.github.io/melder/melder_tensor.h:57:23: note: did you mean struct here?
   57 | template <typename T> class matrix;
      |                       ^~~~~
      |                       struct
praat.github.io/melder/melder_tensor.h:461:1: warning: 'constmatrix' defined as a struct template here but previously declared as a class template; this is valid, but may result in linker errors under the Microsoft C++ ABI [-Wmismatched-tags]
  461 | struct constmatrix {
      | ^
praat.github.io/melder/melder_tensor.h:58:23: note: did you mean struct here?
   58 | template <typename T> class constmatrix;
      |                       ^~~~~
      |                       struct
praat.github.io/melder/melder_tensor.h:532:1: warning: 'matrixview' defined as a struct template here but previously declared as a class template; this is valid, but may result in linker errors under the Microsoft C++ ABI [-Wmismatched-tags]
  532 | struct matrixview {
      | ^
praat.github.io/melder/melder_tensor.h:59:23: note: did you mean struct here?
   59 | template <typename T> class matrixview;
      |                       ^~~~~
      |                       struct
praat.github.io/melder/melder_tensor.h:612:1: warning: 'constmatrixview' defined as a struct template here but previously declared as a class template; this is valid, but may result in linker errors under the Microsoft C++ ABI [-Wmismatched-tags]
  612 | struct constmatrixview {
      | ^
praat.github.io/melder/melder_tensor.h:60:23: note: did you mean struct here?
   60 | template <typename T> class constmatrixview;
      |                       ^~~~~
      |                       struct
praat.github.io/melder/melder_tensor.h:683:1: warning: 'automatrix' defined as a struct template here but previously declared as a class template; this is valid, but may result in linker errors under the Microsoft C++ ABI [-Wmismatched-tags]
  683 | struct automatrix {
      | ^
praat.github.io/melder/melder_tensor.h:61:23: note: did you mean struct here?
   61 | template <typename T> class automatrix;
      |                       ^~~~~
      |                       struct
praat.github.io/melder/melder_tensor.h:703:18: warning: unused variable 'numberOfColumnsInThisRow' [-Wunused-variable]
  703 |                         const integer numberOfColumnsInThisRow = uinteger_to_integer_a (row.size());
      |                                       ^~~~~~~~~~~~~~~~~~~~~~~~
In file included from sound_mixing_simd.cpp:9:
In file included from gsl-2.8/../praat_xptr_utils.h:10:
praat.github.io/sys/Thing.h:77:9: warning: struct 'structThing' was previously declared as a class; this is valid, but may result in linker errors under the Microsoft C++ ABI [-Wmismatched-tags]
   77 | typedef struct structThing *Thing;   // we need an explicit "struct" here, because this is a forward declaration
      |         ^
praat.github.io/melder/MelderArg.h:21:15: note: previous use is here
   21 | typedef class structThing *Thing;   // forward declaration
      |               ^
In file included from sound_mixing_simd.cpp:9:
In file included from gsl-2.8/../praat_xptr_utils.h:10:
praat.github.io/sys/Thing.h:78:9: warning: struct 'structThing' was previously declared as a class; this is valid, but may result in linker errors under the Microsoft C++ ABI [-Wmismatched-tags]
   78 | typedef struct structThing *mutableThing;
      |         ^
praat.github.io/melder/MelderArg.h:21:15: note: previous use is here
   21 | typedef class structThing *Thing;   // forward declaration
      |               ^
In file included from sound_mixing_simd.cpp:9:
In file included from gsl-2.8/../praat_xptr_utils.h:10:
praat.github.io/sys/Thing.h:79:15: warning: struct 'structThing' was previously declared as a class; this is valid, but may result in linker errors under the Microsoft C++ ABI [-Wmismatched-tags]
   79 | typedef const struct structThing *constThing;
      |               ^
praat.github.io/melder/MelderArg.h:21:15: note: previous use is here
   21 | typedef class structThing *Thing;   // forward declaration
      |               ^
In file included from sound_mixing_simd.cpp:9:
In file included from gsl-2.8/../praat_xptr_utils.h:10:
praat.github.io/sys/Thing.h:82:1: warning: 'structThing' defined as a struct here but previously declared as a class; this is valid, but may result in linker errors under the Microsoft C++ ABI [-Wmismatched-tags]
   82 | struct structThing {
      | ^
praat.github.io/melder/MelderArg.h:21:9: note: did you mean struct here?
   21 | typedef class structThing *Thing;   // forward declaration
      |         ^~~~~
      |         struct
In file included from sound_mixing_simd.cpp:12:
In file included from ./praat.github.io/fon/Sound.h:23:
In file included from ./praat.github.io/fon/Vector.h:24:
In file included from ./praat.github.io/fon/Matrix.h:21:
In file included from ./praat.github.io/fon/SampledXY.h:21:
In file included from ./praat.github.io/fon/Sampled.h:23:
praat.github.io/sys/Graphics.h:42:1: warning: struct 'structGraphics' was previously declared as a class; this is valid, but may result in linker errors under the Microsoft C++ ABI [-Wmismatched-tags]
   42 | Thing_define (Graphics, Thing) {
      | ^
praat.github.io/sys/Thing.h:60:2: note: expanded from macro 'Thing_define'
   60 |         Thing_declare (klas); \
      |         ^
praat.github.io/sys/Thing.h:52:10: note: expanded from macro 'Thing_declare'
   52 |         typedef struct struct##klas *klas; \
      |                 ^
praat.github.io/melder/melder_progress.h:143:15: note: previous use is here
  143 | typedef class structGraphics *Graphics;
      |               ^
In file included from sound_mixing_simd.cpp:12:
In file included from ./praat.github.io/fon/Sound.h:23:
In file included from ./praat.github.io/fon/Vector.h:24:
In file included from ./praat.github.io/fon/Matrix.h:21:
In file included from ./praat.github.io/fon/SampledXY.h:21:
In file included from ./praat.github.io/fon/Sampled.h:23:
praat.github.io/sys/Graphics.h:42:1: warning: struct 'structGraphics' was previously declared as a class; this is valid, but may result in linker errors under the Microsoft C++ ABI [-Wmismatched-tags]
   42 | Thing_define (Graphics, Thing) {
      | ^
praat.github.io/sys/Thing.h:60:2: note: expanded from macro 'Thing_define'
   60 |         Thing_declare (klas); \
      |         ^
praat.github.io/sys/Thing.h:53:10: note: expanded from macro 'Thing_declare'
   53 |         typedef struct struct##klas *mutable##klas; \
      |                 ^
praat.github.io/melder/melder_progress.h:143:15: note: previous use is here
  143 | typedef class structGraphics *Graphics;
      |               ^
In file included from sound_mixing_simd.cpp:12:
In file included from ./praat.github.io/fon/Sound.h:23:
In file included from ./praat.github.io/fon/Vector.h:24:
In file included from ./praat.github.io/fon/Matrix.h:21:
In file included from ./praat.github.io/fon/SampledXY.h:21:
In file included from ./praat.github.io/fon/Sampled.h:23:
praat.github.io/sys/Graphics.h:42:1: warning: struct 'structGraphics' was previously declared as a class; this is valid, but may result in linker errors under the Microsoft C++ ABI [-Wmismatched-tags]
   42 | Thing_define (Graphics, Thing) {
      | ^
praat.github.io/sys/Thing.h:60:2: note: expanded from macro 'Thing_define'
   60 |         Thing_declare (klas); \
      |         ^
praat.github.io/sys/Thing.h:54:16: note: expanded from macro 'Thing_declare'
   54 |         typedef const struct struct##klas *const##klas; \
      |                       ^
praat.github.io/melder/melder_progress.h:143:15: note: previous use is here
  143 | typedef class structGraphics *Graphics;
      |               ^
In file included from sound_mixing_simd.cpp:12:
In file included from ./praat.github.io/fon/Sound.h:23:
In file included from ./praat.github.io/fon/Vector.h:24:
In file included from ./praat.github.io/fon/Matrix.h:21:
In file included from ./praat.github.io/fon/SampledXY.h:21:
In file included from ./praat.github.io/fon/Sampled.h:23:
praat.github.io/sys/Graphics.h:42:1: warning: 'structGraphics' defined as a struct here but previously declared as a class; this is valid, but may result in linker errors under the Microsoft C++ ABI [-Wmismatched-tags]
   42 | Thing_define (Graphics, Thing) {
      | ^
praat.github.io/sys/Thing.h:62:2: note: expanded from macro 'Thing_define'
   62 |         struct struct##klas : public struct##syntacticParentKlas
      |         ^
praat.github.io/melder/melder_progress.h:143:9: note: did you mean struct here?
  143 | typedef class structGraphics *Graphics;
      |         ^~~~~
      |         struct
19 warnings generated.
clang++ -arch arm64 -std=gnu++17 -I"/Library/Frameworks/R.framework/Resources/include" -DNDEBUG -DHAVE_XSIMD -I. -Igsl-2.8 -Igsl-2.8/gsl -Ipraat.github.io -Ipraat.github.io/kar -Ipraat.github.io/melder -Ipraat.github.io/sys -Ipraat.github.io/dwsys -Ipraat.github.io/dwtools -Ipraat.github.io/stat -Ipraat.github.io/fon -Ipraat.github.io/foned -Ipraat.github.io/LPC -Ipraat.github.io/sensors -Ipraat.github.io/external/portaudio -Ipraat.github.io/external/flac -Ipraat.github.io/external/mp3 -Ipraat.github.io/external/espeak -Ipraat.github.io/external/gsl -Ipraat/external/gsl -Ipraat.github.io/external/glpk -Ipraat/external/glpk -Ipraat.github.io/external/num -Ipraat/external/num -Iclapack/INCLUDE -I'/Library/Frameworks/R.framework/Versions/4.4-arm64/Resources/library/Rcpp/include' -I'/Library/Frameworks/R.framework/Versions/4.4-arm64/Resources/library/RcppXsimd/include' -I/opt/R/arm64/include -I/opt/homebrew/opt/libomp/include -Xclang -fopenmp   -DPRAAT_LIB -DNO_GUI -DNO_AUDIO -DNO_GRAPHICS -DNO_NETWORK -DUNIX -pthread -ffp-contract=off -Wno-unused-parameter -Wno-sign-compare -Wno-unused-variable -Wno-deprecated-declarations -Wno-trigraphs -Wno-logical-op-parentheses -Wno-shift-op-parentheses -Wno-mismatched-tags -Wno-unused-const-variable -Wno-c++11-narrowing -march=armv8-a+simd -fPIC  -falign-functions=64 -Wall -g -O2   -c intensity_simd.cpp -o intensity_simd.o
In file included from intensity_simd.cpp:9:
In file included from gsl-2.8/../praat_xptr_utils.h:10:
In file included from praat.github.io/sys/Thing.h:24:
In file included from praat.github.io/melder/melder.h:76:
praat.github.io/melder/melder_tensor.h:64:1: warning: 'vector' defined as a struct template here but previously declared as a class template; this is valid, but may result in linker errors under the Microsoft C++ ABI [-Wmismatched-tags]
   64 | struct vector {
      | ^
praat.github.io/melder/melder_tensor.h:52:23: note: did you mean struct here?
   52 | template <typename T> class vector;
      |                       ^~~~~
      |                       struct
praat.github.io/melder/melder_tensor.h:104:1: warning: 'constvector' defined as a struct template here but previously declared as a class template; this is valid, but may result in linker errors under the Microsoft C++ ABI [-Wmismatched-tags]
  104 | struct constvector {
      | ^
praat.github.io/melder/melder_tensor.h:53:23: note: did you mean struct here?
   53 | template <typename T> class constvector;
      |                       ^~~~~
      |                       struct
praat.github.io/melder/melder_tensor.h:137:1: warning: 'vectorview' defined as a struct template here but previously declared as a class template; this is valid, but may result in linker errors under the Microsoft C++ ABI [-Wmismatched-tags]
  137 | struct vectorview {
      | ^
praat.github.io/melder/melder_tensor.h:54:23: note: did you mean struct here?
   54 | template <typename T> class vectorview;
      |                       ^~~~~
      |                       struct
praat.github.io/melder/melder_tensor.h:167:1: warning: 'constvectorview' defined as a struct template here but previously declared as a class template; this is valid, but may result in linker errors under the Microsoft C++ ABI [-Wmismatched-tags]
  167 | struct constvectorview {
      | ^
praat.github.io/melder/melder_tensor.h:55:23: note: did you mean struct here?
   55 | template <typename T> class constvectorview;
      |                       ^~~~~
      |                       struct
praat.github.io/melder/melder_tensor.h:207:1: warning: 'autovector' defined as a struct template here but previously declared as a class template; this is valid, but may result in linker errors under the Microsoft C++ ABI [-Wmismatched-tags]
  207 | struct autovector {
      | ^
praat.github.io/melder/melder_tensor.h:56:23: note: did you mean struct here?
   56 | template <typename T> class autovector;
      |                       ^~~~~
      |                       struct
praat.github.io/melder/melder_tensor.h:388:1: warning: 'matrix' defined as a struct template here but previously declared as a class template; this is valid, but may result in linker errors under the Microsoft C++ ABI [-Wmismatched-tags]
  388 | struct matrix {
      | ^
praat.github.io/melder/melder_tensor.h:57:23: note: did you mean struct here?
   57 | template <typename T> class matrix;
      |                       ^~~~~
      |                       struct
praat.github.io/melder/melder_tensor.h:461:1: warning: 'constmatrix' defined as a struct template here but previously declared as a class template; this is valid, but may result in linker errors under the Microsoft C++ ABI [-Wmismatched-tags]
  461 | struct constmatrix {
      | ^
praat.github.io/melder/melder_tensor.h:58:23: note: did you mean struct here?
   58 | template <typename T> class constmatrix;
      |                       ^~~~~
      |                       struct
praat.github.io/melder/melder_tensor.h:532:1: warning: 'matrixview' defined as a struct template here but previously declared as a class template; this is valid, but may result in linker errors under the Microsoft C++ ABI [-Wmismatched-tags]
  532 | struct matrixview {
      | ^
praat.github.io/melder/melder_tensor.h:59:23: note: did you mean struct here?
   59 | template <typename T> class matrixview;
      |                       ^~~~~
      |                       struct
praat.github.io/melder/melder_tensor.h:612:1: warning: 'constmatrixview' defined as a struct template here but previously declared as a class template; this is valid, but may result in linker errors under the Microsoft C++ ABI [-Wmismatched-tags]
  612 | struct constmatrixview {
      | ^
praat.github.io/melder/melder_tensor.h:60:23: note: did you mean struct here?
   60 | template <typename T> class constmatrixview;
      |                       ^~~~~
      |                       struct
praat.github.io/melder/melder_tensor.h:683:1: warning: 'automatrix' defined as a struct template here but previously declared as a class template; this is valid, but may result in linker errors under the Microsoft C++ ABI [-Wmismatched-tags]
  683 | struct automatrix {
      | ^
praat.github.io/melder/melder_tensor.h:61:23: note: did you mean struct here?
   61 | template <typename T> class automatrix;
      |                       ^~~~~
      |                       struct
praat.github.io/melder/melder_tensor.h:703:18: warning: unused variable 'numberOfColumnsInThisRow' [-Wunused-variable]
  703 |                         const integer numberOfColumnsInThisRow = uinteger_to_integer_a (row.size());
      |                                       ^~~~~~~~~~~~~~~~~~~~~~~~
In file included from intensity_simd.cpp:9:
In file included from gsl-2.8/../praat_xptr_utils.h:10:
praat.github.io/sys/Thing.h:77:9: warning: struct 'structThing' was previously declared as a class; this is valid, but may result in linker errors under the Microsoft C++ ABI [-Wmismatched-tags]
   77 | typedef struct structThing *Thing;   // we need an explicit "struct" here, because this is a forward declaration
      |         ^
praat.github.io/melder/MelderArg.h:21:15: note: previous use is here
   21 | typedef class structThing *Thing;   // forward declaration
      |               ^
In file included from intensity_simd.cpp:9:
In file included from gsl-2.8/../praat_xptr_utils.h:10:
praat.github.io/sys/Thing.h:78:9: warning: struct 'structThing' was previously declared as a class; this is valid, but may result in linker errors under the Microsoft C++ ABI [-Wmismatched-tags]
   78 | typedef struct structThing *mutableThing;
      |         ^
praat.github.io/melder/MelderArg.h:21:15: note: previous use is here
   21 | typedef class structThing *Thing;   // forward declaration
      |               ^
In file included from intensity_simd.cpp:9:
In file included from gsl-2.8/../praat_xptr_utils.h:10:
praat.github.io/sys/Thing.h:79:15: warning: struct 'structThing' was previously declared as a class; this is valid, but may result in linker errors under the Microsoft C++ ABI [-Wmismatched-tags]
   79 | typedef const struct structThing *constThing;
      |               ^
praat.github.io/melder/MelderArg.h:21:15: note: previous use is here
   21 | typedef class structThing *Thing;   // forward declaration
      |               ^
In file included from intensity_simd.cpp:9:
In file included from gsl-2.8/../praat_xptr_utils.h:10:
praat.github.io/sys/Thing.h:82:1: warning: 'structThing' defined as a struct here but previously declared as a class; this is valid, but may result in linker errors under the Microsoft C++ ABI [-Wmismatched-tags]
   82 | struct structThing {
      | ^
praat.github.io/melder/MelderArg.h:21:9: note: did you mean struct here?
   21 | typedef class structThing *Thing;   // forward declaration
      |         ^~~~~
      |         struct
In file included from intensity_simd.cpp:12:
In file included from ./praat.github.io/fon/Sound.h:23:
In file included from ./praat.github.io/fon/Vector.h:24:
In file included from ./praat.github.io/fon/Matrix.h:21:
In file included from ./praat.github.io/fon/SampledXY.h:21:
In file included from ./praat.github.io/fon/Sampled.h:23:
praat.github.io/sys/Graphics.h:42:1: warning: struct 'structGraphics' was previously declared as a class; this is valid, but may result in linker errors under the Microsoft C++ ABI [-Wmismatched-tags]
   42 | Thing_define (Graphics, Thing) {
      | ^
praat.github.io/sys/Thing.h:60:2: note: expanded from macro 'Thing_define'
   60 |         Thing_declare (klas); \
      |         ^
praat.github.io/sys/Thing.h:52:10: note: expanded from macro 'Thing_declare'
   52 |         typedef struct struct##klas *klas; \
      |                 ^
praat.github.io/melder/melder_progress.h:143:15: note: previous use is here
  143 | typedef class structGraphics *Graphics;
      |               ^
In file included from intensity_simd.cpp:12:
In file included from ./praat.github.io/fon/Sound.h:23:
In file included from ./praat.github.io/fon/Vector.h:24:
In file included from ./praat.github.io/fon/Matrix.h:21:
In file included from ./praat.github.io/fon/SampledXY.h:21:
In file included from ./praat.github.io/fon/Sampled.h:23:
praat.github.io/sys/Graphics.h:42:1: warning: struct 'structGraphics' was previously declared as a class; this is valid, but may result in linker errors under the Microsoft C++ ABI [-Wmismatched-tags]
   42 | Thing_define (Graphics, Thing) {
      | ^
praat.github.io/sys/Thing.h:60:2: note: expanded from macro 'Thing_define'
   60 |         Thing_declare (klas); \
      |         ^
praat.github.io/sys/Thing.h:53:10: note: expanded from macro 'Thing_declare'
   53 |         typedef struct struct##klas *mutable##klas; \
      |                 ^
praat.github.io/melder/melder_progress.h:143:15: note: previous use is here
  143 | typedef class structGraphics *Graphics;
      |               ^
In file included from intensity_simd.cpp:12:
In file included from ./praat.github.io/fon/Sound.h:23:
In file included from ./praat.github.io/fon/Vector.h:24:
In file included from ./praat.github.io/fon/Matrix.h:21:
In file included from ./praat.github.io/fon/SampledXY.h:21:
In file included from ./praat.github.io/fon/Sampled.h:23:
praat.github.io/sys/Graphics.h:42:1: warning: struct 'structGraphics' was previously declared as a class; this is valid, but may result in linker errors under the Microsoft C++ ABI [-Wmismatched-tags]
   42 | Thing_define (Graphics, Thing) {
      | ^
praat.github.io/sys/Thing.h:60:2: note: expanded from macro 'Thing_define'
   60 |         Thing_declare (klas); \
      |         ^
praat.github.io/sys/Thing.h:54:16: note: expanded from macro 'Thing_declare'
   54 |         typedef const struct struct##klas *const##klas; \
      |                       ^
praat.github.io/melder/melder_progress.h:143:15: note: previous use is here
  143 | typedef class structGraphics *Graphics;
      |               ^
In file included from intensity_simd.cpp:12:
In file included from ./praat.github.io/fon/Sound.h:23:
In file included from ./praat.github.io/fon/Vector.h:24:
In file included from ./praat.github.io/fon/Matrix.h:21:
In file included from ./praat.github.io/fon/SampledXY.h:21:
In file included from ./praat.github.io/fon/Sampled.h:23:
praat.github.io/sys/Graphics.h:42:1: warning: 'structGraphics' defined as a struct here but previously declared as a class; this is valid, but may result in linker errors under the Microsoft C++ ABI [-Wmismatched-tags]
   42 | Thing_define (Graphics, Thing) {
      | ^
praat.github.io/sys/Thing.h:62:2: note: expanded from macro 'Thing_define'
   62 |         struct struct##klas : public struct##syntacticParentKlas
      |         ^
praat.github.io/melder/melder_progress.h:143:9: note: did you mean struct here?
  143 | typedef class structGraphics *Graphics;
      |         ^~~~~
      |         struct
19 warnings generated.
clang++ -arch arm64 -std=gnu++17 -I"/Library/Frameworks/R.framework/Resources/include" -DNDEBUG -DHAVE_XSIMD -I. -Igsl-2.8 -Igsl-2.8/gsl -Ipraat.github.io -Ipraat.github.io/kar -Ipraat.github.io/melder -Ipraat.github.io/sys -Ipraat.github.io/dwsys -Ipraat.github.io/dwtools -Ipraat.github.io/stat -Ipraat.github.io/fon -Ipraat.github.io/foned -Ipraat.github.io/LPC -Ipraat.github.io/sensors -Ipraat.github.io/external/portaudio -Ipraat.github.io/external/flac -Ipraat.github.io/external/mp3 -Ipraat.github.io/external/espeak -Ipraat.github.io/external/gsl -Ipraat/external/gsl -Ipraat.github.io/external/glpk -Ipraat/external/glpk -Ipraat.github.io/external/num -Ipraat/external/num -Iclapack/INCLUDE -I'/Library/Frameworks/R.framework/Versions/4.4-arm64/Resources/library/Rcpp/include' -I'/Library/Frameworks/R.framework/Versions/4.4-arm64/Resources/library/RcppXsimd/include' -I/opt/R/arm64/include -I/opt/homebrew/opt/libomp/include -Xclang -fopenmp   -DPRAAT_LIB -DNO_GUI -DNO_AUDIO -DNO_GRAPHICS -DNO_NETWORK -DUNIX -pthread -ffp-contract=off -Wno-unused-parameter -Wno-sign-compare -Wno-unused-variable -Wno-deprecated-declarations -Wno-trigraphs -Wno-logical-op-parentheses -Wno-shift-op-parentheses -Wno-mismatched-tags -Wno-unused-const-variable -Wno-c++11-narrowing -march=armv8-a+simd -fPIC  -falign-functions=64 -Wall -g -O2   -c window_functions_simd.cpp -o window_functions_simd.o
In file included from window_functions_simd.cpp:11:
In file included from gsl-2.8/../praat_xptr_utils.h:10:
In file included from praat.github.io/sys/Thing.h:24:
In file included from praat.github.io/melder/melder.h:76:
praat.github.io/melder/melder_tensor.h:64:1: warning: 'vector' defined as a struct template here but previously declared as a class template; this is valid, but may result in linker errors under the Microsoft C++ ABI [-Wmismatched-tags]
   64 | struct vector {
      | ^
praat.github.io/melder/melder_tensor.h:52:23: note: did you mean struct here?
   52 | template <typename T> class vector;
      |                       ^~~~~
      |                       struct
praat.github.io/melder/melder_tensor.h:104:1: warning: 'constvector' defined as a struct template here but previously declared as a class template; this is valid, but may result in linker errors under the Microsoft C++ ABI [-Wmismatched-tags]
  104 | struct constvector {
      | ^
praat.github.io/melder/melder_tensor.h:53:23: note: did you mean struct here?
   53 | template <typename T> class constvector;
      |                       ^~~~~
      |                       struct
praat.github.io/melder/melder_tensor.h:137:1: warning: 'vectorview' defined as a struct template here but previously declared as a class template; this is valid, but may result in linker errors under the Microsoft C++ ABI [-Wmismatched-tags]
  137 | struct vectorview {
      | ^
praat.github.io/melder/melder_tensor.h:54:23: note: did you mean struct here?
   54 | template <typename T> class vectorview;
      |                       ^~~~~
      |                       struct
praat.github.io/melder/melder_tensor.h:167:1: warning: 'constvectorview' defined as a struct template here but previously declared as a class template; this is valid, but may result in linker errors under the Microsoft C++ ABI [-Wmismatched-tags]
  167 | struct constvectorview {
      | ^
praat.github.io/melder/melder_tensor.h:55:23: note: did you mean struct here?
   55 | template <typename T> class constvectorview;
      |                       ^~~~~
      |                       struct
praat.github.io/melder/melder_tensor.h:207:1: warning: 'autovector' defined as a struct template here but previously declared as a class template; this is valid, but may result in linker errors under the Microsoft C++ ABI [-Wmismatched-tags]
  207 | struct autovector {
      | ^
praat.github.io/melder/melder_tensor.h:56:23: note: did you mean struct here?
   56 | template <typename T> class autovector;
      |                       ^~~~~
      |                       struct
praat.github.io/melder/melder_tensor.h:388:1: warning: 'matrix' defined as a struct template here but previously declared as a class template; this is valid, but may result in linker errors under the Microsoft C++ ABI [-Wmismatched-tags]
  388 | struct matrix {
      | ^
praat.github.io/melder/melder_tensor.h:57:23: note: did you mean struct here?
   57 | template <typename T> class matrix;
      |                       ^~~~~
      |                       struct
praat.github.io/melder/melder_tensor.h:461:1: warning: 'constmatrix' defined as a struct template here but previously declared as a class template; this is valid, but may result in linker errors under the Microsoft C++ ABI [-Wmismatched-tags]
  461 | struct constmatrix {
      | ^
praat.github.io/melder/melder_tensor.h:58:23: note: did you mean struct here?
   58 | template <typename T> class constmatrix;
      |                       ^~~~~
      |                       struct
praat.github.io/melder/melder_tensor.h:532:1: warning: 'matrixview' defined as a struct template here but previously declared as a class template; this is valid, but may result in linker errors under the Microsoft C++ ABI [-Wmismatched-tags]
  532 | struct matrixview {
      | ^
praat.github.io/melder/melder_tensor.h:59:23: note: did you mean struct here?
   59 | template <typename T> class matrixview;
      |                       ^~~~~
      |                       struct
praat.github.io/melder/melder_tensor.h:612:1: warning: 'constmatrixview' defined as a struct template here but previously declared as a class template; this is valid, but may result in linker errors under the Microsoft C++ ABI [-Wmismatched-tags]
  612 | struct constmatrixview {
      | ^
praat.github.io/melder/melder_tensor.h:60:23: note: did you mean struct here?
   60 | template <typename T> class constmatrixview;
      |                       ^~~~~
      |                       struct
praat.github.io/melder/melder_tensor.h:683:1: warning: 'automatrix' defined as a struct template here but previously declared as a class template; this is valid, but may result in linker errors under the Microsoft C++ ABI [-Wmismatched-tags]
  683 | struct automatrix {
      | ^
praat.github.io/melder/melder_tensor.h:61:23: note: did you mean struct here?
   61 | template <typename T> class automatrix;
      |                       ^~~~~
      |                       struct
praat.github.io/melder/melder_tensor.h:703:18: warning: unused variable 'numberOfColumnsInThisRow' [-Wunused-variable]
  703 |                         const integer numberOfColumnsInThisRow = uinteger_to_integer_a (row.size());
      |                                       ^~~~~~~~~~~~~~~~~~~~~~~~
In file included from window_functions_simd.cpp:11:
In file included from gsl-2.8/../praat_xptr_utils.h:10:
praat.github.io/sys/Thing.h:77:9: warning: struct 'structThing' was previously declared as a class; this is valid, but may result in linker errors under the Microsoft C++ ABI [-Wmismatched-tags]
   77 | typedef struct structThing *Thing;   // we need an explicit "struct" here, because this is a forward declaration
      |         ^
praat.github.io/melder/MelderArg.h:21:15: note: previous use is here
   21 | typedef class structThing *Thing;   // forward declaration
      |               ^
In file included from window_functions_simd.cpp:11:
In file included from gsl-2.8/../praat_xptr_utils.h:10:
praat.github.io/sys/Thing.h:78:9: warning: struct 'structThing' was previously declared as a class; this is valid, but may result in linker errors under the Microsoft C++ ABI [-Wmismatched-tags]
   78 | typedef struct structThing *mutableThing;
      |         ^
praat.github.io/melder/MelderArg.h:21:15: note: previous use is here
   21 | typedef class structThing *Thing;   // forward declaration
      |               ^
In file included from window_functions_simd.cpp:11:
In file included from gsl-2.8/../praat_xptr_utils.h:10:
praat.github.io/sys/Thing.h:79:15: warning: struct 'structThing' was previously declared as a class; this is valid, but may result in linker errors under the Microsoft C++ ABI [-Wmismatched-tags]
   79 | typedef const struct structThing *constThing;
      |               ^
praat.github.io/melder/MelderArg.h:21:15: note: previous use is here
   21 | typedef class structThing *Thing;   // forward declaration
      |               ^
In file included from window_functions_simd.cpp:11:
In file included from gsl-2.8/../praat_xptr_utils.h:10:
praat.github.io/sys/Thing.h:82:1: warning: 'structThing' defined as a struct here but previously declared as a class; this is valid, but may result in linker errors under the Microsoft C++ ABI [-Wmismatched-tags]
   82 | struct structThing {
      | ^
praat.github.io/melder/MelderArg.h:21:9: note: did you mean struct here?
   21 | typedef class structThing *Thing;   // forward declaration
      |         ^~~~~
      |         struct
15 warnings generated.
clang++ -arch arm64 -std=gnu++17 -I"/Library/Frameworks/R.framework/Resources/include" -DNDEBUG -DHAVE_XSIMD -I. -Igsl-2.8 -Igsl-2.8/gsl -Ipraat.github.io -Ipraat.github.io/kar -Ipraat.github.io/melder -Ipraat.github.io/sys -Ipraat.github.io/dwsys -Ipraat.github.io/dwtools -Ipraat.github.io/stat -Ipraat.github.io/fon -Ipraat.github.io/foned -Ipraat.github.io/LPC -Ipraat.github.io/sensors -Ipraat.github.io/external/portaudio -Ipraat.github.io/external/flac -Ipraat.github.io/external/mp3 -Ipraat.github.io/external/espeak -Ipraat.github.io/external/gsl -Ipraat/external/gsl -Ipraat.github.io/external/glpk -Ipraat/external/glpk -Ipraat.github.io/external/num -Ipraat/external/num -Iclapack/INCLUDE -I'/Library/Frameworks/R.framework/Versions/4.4-arm64/Resources/library/Rcpp/include' -I'/Library/Frameworks/R.framework/Versions/4.4-arm64/Resources/library/RcppXsimd/include' -I/opt/R/arm64/include -I/opt/homebrew/opt/libomp/include -Xclang -fopenmp   -DPRAAT_LIB -DNO_GUI -DNO_AUDIO -DNO_GRAPHICS -DNO_NETWORK -DUNIX -pthread -ffp-contract=off -Wno-unused-parameter -Wno-sign-compare -Wno-unused-variable -Wno-deprecated-declarations -Wno-trigraphs -Wno-logical-op-parentheses -Wno-shift-op-parentheses -Wno-mismatched-tags -Wno-unused-const-variable -Wno-c++11-narrowing -march=armv8-a+simd -fPIC  -falign-functions=64 -Wall -g -O2   -c autocorrelation_simd.cpp -o autocorrelation_simd.o
In file included from autocorrelation_simd.cpp:11:
In file included from gsl-2.8/../praat_xptr_utils.h:10:
In file included from praat.github.io/sys/Thing.h:24:
In file included from praat.github.io/melder/melder.h:76:
praat.github.io/melder/melder_tensor.h:64:1: warning: 'vector' defined as a struct template here but previously declared as a class template; this is valid, but may result in linker errors under the Microsoft C++ ABI [-Wmismatched-tags]
   64 | struct vector {
      | ^
praat.github.io/melder/melder_tensor.h:52:23: note: did you mean struct here?
   52 | template <typename T> class vector;
      |                       ^~~~~
      |                       struct
praat.github.io/melder/melder_tensor.h:104:1: warning: 'constvector' defined as a struct template here but previously declared as a class template; this is valid, but may result in linker errors under the Microsoft C++ ABI [-Wmismatched-tags]
  104 | struct constvector {
      | ^
praat.github.io/melder/melder_tensor.h:53:23: note: did you mean struct here?
   53 | template <typename T> class constvector;
      |                       ^~~~~
      |                       struct
praat.github.io/melder/melder_tensor.h:137:1: warning: 'vectorview' defined as a struct template here but previously declared as a class template; this is valid, but may result in linker errors under the Microsoft C++ ABI [-Wmismatched-tags]
  137 | struct vectorview {
      | ^
praat.github.io/melder/melder_tensor.h:54:23: note: did you mean struct here?
   54 | template <typename T> class vectorview;
      |                       ^~~~~
      |                       struct
praat.github.io/melder/melder_tensor.h:167:1: warning: 'constvectorview' defined as a struct template here but previously declared as a class template; this is valid, but may result in linker errors under the Microsoft C++ ABI [-Wmismatched-tags]
  167 | struct constvectorview {
      | ^
praat.github.io/melder/melder_tensor.h:55:23: note: did you mean struct here?
   55 | template <typename T> class constvectorview;
      |                       ^~~~~
      |                       struct
praat.github.io/melder/melder_tensor.h:207:1: warning: 'autovector' defined as a struct template here but previously declared as a class template; this is valid, but may result in linker errors under the Microsoft C++ ABI [-Wmismatched-tags]
  207 | struct autovector {
      | ^
praat.github.io/melder/melder_tensor.h:56:23: note: did you mean struct here?
   56 | template <typename T> class autovector;
      |                       ^~~~~
      |                       struct
praat.github.io/melder/melder_tensor.h:388:1: warning: 'matrix' defined as a struct template here but previously declared as a class template; this is valid, but may result in linker errors under the Microsoft C++ ABI [-Wmismatched-tags]
  388 | struct matrix {
      | ^
praat.github.io/melder/melder_tensor.h:57:23: note: did you mean struct here?
   57 | template <typename T> class matrix;
      |                       ^~~~~
      |                       struct
praat.github.io/melder/melder_tensor.h:461:1: warning: 'constmatrix' defined as a struct template here but previously declared as a class template; this is valid, but may result in linker errors under the Microsoft C++ ABI [-Wmismatched-tags]
  461 | struct constmatrix {
      | ^
praat.github.io/melder/melder_tensor.h:58:23: note: did you mean struct here?
   58 | template <typename T> class constmatrix;
      |                       ^~~~~
      |                       struct
praat.github.io/melder/melder_tensor.h:532:1: warning: 'matrixview' defined as a struct template here but previously declared as a class template; this is valid, but may result in linker errors under the Microsoft C++ ABI [-Wmismatched-tags]
  532 | struct matrixview {
      | ^
praat.github.io/melder/melder_tensor.h:59:23: note: did you mean struct here?
   59 | template <typename T> class matrixview;
      |                       ^~~~~
      |                       struct
praat.github.io/melder/melder_tensor.h:612:1: warning: 'constmatrixview' defined as a struct template here but previously declared as a class template; this is valid, but may result in linker errors under the Microsoft C++ ABI [-Wmismatched-tags]
  612 | struct constmatrixview {
      | ^
praat.github.io/melder/melder_tensor.h:60:23: note: did you mean struct here?
   60 | template <typename T> class constmatrixview;
      |                       ^~~~~
      |                       struct
praat.github.io/melder/melder_tensor.h:683:1: warning: 'automatrix' defined as a struct template here but previously declared as a class template; this is valid, but may result in linker errors under the Microsoft C++ ABI [-Wmismatched-tags]
  683 | struct automatrix {
      | ^
praat.github.io/melder/melder_tensor.h:61:23: note: did you mean struct here?
   61 | template <typename T> class automatrix;
      |                       ^~~~~
      |                       struct
praat.github.io/melder/melder_tensor.h:703:18: warning: unused variable 'numberOfColumnsInThisRow' [-Wunused-variable]
  703 |                         const integer numberOfColumnsInThisRow = uinteger_to_integer_a (row.size());
      |                                       ^~~~~~~~~~~~~~~~~~~~~~~~
In file included from autocorrelation_simd.cpp:11:
In file included from gsl-2.8/../praat_xptr_utils.h:10:
praat.github.io/sys/Thing.h:77:9: warning: struct 'structThing' was previously declared as a class; this is valid, but may result in linker errors under the Microsoft C++ ABI [-Wmismatched-tags]
   77 | typedef struct structThing *Thing;   // we need an explicit "struct" here, because this is a forward declaration
      |         ^
praat.github.io/melder/MelderArg.h:21:15: note: previous use is here
   21 | typedef class structThing *Thing;   // forward declaration
      |               ^
In file included from autocorrelation_simd.cpp:11:
In file included from gsl-2.8/../praat_xptr_utils.h:10:
praat.github.io/sys/Thing.h:78:9: warning: struct 'structThing' was previously declared as a class; this is valid, but may result in linker errors under the Microsoft C++ ABI [-Wmismatched-tags]
   78 | typedef struct structThing *mutableThing;
      |         ^
praat.github.io/melder/MelderArg.h:21:15: note: previous use is here
   21 | typedef class structThing *Thing;   // forward declaration
      |               ^
In file included from autocorrelation_simd.cpp:11:
In file included from gsl-2.8/../praat_xptr_utils.h:10:
praat.github.io/sys/Thing.h:79:15: warning: struct 'structThing' was previously declared as a class; this is valid, but may result in linker errors under the Microsoft C++ ABI [-Wmismatched-tags]
   79 | typedef const struct structThing *constThing;
      |               ^
praat.github.io/melder/MelderArg.h:21:15: note: previous use is here
   21 | typedef class structThing *Thing;   // forward declaration
      |               ^
In file included from autocorrelation_simd.cpp:11:
In file included from gsl-2.8/../praat_xptr_utils.h:10:
praat.github.io/sys/Thing.h:82:1: warning: 'structThing' defined as a struct here but previously declared as a class; this is valid, but may result in linker errors under the Microsoft C++ ABI [-Wmismatched-tags]
   82 | struct structThing {
      | ^
praat.github.io/melder/MelderArg.h:21:9: note: did you mean struct here?
   21 | typedef class structThing *Thing;   // forward declaration
      |         ^~~~~
      |         struct
15 warnings generated.
clang++ -arch arm64 -std=gnu++17 -I"/Library/Frameworks/R.framework/Resources/include" -DNDEBUG -DHAVE_XSIMD -I. -Igsl-2.8 -Igsl-2.8/gsl -Ipraat.github.io -Ipraat.github.io/kar -Ipraat.github.io/melder -Ipraat.github.io/sys -Ipraat.github.io/dwsys -Ipraat.github.io/dwtools -Ipraat.github.io/stat -Ipraat.github.io/fon -Ipraat.github.io/foned -Ipraat.github.io/LPC -Ipraat.github.io/sensors -Ipraat.github.io/external/portaudio -Ipraat.github.io/external/flac -Ipraat.github.io/external/mp3 -Ipraat.github.io/external/espeak -Ipraat.github.io/external/gsl -Ipraat/external/gsl -Ipraat.github.io/external/glpk -Ipraat/external/glpk -Ipraat.github.io/external/num -Ipraat/external/num -Iclapack/INCLUDE -I'/Library/Frameworks/R.framework/Versions/4.4-arm64/Resources/library/Rcpp/include' -I'/Library/Frameworks/R.framework/Versions/4.4-arm64/Resources/library/RcppXsimd/include' -I/opt/R/arm64/include -I/opt/homebrew/opt/libomp/include -Xclang -fopenmp   -DPRAAT_LIB -DNO_GUI -DNO_AUDIO -DNO_GRAPHICS -DNO_NETWORK -DUNIX -pthread -ffp-contract=off -Wno-unused-parameter -Wno-sign-compare -Wno-unused-variable -Wno-deprecated-declarations -Wno-trigraphs -Wno-logical-op-parentheses -Wno-shift-op-parentheses -Wno-mismatched-tags -Wno-unused-const-variable -Wno-c++11-narrowing -march=armv8-a+simd -fPIC  -falign-functions=64 -Wall -g -O2   -c sound_statistics_simd.cpp -o sound_statistics_simd.o
In file included from sound_statistics_simd.cpp:6:
In file included from ./praat.github.io/fon/Sound.h:23:
In file included from ./praat.github.io/fon/Vector.h:24:
In file included from ./praat.github.io/fon/Matrix.h:21:
In file included from ./praat.github.io/fon/SampledXY.h:21:
In file included from ./praat.github.io/fon/Sampled.h:22:
In file included from ./praat.github.io/fon/Function.h:21:
In file included from praat.github.io/sys/Collection.h:25:
In file included from praat.github.io/sys/Simple.h:21:
In file included from praat.github.io/sys/Data.h:23:
In file included from praat.github.io/sys/Thing.h:24:
In file included from praat.github.io/melder/melder.h:76:
praat.github.io/melder/melder_tensor.h:64:1: warning: 'vector' defined as a struct template here but previously declared as a class template; this is valid, but may result in linker errors under the Microsoft C++ ABI [-Wmismatched-tags]
   64 | struct vector {
      | ^
praat.github.io/melder/melder_tensor.h:52:23: note: did you mean struct here?
   52 | template <typename T> class vector;
      |                       ^~~~~
      |                       struct
praat.github.io/melder/melder_tensor.h:104:1: warning: 'constvector' defined as a struct template here but previously declared as a class template; this is valid, but may result in linker errors under the Microsoft C++ ABI [-Wmismatched-tags]
  104 | struct constvector {
      | ^
praat.github.io/melder/melder_tensor.h:53:23: note: did you mean struct here?
   53 | template <typename T> class constvector;
      |                       ^~~~~
      |                       struct
praat.github.io/melder/melder_tensor.h:137:1: warning: 'vectorview' defined as a struct template here but previously declared as a class template; this is valid, but may result in linker errors under the Microsoft C++ ABI [-Wmismatched-tags]
  137 | struct vectorview {
      | ^
praat.github.io/melder/melder_tensor.h:54:23: note: did you mean struct here?
   54 | template <typename T> class vectorview;
      |                       ^~~~~
      |                       struct
praat.github.io/melder/melder_tensor.h:167:1: warning: 'constvectorview' defined as a struct template here but previously declared as a class template; this is valid, but may result in linker errors under the Microsoft C++ ABI [-Wmismatched-tags]
  167 | struct constvectorview {
      | ^
praat.github.io/melder/melder_tensor.h:55:23: note: did you mean struct here?
   55 | template <typename T> class constvectorview;
      |                       ^~~~~
      |                       struct
praat.github.io/melder/melder_tensor.h:207:1: warning: 'autovector' defined as a struct template here but previously declared as a class template; this is valid, but may result in linker errors under the Microsoft C++ ABI [-Wmismatched-tags]
  207 | struct autovector {
      | ^
praat.github.io/melder/melder_tensor.h:56:23: note: did you mean struct here?
   56 | template <typename T> class autovector;
      |                       ^~~~~
      |                       struct
praat.github.io/melder/melder_tensor.h:388:1: warning: 'matrix' defined as a struct template here but previously declared as a class template; this is valid, but may result in linker errors under the Microsoft C++ ABI [-Wmismatched-tags]
  388 | struct matrix {
      | ^
praat.github.io/melder/melder_tensor.h:57:23: note: did you mean struct here?
   57 | template <typename T> class matrix;
      |                       ^~~~~
      |                       struct
praat.github.io/melder/melder_tensor.h:461:1: warning: 'constmatrix' defined as a struct template here but previously declared as a class template; this is valid, but may result in linker errors under the Microsoft C++ ABI [-Wmismatched-tags]
  461 | struct constmatrix {
      | ^
praat.github.io/melder/melder_tensor.h:58:23: note: did you mean struct here?
   58 | template <typename T> class constmatrix;
      |                       ^~~~~
      |                       struct
praat.github.io/melder/melder_tensor.h:532:1: warning: 'matrixview' defined as a struct template here but previously declared as a class template; this is valid, but may result in linker errors under the Microsoft C++ ABI [-Wmismatched-tags]
  532 | struct matrixview {
      | ^
praat.github.io/melder/melder_tensor.h:59:23: note: did you mean struct here?
   59 | template <typename T> class matrixview;
      |                       ^~~~~
      |                       struct
praat.github.io/melder/melder_tensor.h:612:1: warning: 'constmatrixview' defined as a struct template here but previously declared as a class template; this is valid, but may result in linker errors under the Microsoft C++ ABI [-Wmismatched-tags]
  612 | struct constmatrixview {
      | ^
praat.github.io/melder/melder_tensor.h:60:23: note: did you mean struct here?
   60 | template <typename T> class constmatrixview;
      |                       ^~~~~
      |                       struct
praat.github.io/melder/melder_tensor.h:683:1: warning: 'automatrix' defined as a struct template here but previously declared as a class template; this is valid, but may result in linker errors under the Microsoft C++ ABI [-Wmismatched-tags]
  683 | struct automatrix {
      | ^
praat.github.io/melder/melder_tensor.h:61:23: note: did you mean struct here?
   61 | template <typename T> class automatrix;
      |                       ^~~~~
      |                       struct
praat.github.io/melder/melder_tensor.h:703:18: warning: unused variable 'numberOfColumnsInThisRow' [-Wunused-variable]
  703 |                         const integer numberOfColumnsInThisRow = uinteger_to_integer_a (row.size());
      |                                       ^~~~~~~~~~~~~~~~~~~~~~~~
In file included from sound_statistics_simd.cpp:6:
In file included from ./praat.github.io/fon/Sound.h:23:
In file included from ./praat.github.io/fon/Vector.h:24:
In file included from ./praat.github.io/fon/Matrix.h:21:
In file included from ./praat.github.io/fon/SampledXY.h:21:
In file included from ./praat.github.io/fon/Sampled.h:22:
In file included from ./praat.github.io/fon/Function.h:21:
In file included from praat.github.io/sys/Collection.h:25:
In file included from praat.github.io/sys/Simple.h:21:
In file included from praat.github.io/sys/Data.h:23:
praat.github.io/sys/Thing.h:77:9: warning: struct 'structThing' was previously declared as a class; this is valid, but may result in linker errors under the Microsoft C++ ABI [-Wmismatched-tags]
   77 | typedef struct structThing *Thing;   // we need an explicit "struct" here, because this is a forward declaration
      |         ^
praat.github.io/melder/MelderArg.h:21:15: note: previous use is here
   21 | typedef class structThing *Thing;   // forward declaration
      |               ^
In file included from sound_statistics_simd.cpp:6:
In file included from ./praat.github.io/fon/Sound.h:23:
In file included from ./praat.github.io/fon/Vector.h:24:
In file included from ./praat.github.io/fon/Matrix.h:21:
In file included from ./praat.github.io/fon/SampledXY.h:21:
In file included from ./praat.github.io/fon/Sampled.h:22:
In file included from ./praat.github.io/fon/Function.h:21:
In file included from praat.github.io/sys/Collection.h:25:
In file included from praat.github.io/sys/Simple.h:21:
In file included from praat.github.io/sys/Data.h:23:
praat.github.io/sys/Thing.h:78:9: warning: struct 'structThing' was previously declared as a class; this is valid, but may result in linker errors under the Microsoft C++ ABI [-Wmismatched-tags]
   78 | typedef struct structThing *mutableThing;
      |         ^
praat.github.io/melder/MelderArg.h:21:15: note: previous use is here
   21 | typedef class structThing *Thing;   // forward declaration
      |               ^
In file included from sound_statistics_simd.cpp:6:
In file included from ./praat.github.io/fon/Sound.h:23:
In file included from ./praat.github.io/fon/Vector.h:24:
In file included from ./praat.github.io/fon/Matrix.h:21:
In file included from ./praat.github.io/fon/SampledXY.h:21:
In file included from ./praat.github.io/fon/Sampled.h:22:
In file included from ./praat.github.io/fon/Function.h:21:
In file included from praat.github.io/sys/Collection.h:25:
In file included from praat.github.io/sys/Simple.h:21:
In file included from praat.github.io/sys/Data.h:23:
praat.github.io/sys/Thing.h:79:15: warning: struct 'structThing' was previously declared as a class; this is valid, but may result in linker errors under the Microsoft C++ ABI [-Wmismatched-tags]
   79 | typedef const struct structThing *constThing;
      |               ^
praat.github.io/melder/MelderArg.h:21:15: note: previous use is here
   21 | typedef class structThing *Thing;   // forward declaration
      |               ^
In file included from sound_statistics_simd.cpp:6:
In file included from ./praat.github.io/fon/Sound.h:23:
In file included from ./praat.github.io/fon/Vector.h:24:
In file included from ./praat.github.io/fon/Matrix.h:21:
In file included from ./praat.github.io/fon/SampledXY.h:21:
In file included from ./praat.github.io/fon/Sampled.h:22:
In file included from ./praat.github.io/fon/Function.h:21:
In file included from praat.github.io/sys/Collection.h:25:
In file included from praat.github.io/sys/Simple.h:21:
In file included from praat.github.io/sys/Data.h:23:
praat.github.io/sys/Thing.h:82:1: warning: 'structThing' defined as a struct here but previously declared as a class; this is valid, but may result in linker errors under the Microsoft C++ ABI [-Wmismatched-tags]
   82 | struct structThing {
      | ^
praat.github.io/melder/MelderArg.h:21:9: note: did you mean struct here?
   21 | typedef class structThing *Thing;   // forward declaration
      |         ^~~~~
      |         struct
In file included from sound_statistics_simd.cpp:6:
In file included from ./praat.github.io/fon/Sound.h:23:
In file included from ./praat.github.io/fon/Vector.h:24:
In file included from ./praat.github.io/fon/Matrix.h:21:
In file included from ./praat.github.io/fon/SampledXY.h:21:
In file included from ./praat.github.io/fon/Sampled.h:23:
praat.github.io/sys/Graphics.h:42:1: warning: struct 'structGraphics' was previously declared as a class; this is valid, but may result in linker errors under the Microsoft C++ ABI [-Wmismatched-tags]
   42 | Thing_define (Graphics, Thing) {
      | ^
praat.github.io/sys/Thing.h:60:2: note: expanded from macro 'Thing_define'
   60 |         Thing_declare (klas); \
      |         ^
praat.github.io/sys/Thing.h:52:10: note: expanded from macro 'Thing_declare'
   52 |         typedef struct struct##klas *klas; \
      |                 ^
praat.github.io/melder/melder_progress.h:143:15: note: previous use is here
  143 | typedef class structGraphics *Graphics;
      |               ^
In file included from sound_statistics_simd.cpp:6:
In file included from ./praat.github.io/fon/Sound.h:23:
In file included from ./praat.github.io/fon/Vector.h:24:
In file included from ./praat.github.io/fon/Matrix.h:21:
In file included from ./praat.github.io/fon/SampledXY.h:21:
In file included from ./praat.github.io/fon/Sampled.h:23:
praat.github.io/sys/Graphics.h:42:1: warning: struct 'structGraphics' was previously declared as a class; this is valid, but may result in linker errors under the Microsoft C++ ABI [-Wmismatched-tags]
   42 | Thing_define (Graphics, Thing) {
      | ^
praat.github.io/sys/Thing.h:60:2: note: expanded from macro 'Thing_define'
   60 |         Thing_declare (klas); \
      |         ^
praat.github.io/sys/Thing.h:53:10: note: expanded from macro 'Thing_declare'
   53 |         typedef struct struct##klas *mutable##klas; \
      |                 ^
praat.github.io/melder/melder_progress.h:143:15: note: previous use is here
  143 | typedef class structGraphics *Graphics;
      |               ^
In file included from sound_statistics_simd.cpp:6:
In file included from ./praat.github.io/fon/Sound.h:23:
In file included from ./praat.github.io/fon/Vector.h:24:
In file included from ./praat.github.io/fon/Matrix.h:21:
In file included from ./praat.github.io/fon/SampledXY.h:21:
In file included from ./praat.github.io/fon/Sampled.h:23:
praat.github.io/sys/Graphics.h:42:1: warning: struct 'structGraphics' was previously declared as a class; this is valid, but may result in linker errors under the Microsoft C++ ABI [-Wmismatched-tags]
   42 | Thing_define (Graphics, Thing) {
      | ^
praat.github.io/sys/Thing.h:60:2: note: expanded from macro 'Thing_define'
   60 |         Thing_declare (klas); \
      |         ^
praat.github.io/sys/Thing.h:54:16: note: expanded from macro 'Thing_declare'
   54 |         typedef const struct struct##klas *const##klas; \
      |                       ^
praat.github.io/melder/melder_progress.h:143:15: note: previous use is here
  143 | typedef class structGraphics *Graphics;
      |               ^
In file included from sound_statistics_simd.cpp:6:
In file included from ./praat.github.io/fon/Sound.h:23:
In file included from ./praat.github.io/fon/Vector.h:24:
In file included from ./praat.github.io/fon/Matrix.h:21:
In file included from ./praat.github.io/fon/SampledXY.h:21:
In file included from ./praat.github.io/fon/Sampled.h:23:
praat.github.io/sys/Graphics.h:42:1: warning: 'structGraphics' defined as a struct here but previously declared as a class; this is valid, but may result in linker errors under the Microsoft C++ ABI [-Wmismatched-tags]
   42 | Thing_define (Graphics, Thing) {
      | ^
praat.github.io/sys/Thing.h:62:2: note: expanded from macro 'Thing_define'
   62 |         struct struct##klas : public struct##syntacticParentKlas
      |         ^
praat.github.io/melder/melder_progress.h:143:9: note: did you mean struct here?
  143 | typedef class structGraphics *Graphics;
      |         ^~~~~
      |         struct
19 warnings generated.
clang++ -arch arm64 -std=gnu++17 -I"/Library/Frameworks/R.framework/Resources/include" -DNDEBUG -DHAVE_XSIMD -I. -Igsl-2.8 -Igsl-2.8/gsl -Ipraat.github.io -Ipraat.github.io/kar -Ipraat.github.io/melder -Ipraat.github.io/sys -Ipraat.github.io/dwsys -Ipraat.github.io/dwtools -Ipraat.github.io/stat -Ipraat.github.io/fon -Ipraat.github.io/foned -Ipraat.github.io/LPC -Ipraat.github.io/sensors -Ipraat.github.io/external/portaudio -Ipraat.github.io/external/flac -Ipraat.github.io/external/mp3 -Ipraat.github.io/external/espeak -Ipraat.github.io/external/gsl -Ipraat/external/gsl -Ipraat.github.io/external/glpk -Ipraat/external/glpk -Ipraat.github.io/external/num -Ipraat/external/num -Iclapack/INCLUDE -I'/Library/Frameworks/R.framework/Versions/4.4-arm64/Resources/library/Rcpp/include' -I'/Library/Frameworks/R.framework/Versions/4.4-arm64/Resources/library/RcppXsimd/include' -I/opt/R/arm64/include -I/opt/homebrew/opt/libomp/include -Xclang -fopenmp   -DPRAAT_LIB -DNO_GUI -DNO_AUDIO -DNO_GRAPHICS -DNO_NETWORK -DUNIX -pthread -ffp-contract=off -Wno-unused-parameter -Wno-sign-compare -Wno-unused-variable -Wno-deprecated-declarations -Wno-trigraphs -Wno-logical-op-parentheses -Wno-shift-op-parentheses -Wno-mismatched-tags -Wno-unused-const-variable -Wno-c++11-narrowing -march=armv8-a+simd -fPIC  -falign-functions=64 -Wall -g -O2   -c sound_conversion_simd.cpp -o sound_conversion_simd.o
In file included from sound_conversion_simd.cpp:6:
In file included from ./praat.github.io/fon/Sound.h:23:
In file included from ./praat.github.io/fon/Vector.h:24:
In file included from ./praat.github.io/fon/Matrix.h:21:
In file included from ./praat.github.io/fon/SampledXY.h:21:
In file included from ./praat.github.io/fon/Sampled.h:22:
In file included from ./praat.github.io/fon/Function.h:21:
In file included from praat.github.io/sys/Collection.h:25:
In file included from praat.github.io/sys/Simple.h:21:
In file included from praat.github.io/sys/Data.h:23:
In file included from praat.github.io/sys/Thing.h:24:
In file included from praat.github.io/melder/melder.h:76:
praat.github.io/melder/melder_tensor.h:64:1: warning: 'vector' defined as a struct template here but previously declared as a class template; this is valid, but may result in linker errors under the Microsoft C++ ABI [-Wmismatched-tags]
   64 | struct vector {
      | ^
praat.github.io/melder/melder_tensor.h:52:23: note: did you mean struct here?
   52 | template <typename T> class vector;
      |                       ^~~~~
      |                       struct
praat.github.io/melder/melder_tensor.h:104:1: warning: 'constvector' defined as a struct template here but previously declared as a class template; this is valid, but may result in linker errors under the Microsoft C++ ABI [-Wmismatched-tags]
  104 | struct constvector {
      | ^
praat.github.io/melder/melder_tensor.h:53:23: note: did you mean struct here?
   53 | template <typename T> class constvector;
      |                       ^~~~~
      |                       struct
praat.github.io/melder/melder_tensor.h:137:1: warning: 'vectorview' defined as a struct template here but previously declared as a class template; this is valid, but may result in linker errors under the Microsoft C++ ABI [-Wmismatched-tags]
  137 | struct vectorview {
      | ^
praat.github.io/melder/melder_tensor.h:54:23: note: did you mean struct here?
   54 | template <typename T> class vectorview;
      |                       ^~~~~
      |                       struct
praat.github.io/melder/melder_tensor.h:167:1: warning: 'constvectorview' defined as a struct template here but previously declared as a class template; this is valid, but may result in linker errors under the Microsoft C++ ABI [-Wmismatched-tags]
  167 | struct constvectorview {
      | ^
praat.github.io/melder/melder_tensor.h:55:23: note: did you mean struct here?
   55 | template <typename T> class constvectorview;
      |                       ^~~~~
      |                       struct
praat.github.io/melder/melder_tensor.h:207:1: warning: 'autovector' defined as a struct template here but previously declared as a class template; this is valid, but may result in linker errors under the Microsoft C++ ABI [-Wmismatched-tags]
  207 | struct autovector {
      | ^
praat.github.io/melder/melder_tensor.h:56:23: note: did you mean struct here?
   56 | template <typename T> class autovector;
      |                       ^~~~~
      |                       struct
praat.github.io/melder/melder_tensor.h:388:1: warning: 'matrix' defined as a struct template here but previously declared as a class template; this is valid, but may result in linker errors under the Microsoft C++ ABI [-Wmismatched-tags]
  388 | struct matrix {
      | ^
praat.github.io/melder/melder_tensor.h:57:23: note: did you mean struct here?
   57 | template <typename T> class matrix;
      |                       ^~~~~
      |                       struct
praat.github.io/melder/melder_tensor.h:461:1: warning: 'constmatrix' defined as a struct template here but previously declared as a class template; this is valid, but may result in linker errors under the Microsoft C++ ABI [-Wmismatched-tags]
  461 | struct constmatrix {
      | ^
praat.github.io/melder/melder_tensor.h:58:23: note: did you mean struct here?
   58 | template <typename T> class constmatrix;
      |                       ^~~~~
      |                       struct
praat.github.io/melder/melder_tensor.h:532:1: warning: 'matrixview' defined as a struct template here but previously declared as a class template; this is valid, but may result in linker errors under the Microsoft C++ ABI [-Wmismatched-tags]
  532 | struct matrixview {
      | ^
praat.github.io/melder/melder_tensor.h:59:23: note: did you mean struct here?
   59 | template <typename T> class matrixview;
      |                       ^~~~~
      |                       struct
praat.github.io/melder/melder_tensor.h:612:1: warning: 'constmatrixview' defined as a struct template here but previously declared as a class template; this is valid, but may result in linker errors under the Microsoft C++ ABI [-Wmismatched-tags]
  612 | struct constmatrixview {
      | ^
praat.github.io/melder/melder_tensor.h:60:23: note: did you mean struct here?
   60 | template <typename T> class constmatrixview;
      |                       ^~~~~
      |                       struct
praat.github.io/melder/melder_tensor.h:683:1: warning: 'automatrix' defined as a struct template here but previously declared as a class template; this is valid, but may result in linker errors under the Microsoft C++ ABI [-Wmismatched-tags]
  683 | struct automatrix {
      | ^
praat.github.io/melder/melder_tensor.h:61:23: note: did you mean struct here?
   61 | template <typename T> class automatrix;
      |                       ^~~~~
      |                       struct
praat.github.io/melder/melder_tensor.h:703:18: warning: unused variable 'numberOfColumnsInThisRow' [-Wunused-variable]
  703 |                         const integer numberOfColumnsInThisRow = uinteger_to_integer_a (row.size());
      |                                       ^~~~~~~~~~~~~~~~~~~~~~~~
In file included from sound_conversion_simd.cpp:6:
In file included from ./praat.github.io/fon/Sound.h:23:
In file included from ./praat.github.io/fon/Vector.h:24:
In file included from ./praat.github.io/fon/Matrix.h:21:
In file included from ./praat.github.io/fon/SampledXY.h:21:
In file included from ./praat.github.io/fon/Sampled.h:22:
In file included from ./praat.github.io/fon/Function.h:21:
In file included from praat.github.io/sys/Collection.h:25:
In file included from praat.github.io/sys/Simple.h:21:
In file included from praat.github.io/sys/Data.h:23:
praat.github.io/sys/Thing.h:77:9: warning: struct 'structThing' was previously declared as a class; this is valid, but may result in linker errors under the Microsoft C++ ABI [-Wmismatched-tags]
   77 | typedef struct structThing *Thing;   // we need an explicit "struct" here, because this is a forward declaration
      |         ^
praat.github.io/melder/MelderArg.h:21:15: note: previous use is here
   21 | typedef class structThing *Thing;   // forward declaration
      |               ^
In file included from sound_conversion_simd.cpp:6:
In file included from ./praat.github.io/fon/Sound.h:23:
In file included from ./praat.github.io/fon/Vector.h:24:
In file included from ./praat.github.io/fon/Matrix.h:21:
In file included from ./praat.github.io/fon/SampledXY.h:21:
In file included from ./praat.github.io/fon/Sampled.h:22:
In file included from ./praat.github.io/fon/Function.h:21:
In file included from praat.github.io/sys/Collection.h:25:
In file included from praat.github.io/sys/Simple.h:21:
In file included from praat.github.io/sys/Data.h:23:
praat.github.io/sys/Thing.h:78:9: warning: struct 'structThing' was previously declared as a class; this is valid, but may result in linker errors under the Microsoft C++ ABI [-Wmismatched-tags]
   78 | typedef struct structThing *mutableThing;
      |         ^
praat.github.io/melder/MelderArg.h:21:15: note: previous use is here
   21 | typedef class structThing *Thing;   // forward declaration
      |               ^
In file included from sound_conversion_simd.cpp:6:
In file included from ./praat.github.io/fon/Sound.h:23:
In file included from ./praat.github.io/fon/Vector.h:24:
In file included from ./praat.github.io/fon/Matrix.h:21:
In file included from ./praat.github.io/fon/SampledXY.h:21:
In file included from ./praat.github.io/fon/Sampled.h:22:
In file included from ./praat.github.io/fon/Function.h:21:
In file included from praat.github.io/sys/Collection.h:25:
In file included from praat.github.io/sys/Simple.h:21:
In file included from praat.github.io/sys/Data.h:23:
praat.github.io/sys/Thing.h:79:15: warning: struct 'structThing' was previously declared as a class; this is valid, but may result in linker errors under the Microsoft C++ ABI [-Wmismatched-tags]
   79 | typedef const struct structThing *constThing;
      |               ^
praat.github.io/melder/MelderArg.h:21:15: note: previous use is here
   21 | typedef class structThing *Thing;   // forward declaration
      |               ^
In file included from sound_conversion_simd.cpp:6:
In file included from ./praat.github.io/fon/Sound.h:23:
In file included from ./praat.github.io/fon/Vector.h:24:
In file included from ./praat.github.io/fon/Matrix.h:21:
In file included from ./praat.github.io/fon/SampledXY.h:21:
In file included from ./praat.github.io/fon/Sampled.h:22:
In file included from ./praat.github.io/fon/Function.h:21:
In file included from praat.github.io/sys/Collection.h:25:
In file included from praat.github.io/sys/Simple.h:21:
In file included from praat.github.io/sys/Data.h:23:
praat.github.io/sys/Thing.h:82:1: warning: 'structThing' defined as a struct here but previously declared as a class; this is valid, but may result in linker errors under the Microsoft C++ ABI [-Wmismatched-tags]
   82 | struct structThing {
      | ^
praat.github.io/melder/MelderArg.h:21:9: note: did you mean struct here?
   21 | typedef class structThing *Thing;   // forward declaration
      |         ^~~~~
      |         struct
In file included from sound_conversion_simd.cpp:6:
In file included from ./praat.github.io/fon/Sound.h:23:
In file included from ./praat.github.io/fon/Vector.h:24:
In file included from ./praat.github.io/fon/Matrix.h:21:
In file included from ./praat.github.io/fon/SampledXY.h:21:
In file included from ./praat.github.io/fon/Sampled.h:23:
praat.github.io/sys/Graphics.h:42:1: warning: struct 'structGraphics' was previously declared as a class; this is valid, but may result in linker errors under the Microsoft C++ ABI [-Wmismatched-tags]
   42 | Thing_define (Graphics, Thing) {
      | ^
praat.github.io/sys/Thing.h:60:2: note: expanded from macro 'Thing_define'
   60 |         Thing_declare (klas); \
      |         ^
praat.github.io/sys/Thing.h:52:10: note: expanded from macro 'Thing_declare'
   52 |         typedef struct struct##klas *klas; \
      |                 ^
praat.github.io/melder/melder_progress.h:143:15: note: previous use is here
  143 | typedef class structGraphics *Graphics;
      |               ^
In file included from sound_conversion_simd.cpp:6:
In file included from ./praat.github.io/fon/Sound.h:23:
In file included from ./praat.github.io/fon/Vector.h:24:
In file included from ./praat.github.io/fon/Matrix.h:21:
In file included from ./praat.github.io/fon/SampledXY.h:21:
In file included from ./praat.github.io/fon/Sampled.h:23:
praat.github.io/sys/Graphics.h:42:1: warning: struct 'structGraphics' was previously declared as a class; this is valid, but may result in linker errors under the Microsoft C++ ABI [-Wmismatched-tags]
   42 | Thing_define (Graphics, Thing) {
      | ^
praat.github.io/sys/Thing.h:60:2: note: expanded from macro 'Thing_define'
   60 |         Thing_declare (klas); \
      |         ^
praat.github.io/sys/Thing.h:53:10: note: expanded from macro 'Thing_declare'
   53 |         typedef struct struct##klas *mutable##klas; \
      |                 ^
praat.github.io/melder/melder_progress.h:143:15: note: previous use is here
  143 | typedef class structGraphics *Graphics;
      |               ^
In file included from sound_conversion_simd.cpp:6:
In file included from ./praat.github.io/fon/Sound.h:23:
In file included from ./praat.github.io/fon/Vector.h:24:
In file included from ./praat.github.io/fon/Matrix.h:21:
In file included from ./praat.github.io/fon/SampledXY.h:21:
In file included from ./praat.github.io/fon/Sampled.h:23:
praat.github.io/sys/Graphics.h:42:1: warning: struct 'structGraphics' was previously declared as a class; this is valid, but may result in linker errors under the Microsoft C++ ABI [-Wmismatched-tags]
   42 | Thing_define (Graphics, Thing) {
      | ^
praat.github.io/sys/Thing.h:60:2: note: expanded from macro 'Thing_define'
   60 |         Thing_declare (klas); \
      |         ^
praat.github.io/sys/Thing.h:54:16: note: expanded from macro 'Thing_declare'
   54 |         typedef const struct struct##klas *const##klas; \
      |                       ^
praat.github.io/melder/melder_progress.h:143:15: note: previous use is here
  143 | typedef class structGraphics *Graphics;
      |               ^
In file included from sound_conversion_simd.cpp:6:
In file included from ./praat.github.io/fon/Sound.h:23:
In file included from ./praat.github.io/fon/Vector.h:24:
In file included from ./praat.github.io/fon/Matrix.h:21:
In file included from ./praat.github.io/fon/SampledXY.h:21:
In file included from ./praat.github.io/fon/Sampled.h:23:
praat.github.io/sys/Graphics.h:42:1: warning: 'structGraphics' defined as a struct here but previously declared as a class; this is valid, but may result in linker errors under the Microsoft C++ ABI [-Wmismatched-tags]
   42 | Thing_define (Graphics, Thing) {
      | ^
praat.github.io/sys/Thing.h:62:2: note: expanded from macro 'Thing_define'
   62 |         struct struct##klas : public struct##syntacticParentKlas
      |         ^
praat.github.io/melder/melder_progress.h:143:9: note: did you mean struct here?
  143 | typedef class structGraphics *Graphics;
      |         ^~~~~
      |         struct
sound_conversion_simd.cpp:162:6: warning: unused function 'convert_multichannel_to_mono_scalar' [-Wunused-function]
  162 | void convert_multichannel_to_mono_scalar(constMAT const& channels, VEC output) {
      |      ^~~~~~~~~~~~~~~~~~~~~~~~~~~~~~~~~~~
sound_conversion_simd.cpp:176:6: warning: unused function 'convert_double_to_int16_scalar' [-Wunused-function]
  176 | void convert_double_to_int16_scalar(const double* input, int16_t* output, integer n) {
      |      ^~~~~~~~~~~~~~~~~~~~~~~~~~~~~~
sound_conversion_simd.cpp:185:6: warning: unused function 'convert_int16_to_double_scalar' [-Wunused-function]
  185 | void convert_int16_to_double_scalar(const int16_t* input, double* output, integer n) {
      |      ^~~~~~~~~~~~~~~~~~~~~~~~~~~~~~
22 warnings generated.
clang++ -arch arm64 -std=gnu++17 -I"/Library/Frameworks/R.framework/Resources/include" -DNDEBUG -DHAVE_XSIMD -I. -Igsl-2.8 -Igsl-2.8/gsl -Ipraat.github.io -Ipraat.github.io/kar -Ipraat.github.io/melder -Ipraat.github.io/sys -Ipraat.github.io/dwsys -Ipraat.github.io/dwtools -Ipraat.github.io/stat -Ipraat.github.io/fon -Ipraat.github.io/foned -Ipraat.github.io/LPC -Ipraat.github.io/sensors -Ipraat.github.io/external/portaudio -Ipraat.github.io/external/flac -Ipraat.github.io/external/mp3 -Ipraat.github.io/external/espeak -Ipraat.github.io/external/gsl -Ipraat/external/gsl -Ipraat.github.io/external/glpk -Ipraat/external/glpk -Ipraat.github.io/external/num -Ipraat/external/num -Iclapack/INCLUDE -I'/Library/Frameworks/R.framework/Versions/4.4-arm64/Resources/library/Rcpp/include' -I'/Library/Frameworks/R.framework/Versions/4.4-arm64/Resources/library/RcppXsimd/include' -I/opt/R/arm64/include -I/opt/homebrew/opt/libomp/include -Xclang -fopenmp   -DPRAAT_LIB -DNO_GUI -DNO_AUDIO -DNO_GRAPHICS -DNO_NETWORK -DUNIX -pthread -ffp-contract=off -Wno-unused-parameter -Wno-sign-compare -Wno-unused-variable -Wno-deprecated-declarations -Wno-trigraphs -Wno-logical-op-parentheses -Wno-shift-op-parentheses -Wno-mismatched-tags -Wno-unused-const-variable -Wno-c++11-narrowing -march=armv8-a+simd -fPIC  -falign-functions=64 -Wall -g -O2   -c num_matrix_simd.cpp -o num_matrix_simd.o
In file included from num_matrix_simd.cpp:5:
In file included from ./praat.github.io/melder/melder.h:76:
./praat.github.io/melder/melder_tensor.h:64:1: warning: 'vector' defined as a struct template here but previously declared as a class template; this is valid, but may result in linker errors under the Microsoft C++ ABI [-Wmismatched-tags]
   64 | struct vector {
      | ^
./praat.github.io/melder/melder_tensor.h:52:23: note: did you mean struct here?
   52 | template <typename T> class vector;
      |                       ^~~~~
      |                       struct
./praat.github.io/melder/melder_tensor.h:104:1: warning: 'constvector' defined as a struct template here but previously declared as a class template; this is valid, but may result in linker errors under the Microsoft C++ ABI [-Wmismatched-tags]
  104 | struct constvector {
      | ^
./praat.github.io/melder/melder_tensor.h:53:23: note: did you mean struct here?
   53 | template <typename T> class constvector;
      |                       ^~~~~
      |                       struct
./praat.github.io/melder/melder_tensor.h:137:1: warning: 'vectorview' defined as a struct template here but previously declared as a class template; this is valid, but may result in linker errors under the Microsoft C++ ABI [-Wmismatched-tags]
  137 | struct vectorview {
      | ^
./praat.github.io/melder/melder_tensor.h:54:23: note: did you mean struct here?
   54 | template <typename T> class vectorview;
      |                       ^~~~~
      |                       struct
./praat.github.io/melder/melder_tensor.h:167:1: warning: 'constvectorview' defined as a struct template here but previously declared as a class template; this is valid, but may result in linker errors under the Microsoft C++ ABI [-Wmismatched-tags]
  167 | struct constvectorview {
      | ^
./praat.github.io/melder/melder_tensor.h:55:23: note: did you mean struct here?
   55 | template <typename T> class constvectorview;
      |                       ^~~~~
      |                       struct
./praat.github.io/melder/melder_tensor.h:207:1: warning: 'autovector' defined as a struct template here but previously declared as a class template; this is valid, but may result in linker errors under the Microsoft C++ ABI [-Wmismatched-tags]
  207 | struct autovector {
      | ^
./praat.github.io/melder/melder_tensor.h:56:23: note: did you mean struct here?
   56 | template <typename T> class autovector;
      |                       ^~~~~
      |                       struct
./praat.github.io/melder/melder_tensor.h:388:1: warning: 'matrix' defined as a struct template here but previously declared as a class template; this is valid, but may result in linker errors under the Microsoft C++ ABI [-Wmismatched-tags]
  388 | struct matrix {
      | ^
./praat.github.io/melder/melder_tensor.h:57:23: note: did you mean struct here?
   57 | template <typename T> class matrix;
      |                       ^~~~~
      |                       struct
./praat.github.io/melder/melder_tensor.h:461:1: warning: 'constmatrix' defined as a struct template here but previously declared as a class template; this is valid, but may result in linker errors under the Microsoft C++ ABI [-Wmismatched-tags]
  461 | struct constmatrix {
      | ^
./praat.github.io/melder/melder_tensor.h:58:23: note: did you mean struct here?
   58 | template <typename T> class constmatrix;
      |                       ^~~~~
      |                       struct
./praat.github.io/melder/melder_tensor.h:532:1: warning: 'matrixview' defined as a struct template here but previously declared as a class template; this is valid, but may result in linker errors under the Microsoft C++ ABI [-Wmismatched-tags]
  532 | struct matrixview {
      | ^
./praat.github.io/melder/melder_tensor.h:59:23: note: did you mean struct here?
   59 | template <typename T> class matrixview;
      |                       ^~~~~
      |                       struct
./praat.github.io/melder/melder_tensor.h:612:1: warning: 'constmatrixview' defined as a struct template here but previously declared as a class template; this is valid, but may result in linker errors under the Microsoft C++ ABI [-Wmismatched-tags]
  612 | struct constmatrixview {
      | ^
./praat.github.io/melder/melder_tensor.h:60:23: note: did you mean struct here?
   60 | template <typename T> class constmatrixview;
      |                       ^~~~~
      |                       struct
./praat.github.io/melder/melder_tensor.h:683:1: warning: 'automatrix' defined as a struct template here but previously declared as a class template; this is valid, but may result in linker errors under the Microsoft C++ ABI [-Wmismatched-tags]
  683 | struct automatrix {
      | ^
./praat.github.io/melder/melder_tensor.h:61:23: note: did you mean struct here?
   61 | template <typename T> class automatrix;
      |                       ^~~~~
      |                       struct
./praat.github.io/melder/melder_tensor.h:703:18: warning: unused variable 'numberOfColumnsInThisRow' [-Wunused-variable]
  703 |                         const integer numberOfColumnsInThisRow = uinteger_to_integer_a (row.size());
      |                                       ^~~~~~~~~~~~~~~~~~~~~~~~
In file included from num_matrix_simd.cpp:6:
In file included from ./praat.github.io/dwsys/NUM2.h:21:
In file included from ./praat.github.io/dwsys/ExtendedReal.h:37:
In file included from praat.github.io/sys/Data.h:23:
praat.github.io/sys/Thing.h:77:9: warning: struct 'structThing' was previously declared as a class; this is valid, but may result in linker errors under the Microsoft C++ ABI [-Wmismatched-tags]
   77 | typedef struct structThing *Thing;   // we need an explicit "struct" here, because this is a forward declaration
      |         ^
./praat.github.io/melder/MelderArg.h:21:15: note: previous use is here
   21 | typedef class structThing *Thing;   // forward declaration
      |               ^
In file included from num_matrix_simd.cpp:6:
In file included from ./praat.github.io/dwsys/NUM2.h:21:
In file included from ./praat.github.io/dwsys/ExtendedReal.h:37:
In file included from praat.github.io/sys/Data.h:23:
praat.github.io/sys/Thing.h:78:9: warning: struct 'structThing' was previously declared as a class; this is valid, but may result in linker errors under the Microsoft C++ ABI [-Wmismatched-tags]
   78 | typedef struct structThing *mutableThing;
      |         ^
./praat.github.io/melder/MelderArg.h:21:15: note: previous use is here
   21 | typedef class structThing *Thing;   // forward declaration
      |               ^
In file included from num_matrix_simd.cpp:6:
In file included from ./praat.github.io/dwsys/NUM2.h:21:
In file included from ./praat.github.io/dwsys/ExtendedReal.h:37:
In file included from praat.github.io/sys/Data.h:23:
praat.github.io/sys/Thing.h:79:15: warning: struct 'structThing' was previously declared as a class; this is valid, but may result in linker errors under the Microsoft C++ ABI [-Wmismatched-tags]
   79 | typedef const struct structThing *constThing;
      |               ^
./praat.github.io/melder/MelderArg.h:21:15: note: previous use is here
   21 | typedef class structThing *Thing;   // forward declaration
      |               ^
In file included from num_matrix_simd.cpp:6:
In file included from ./praat.github.io/dwsys/NUM2.h:21:
In file included from ./praat.github.io/dwsys/ExtendedReal.h:37:
In file included from praat.github.io/sys/Data.h:23:
praat.github.io/sys/Thing.h:82:1: warning: 'structThing' defined as a struct here but previously declared as a class; this is valid, but may result in linker errors under the Microsoft C++ ABI [-Wmismatched-tags]
   82 | struct structThing {
      | ^
./praat.github.io/melder/MelderArg.h:21:9: note: did you mean struct here?
   21 | typedef class structThing *Thing;   // forward declaration
      |         ^~~~~
      |         struct
num_matrix_simd.cpp:93:6: warning: unused function 'matrix_multiply_rows_scalar' [-Wunused-function]
   93 | void matrix_multiply_rows_scalar(MATVU const& x, constVECVU const& v) {
      |      ^~~~~~~~~~~~~~~~~~~~~~~~~~~
num_matrix_simd.cpp:101:8: warning: unused function 'dot_product_scalar' [-Wunused-function]
  101 | double dot_product_scalar(constVEC const& x, constVEC const& y) {
      |        ^~~~~~~~~~~~~~~~~~
num_matrix_simd.cpp:110:6: warning: unused function 'axpy_scalar' [-Wunused-function]
  110 | void axpy_scalar(double alpha, constVEC const& x, VEC const& y) {
      |      ^~~~~~~~~~~
18 warnings generated.
clang++ -arch arm64 -std=gnu++17 -I"/Library/Frameworks/R.framework/Resources/include" -DNDEBUG -DHAVE_XSIMD -I. -Igsl-2.8 -Igsl-2.8/gsl -Ipraat.github.io -Ipraat.github.io/kar -Ipraat.github.io/melder -Ipraat.github.io/sys -Ipraat.github.io/dwsys -Ipraat.github.io/dwtools -Ipraat.github.io/stat -Ipraat.github.io/fon -Ipraat.github.io/foned -Ipraat.github.io/LPC -Ipraat.github.io/sensors -Ipraat.github.io/external/portaudio -Ipraat.github.io/external/flac -Ipraat.github.io/external/mp3 -Ipraat.github.io/external/espeak -Ipraat.github.io/external/gsl -Ipraat/external/gsl -Ipraat.github.io/external/glpk -Ipraat/external/glpk -Ipraat.github.io/external/num -Ipraat/external/num -Iclapack/INCLUDE -I'/Library/Frameworks/R.framework/Versions/4.4-arm64/Resources/library/Rcpp/include' -I'/Library/Frameworks/R.framework/Versions/4.4-arm64/Resources/library/RcppXsimd/include' -I/opt/R/arm64/include -I/opt/homebrew/opt/libomp/include -Xclang -fopenmp   -DPRAAT_LIB -DNO_GUI -DNO_AUDIO -DNO_GRAPHICS -DNO_NETWORK -DUNIX -pthread -ffp-contract=off -Wno-unused-parameter -Wno-sign-compare -Wno-unused-variable -Wno-deprecated-declarations -Wno-trigraphs -Wno-logical-op-parentheses -Wno-shift-op-parentheses -Wno-mismatched-tags -Wno-unused-const-variable -Wno-c++11-narrowing -march=armv8-a+simd -fPIC  -falign-functions=64 -Wall -g -O2   -c num_filtering_simd.cpp -o num_filtering_simd.o
In file included from num_filtering_simd.cpp:6:
In file included from ./praat.github.io/dwsys/NUM2.h:21:
In file included from ./praat.github.io/dwsys/ExtendedReal.h:37:
In file included from praat.github.io/sys/Data.h:23:
In file included from praat.github.io/sys/Thing.h:24:
In file included from praat.github.io/melder/melder.h:76:
praat.github.io/melder/melder_tensor.h:64:1: warning: 'vector' defined as a struct template here but previously declared as a class template; this is valid, but may result in linker errors under the Microsoft C++ ABI [-Wmismatched-tags]
   64 | struct vector {
      | ^
praat.github.io/melder/melder_tensor.h:52:23: note: did you mean struct here?
   52 | template <typename T> class vector;
      |                       ^~~~~
      |                       struct
praat.github.io/melder/melder_tensor.h:104:1: warning: 'constvector' defined as a struct template here but previously declared as a class template; this is valid, but may result in linker errors under the Microsoft C++ ABI [-Wmismatched-tags]
  104 | struct constvector {
      | ^
praat.github.io/melder/melder_tensor.h:53:23: note: did you mean struct here?
   53 | template <typename T> class constvector;
      |                       ^~~~~
      |                       struct
praat.github.io/melder/melder_tensor.h:137:1: warning: 'vectorview' defined as a struct template here but previously declared as a class template; this is valid, but may result in linker errors under the Microsoft C++ ABI [-Wmismatched-tags]
  137 | struct vectorview {
      | ^
praat.github.io/melder/melder_tensor.h:54:23: note: did you mean struct here?
   54 | template <typename T> class vectorview;
      |                       ^~~~~
      |                       struct
praat.github.io/melder/melder_tensor.h:167:1: warning: 'constvectorview' defined as a struct template here but previously declared as a class template; this is valid, but may result in linker errors under the Microsoft C++ ABI [-Wmismatched-tags]
  167 | struct constvectorview {
      | ^
praat.github.io/melder/melder_tensor.h:55:23: note: did you mean struct here?
   55 | template <typename T> class constvectorview;
      |                       ^~~~~
      |                       struct
praat.github.io/melder/melder_tensor.h:207:1: warning: 'autovector' defined as a struct template here but previously declared as a class template; this is valid, but may result in linker errors under the Microsoft C++ ABI [-Wmismatched-tags]
  207 | struct autovector {
      | ^
praat.github.io/melder/melder_tensor.h:56:23: note: did you mean struct here?
   56 | template <typename T> class autovector;
      |                       ^~~~~
      |                       struct
praat.github.io/melder/melder_tensor.h:388:1: warning: 'matrix' defined as a struct template here but previously declared as a class template; this is valid, but may result in linker errors under the Microsoft C++ ABI [-Wmismatched-tags]
  388 | struct matrix {
      | ^
praat.github.io/melder/melder_tensor.h:57:23: note: did you mean struct here?
   57 | template <typename T> class matrix;
      |                       ^~~~~
      |                       struct
praat.github.io/melder/melder_tensor.h:461:1: warning: 'constmatrix' defined as a struct template here but previously declared as a class template; this is valid, but may result in linker errors under the Microsoft C++ ABI [-Wmismatched-tags]
  461 | struct constmatrix {
      | ^
praat.github.io/melder/melder_tensor.h:58:23: note: did you mean struct here?
   58 | template <typename T> class constmatrix;
      |                       ^~~~~
      |                       struct
praat.github.io/melder/melder_tensor.h:532:1: warning: 'matrixview' defined as a struct template here but previously declared as a class template; this is valid, but may result in linker errors under the Microsoft C++ ABI [-Wmismatched-tags]
  532 | struct matrixview {
      | ^
praat.github.io/melder/melder_tensor.h:59:23: note: did you mean struct here?
   59 | template <typename T> class matrixview;
      |                       ^~~~~
      |                       struct
praat.github.io/melder/melder_tensor.h:612:1: warning: 'constmatrixview' defined as a struct template here but previously declared as a class template; this is valid, but may result in linker errors under the Microsoft C++ ABI [-Wmismatched-tags]
  612 | struct constmatrixview {
      | ^
praat.github.io/melder/melder_tensor.h:60:23: note: did you mean struct here?
   60 | template <typename T> class constmatrixview;
      |                       ^~~~~
      |                       struct
praat.github.io/melder/melder_tensor.h:683:1: warning: 'automatrix' defined as a struct template here but previously declared as a class template; this is valid, but may result in linker errors under the Microsoft C++ ABI [-Wmismatched-tags]
  683 | struct automatrix {
      | ^
praat.github.io/melder/melder_tensor.h:61:23: note: did you mean struct here?
   61 | template <typename T> class automatrix;
      |                       ^~~~~
      |                       struct
praat.github.io/melder/melder_tensor.h:703:18: warning: unused variable 'numberOfColumnsInThisRow' [-Wunused-variable]
  703 |                         const integer numberOfColumnsInThisRow = uinteger_to_integer_a (row.size());
      |                                       ^~~~~~~~~~~~~~~~~~~~~~~~
In file included from num_filtering_simd.cpp:6:
In file included from ./praat.github.io/dwsys/NUM2.h:21:
In file included from ./praat.github.io/dwsys/ExtendedReal.h:37:
In file included from praat.github.io/sys/Data.h:23:
praat.github.io/sys/Thing.h:77:9: warning: struct 'structThing' was previously declared as a class; this is valid, but may result in linker errors under the Microsoft C++ ABI [-Wmismatched-tags]
   77 | typedef struct structThing *Thing;   // we need an explicit "struct" here, because this is a forward declaration
      |         ^
praat.github.io/melder/MelderArg.h:21:15: note: previous use is here
   21 | typedef class structThing *Thing;   // forward declaration
      |               ^
In file included from num_filtering_simd.cpp:6:
In file included from ./praat.github.io/dwsys/NUM2.h:21:
In file included from ./praat.github.io/dwsys/ExtendedReal.h:37:
In file included from praat.github.io/sys/Data.h:23:
praat.github.io/sys/Thing.h:78:9: warning: struct 'structThing' was previously declared as a class; this is valid, but may result in linker errors under the Microsoft C++ ABI [-Wmismatched-tags]
   78 | typedef struct structThing *mutableThing;
      |         ^
praat.github.io/melder/MelderArg.h:21:15: note: previous use is here
   21 | typedef class structThing *Thing;   // forward declaration
      |               ^
In file included from num_filtering_simd.cpp:6:
In file included from ./praat.github.io/dwsys/NUM2.h:21:
In file included from ./praat.github.io/dwsys/ExtendedReal.h:37:
In file included from praat.github.io/sys/Data.h:23:
praat.github.io/sys/Thing.h:79:15: warning: struct 'structThing' was previously declared as a class; this is valid, but may result in linker errors under the Microsoft C++ ABI [-Wmismatched-tags]
   79 | typedef const struct structThing *constThing;
      |               ^
praat.github.io/melder/MelderArg.h:21:15: note: previous use is here
   21 | typedef class structThing *Thing;   // forward declaration
      |               ^
In file included from num_filtering_simd.cpp:6:
In file included from ./praat.github.io/dwsys/NUM2.h:21:
In file included from ./praat.github.io/dwsys/ExtendedReal.h:37:
In file included from praat.github.io/sys/Data.h:23:
praat.github.io/sys/Thing.h:82:1: warning: 'structThing' defined as a struct here but previously declared as a class; this is valid, but may result in linker errors under the Microsoft C++ ABI [-Wmismatched-tags]
   82 | struct structThing {
      | ^
praat.github.io/melder/MelderArg.h:21:9: note: did you mean struct here?
   21 | typedef class structThing *Thing;   // forward declaration
      |         ^~~~~
      |         struct
15 warnings generated.
clang++ -arch arm64 -std=gnu++17 -I"/Library/Frameworks/R.framework/Resources/include" -DNDEBUG -DHAVE_XSIMD -I. -Igsl-2.8 -Igsl-2.8/gsl -Ipraat.github.io -Ipraat.github.io/kar -Ipraat.github.io/melder -Ipraat.github.io/sys -Ipraat.github.io/dwsys -Ipraat.github.io/dwtools -Ipraat.github.io/stat -Ipraat.github.io/fon -Ipraat.github.io/foned -Ipraat.github.io/LPC -Ipraat.github.io/sensors -Ipraat.github.io/external/portaudio -Ipraat.github.io/external/flac -Ipraat.github.io/external/mp3 -Ipraat.github.io/external/espeak -Ipraat.github.io/external/gsl -Ipraat/external/gsl -Ipraat.github.io/external/glpk -Ipraat/external/glpk -Ipraat.github.io/external/num -Ipraat/external/num -Iclapack/INCLUDE -I'/Library/Frameworks/R.framework/Versions/4.4-arm64/Resources/library/Rcpp/include' -I'/Library/Frameworks/R.framework/Versions/4.4-arm64/Resources/library/RcppXsimd/include' -I/opt/R/arm64/include -I/opt/homebrew/opt/libomp/include -Xclang -fopenmp   -DPRAAT_LIB -DNO_GUI -DNO_AUDIO -DNO_GRAPHICS -DNO_NETWORK -DUNIX -pthread -ffp-contract=off -Wno-unused-parameter -Wno-sign-compare -Wno-unused-variable -Wno-deprecated-declarations -Wno-trigraphs -Wno-logical-op-parentheses -Wno-shift-op-parentheses -Wno-mismatched-tags -Wno-unused-const-variable -Wno-c++11-narrowing -march=armv8-a+simd -fPIC  -falign-functions=64 -Wall -g -O2   -c num_distance_simd.cpp -o num_distance_simd.o
In file included from num_distance_simd.cpp:6:
In file included from ./praat.github.io/dwsys/NUM2.h:21:
In file included from ./praat.github.io/dwsys/ExtendedReal.h:37:
In file included from praat.github.io/sys/Data.h:23:
In file included from praat.github.io/sys/Thing.h:24:
In file included from praat.github.io/melder/melder.h:76:
praat.github.io/melder/melder_tensor.h:64:1: warning: 'vector' defined as a struct template here but previously declared as a class template; this is valid, but may result in linker errors under the Microsoft C++ ABI [-Wmismatched-tags]
   64 | struct vector {
      | ^
praat.github.io/melder/melder_tensor.h:52:23: note: did you mean struct here?
   52 | template <typename T> class vector;
      |                       ^~~~~
      |                       struct
praat.github.io/melder/melder_tensor.h:104:1: warning: 'constvector' defined as a struct template here but previously declared as a class template; this is valid, but may result in linker errors under the Microsoft C++ ABI [-Wmismatched-tags]
  104 | struct constvector {
      | ^
praat.github.io/melder/melder_tensor.h:53:23: note: did you mean struct here?
   53 | template <typename T> class constvector;
      |                       ^~~~~
      |                       struct
praat.github.io/melder/melder_tensor.h:137:1: warning: 'vectorview' defined as a struct template here but previously declared as a class template; this is valid, but may result in linker errors under the Microsoft C++ ABI [-Wmismatched-tags]
  137 | struct vectorview {
      | ^
praat.github.io/melder/melder_tensor.h:54:23: note: did you mean struct here?
   54 | template <typename T> class vectorview;
      |                       ^~~~~
      |                       struct
praat.github.io/melder/melder_tensor.h:167:1: warning: 'constvectorview' defined as a struct template here but previously declared as a class template; this is valid, but may result in linker errors under the Microsoft C++ ABI [-Wmismatched-tags]
  167 | struct constvectorview {
      | ^
praat.github.io/melder/melder_tensor.h:55:23: note: did you mean struct here?
   55 | template <typename T> class constvectorview;
      |                       ^~~~~
      |                       struct
praat.github.io/melder/melder_tensor.h:207:1: warning: 'autovector' defined as a struct template here but previously declared as a class template; this is valid, but may result in linker errors under the Microsoft C++ ABI [-Wmismatched-tags]
  207 | struct autovector {
      | ^
praat.github.io/melder/melder_tensor.h:56:23: note: did you mean struct here?
   56 | template <typename T> class autovector;
      |                       ^~~~~
      |                       struct
praat.github.io/melder/melder_tensor.h:388:1: warning: 'matrix' defined as a struct template here but previously declared as a class template; this is valid, but may result in linker errors under the Microsoft C++ ABI [-Wmismatched-tags]
  388 | struct matrix {
      | ^
praat.github.io/melder/melder_tensor.h:57:23: note: did you mean struct here?
   57 | template <typename T> class matrix;
      |                       ^~~~~
      |                       struct
praat.github.io/melder/melder_tensor.h:461:1: warning: 'constmatrix' defined as a struct template here but previously declared as a class template; this is valid, but may result in linker errors under the Microsoft C++ ABI [-Wmismatched-tags]
  461 | struct constmatrix {
      | ^
praat.github.io/melder/melder_tensor.h:58:23: note: did you mean struct here?
   58 | template <typename T> class constmatrix;
      |                       ^~~~~
      |                       struct
praat.github.io/melder/melder_tensor.h:532:1: warning: 'matrixview' defined as a struct template here but previously declared as a class template; this is valid, but may result in linker errors under the Microsoft C++ ABI [-Wmismatched-tags]
  532 | struct matrixview {
      | ^
praat.github.io/melder/melder_tensor.h:59:23: note: did you mean struct here?
   59 | template <typename T> class matrixview;
      |                       ^~~~~
      |                       struct
praat.github.io/melder/melder_tensor.h:612:1: warning: 'constmatrixview' defined as a struct template here but previously declared as a class template; this is valid, but may result in linker errors under the Microsoft C++ ABI [-Wmismatched-tags]
  612 | struct constmatrixview {
      | ^
praat.github.io/melder/melder_tensor.h:60:23: note: did you mean struct here?
   60 | template <typename T> class constmatrixview;
      |                       ^~~~~
      |                       struct
praat.github.io/melder/melder_tensor.h:683:1: warning: 'automatrix' defined as a struct template here but previously declared as a class template; this is valid, but may result in linker errors under the Microsoft C++ ABI [-Wmismatched-tags]
  683 | struct automatrix {
      | ^
praat.github.io/melder/melder_tensor.h:61:23: note: did you mean struct here?
   61 | template <typename T> class automatrix;
      |                       ^~~~~
      |                       struct
praat.github.io/melder/melder_tensor.h:703:18: warning: unused variable 'numberOfColumnsInThisRow' [-Wunused-variable]
  703 |                         const integer numberOfColumnsInThisRow = uinteger_to_integer_a (row.size());
      |                                       ^~~~~~~~~~~~~~~~~~~~~~~~
In file included from num_distance_simd.cpp:6:
In file included from ./praat.github.io/dwsys/NUM2.h:21:
In file included from ./praat.github.io/dwsys/ExtendedReal.h:37:
In file included from praat.github.io/sys/Data.h:23:
praat.github.io/sys/Thing.h:77:9: warning: struct 'structThing' was previously declared as a class; this is valid, but may result in linker errors under the Microsoft C++ ABI [-Wmismatched-tags]
   77 | typedef struct structThing *Thing;   // we need an explicit "struct" here, because this is a forward declaration
      |         ^
praat.github.io/melder/MelderArg.h:21:15: note: previous use is here
   21 | typedef class structThing *Thing;   // forward declaration
      |               ^
In file included from num_distance_simd.cpp:6:
In file included from ./praat.github.io/dwsys/NUM2.h:21:
In file included from ./praat.github.io/dwsys/ExtendedReal.h:37:
In file included from praat.github.io/sys/Data.h:23:
praat.github.io/sys/Thing.h:78:9: warning: struct 'structThing' was previously declared as a class; this is valid, but may result in linker errors under the Microsoft C++ ABI [-Wmismatched-tags]
   78 | typedef struct structThing *mutableThing;
      |         ^
praat.github.io/melder/MelderArg.h:21:15: note: previous use is here
   21 | typedef class structThing *Thing;   // forward declaration
      |               ^
In file included from num_distance_simd.cpp:6:
In file included from ./praat.github.io/dwsys/NUM2.h:21:
In file included from ./praat.github.io/dwsys/ExtendedReal.h:37:
In file included from praat.github.io/sys/Data.h:23:
praat.github.io/sys/Thing.h:79:15: warning: struct 'structThing' was previously declared as a class; this is valid, but may result in linker errors under the Microsoft C++ ABI [-Wmismatched-tags]
   79 | typedef const struct structThing *constThing;
      |               ^
praat.github.io/melder/MelderArg.h:21:15: note: previous use is here
   21 | typedef class structThing *Thing;   // forward declaration
      |               ^
In file included from num_distance_simd.cpp:6:
In file included from ./praat.github.io/dwsys/NUM2.h:21:
In file included from ./praat.github.io/dwsys/ExtendedReal.h:37:
In file included from praat.github.io/sys/Data.h:23:
praat.github.io/sys/Thing.h:82:1: warning: 'structThing' defined as a struct here but previously declared as a class; this is valid, but may result in linker errors under the Microsoft C++ ABI [-Wmismatched-tags]
   82 | struct structThing {
      | ^
praat.github.io/melder/MelderArg.h:21:9: note: did you mean struct here?
   21 | typedef class structThing *Thing;   // forward declaration
      |         ^~~~~
      |         struct
num_distance_simd.cpp:118:8: warning: unused function 'mahalanobis_distance_squared_scalar' [-Wunused-function]
  118 | double mahalanobis_distance_squared_scalar(constMAT const& lowerInverse, constVEC const& v) {
      |        ^~~~~~~~~~~~~~~~~~~~~~~~~~~~~~~~~~~
16 warnings generated.
clang++ -arch arm64 -std=gnu++17 -I"/Library/Frameworks/R.framework/Resources/include" -DNDEBUG -DHAVE_XSIMD -I. -Igsl-2.8 -Igsl-2.8/gsl -Ipraat.github.io -Ipraat.github.io/kar -Ipraat.github.io/melder -Ipraat.github.io/sys -Ipraat.github.io/dwsys -Ipraat.github.io/dwtools -Ipraat.github.io/stat -Ipraat.github.io/fon -Ipraat.github.io/foned -Ipraat.github.io/LPC -Ipraat.github.io/sensors -Ipraat.github.io/external/portaudio -Ipraat.github.io/external/flac -Ipraat.github.io/external/mp3 -Ipraat.github.io/external/espeak -Ipraat.github.io/external/gsl -Ipraat/external/gsl -Ipraat.github.io/external/glpk -Ipraat/external/glpk -Ipraat.github.io/external/num -Ipraat/external/num -Iclapack/INCLUDE -I'/Library/Frameworks/R.framework/Versions/4.4-arm64/Resources/library/Rcpp/include' -I'/Library/Frameworks/R.framework/Versions/4.4-arm64/Resources/library/RcppXsimd/include' -I/opt/R/arm64/include -I/opt/homebrew/opt/libomp/include -Xclang -fopenmp   -DPRAAT_LIB -DNO_GUI -DNO_AUDIO -DNO_GRAPHICS -DNO_NETWORK -DUNIX -pthread -ffp-contract=off -Wno-unused-parameter -Wno-sign-compare -Wno-unused-variable -Wno-deprecated-declarations -Wno-trigraphs -Wno-logical-op-parentheses -Wno-shift-op-parentheses -Wno-mismatched-tags -Wno-unused-const-variable -Wno-c++11-narrowing -march=armv8-a+simd -fPIC  -falign-functions=64 -Wall -g -O2   -c sound_convolution_simd.cpp -o sound_convolution_simd.o
In file included from sound_convolution_simd.cpp:6:
In file included from ./praat.github.io/fon/Sound.h:23:
In file included from ./praat.github.io/fon/Vector.h:24:
In file included from ./praat.github.io/fon/Matrix.h:21:
In file included from ./praat.github.io/fon/SampledXY.h:21:
In file included from ./praat.github.io/fon/Sampled.h:22:
In file included from ./praat.github.io/fon/Function.h:21:
In file included from praat.github.io/sys/Collection.h:25:
In file included from praat.github.io/sys/Simple.h:21:
In file included from praat.github.io/sys/Data.h:23:
In file included from praat.github.io/sys/Thing.h:24:
In file included from praat.github.io/melder/melder.h:76:
praat.github.io/melder/melder_tensor.h:64:1: warning: 'vector' defined as a struct template here but previously declared as a class template; this is valid, but may result in linker errors under the Microsoft C++ ABI [-Wmismatched-tags]
   64 | struct vector {
      | ^
praat.github.io/melder/melder_tensor.h:52:23: note: did you mean struct here?
   52 | template <typename T> class vector;
      |                       ^~~~~
      |                       struct
praat.github.io/melder/melder_tensor.h:104:1: warning: 'constvector' defined as a struct template here but previously declared as a class template; this is valid, but may result in linker errors under the Microsoft C++ ABI [-Wmismatched-tags]
  104 | struct constvector {
      | ^
praat.github.io/melder/melder_tensor.h:53:23: note: did you mean struct here?
   53 | template <typename T> class constvector;
      |                       ^~~~~
      |                       struct
praat.github.io/melder/melder_tensor.h:137:1: warning: 'vectorview' defined as a struct template here but previously declared as a class template; this is valid, but may result in linker errors under the Microsoft C++ ABI [-Wmismatched-tags]
  137 | struct vectorview {
      | ^
praat.github.io/melder/melder_tensor.h:54:23: note: did you mean struct here?
   54 | template <typename T> class vectorview;
      |                       ^~~~~
      |                       struct
praat.github.io/melder/melder_tensor.h:167:1: warning: 'constvectorview' defined as a struct template here but previously declared as a class template; this is valid, but may result in linker errors under the Microsoft C++ ABI [-Wmismatched-tags]
  167 | struct constvectorview {
      | ^
praat.github.io/melder/melder_tensor.h:55:23: note: did you mean struct here?
   55 | template <typename T> class constvectorview;
      |                       ^~~~~
      |                       struct
praat.github.io/melder/melder_tensor.h:207:1: warning: 'autovector' defined as a struct template here but previously declared as a class template; this is valid, but may result in linker errors under the Microsoft C++ ABI [-Wmismatched-tags]
  207 | struct autovector {
      | ^
praat.github.io/melder/melder_tensor.h:56:23: note: did you mean struct here?
   56 | template <typename T> class autovector;
      |                       ^~~~~
      |                       struct
praat.github.io/melder/melder_tensor.h:388:1: warning: 'matrix' defined as a struct template here but previously declared as a class template; this is valid, but may result in linker errors under the Microsoft C++ ABI [-Wmismatched-tags]
  388 | struct matrix {
      | ^
praat.github.io/melder/melder_tensor.h:57:23: note: did you mean struct here?
   57 | template <typename T> class matrix;
      |                       ^~~~~
      |                       struct
praat.github.io/melder/melder_tensor.h:461:1: warning: 'constmatrix' defined as a struct template here but previously declared as a class template; this is valid, but may result in linker errors under the Microsoft C++ ABI [-Wmismatched-tags]
  461 | struct constmatrix {
      | ^
praat.github.io/melder/melder_tensor.h:58:23: note: did you mean struct here?
   58 | template <typename T> class constmatrix;
      |                       ^~~~~
      |                       struct
praat.github.io/melder/melder_tensor.h:532:1: warning: 'matrixview' defined as a struct template here but previously declared as a class template; this is valid, but may result in linker errors under the Microsoft C++ ABI [-Wmismatched-tags]
  532 | struct matrixview {
      | ^
praat.github.io/melder/melder_tensor.h:59:23: note: did you mean struct here?
   59 | template <typename T> class matrixview;
      |                       ^~~~~
      |                       struct
praat.github.io/melder/melder_tensor.h:612:1: warning: 'constmatrixview' defined as a struct template here but previously declared as a class template; this is valid, but may result in linker errors under the Microsoft C++ ABI [-Wmismatched-tags]
  612 | struct constmatrixview {
      | ^
praat.github.io/melder/melder_tensor.h:60:23: note: did you mean struct here?
   60 | template <typename T> class constmatrixview;
      |                       ^~~~~
      |                       struct
praat.github.io/melder/melder_tensor.h:683:1: warning: 'automatrix' defined as a struct template here but previously declared as a class template; this is valid, but may result in linker errors under the Microsoft C++ ABI [-Wmismatched-tags]
  683 | struct automatrix {
      | ^
praat.github.io/melder/melder_tensor.h:61:23: note: did you mean struct here?
   61 | template <typename T> class automatrix;
      |                       ^~~~~
      |                       struct
praat.github.io/melder/melder_tensor.h:703:18: warning: unused variable 'numberOfColumnsInThisRow' [-Wunused-variable]
  703 |                         const integer numberOfColumnsInThisRow = uinteger_to_integer_a (row.size());
      |                                       ^~~~~~~~~~~~~~~~~~~~~~~~
In file included from sound_convolution_simd.cpp:6:
In file included from ./praat.github.io/fon/Sound.h:23:
In file included from ./praat.github.io/fon/Vector.h:24:
In file included from ./praat.github.io/fon/Matrix.h:21:
In file included from ./praat.github.io/fon/SampledXY.h:21:
In file included from ./praat.github.io/fon/Sampled.h:22:
In file included from ./praat.github.io/fon/Function.h:21:
In file included from praat.github.io/sys/Collection.h:25:
In file included from praat.github.io/sys/Simple.h:21:
In file included from praat.github.io/sys/Data.h:23:
praat.github.io/sys/Thing.h:77:9: warning: struct 'structThing' was previously declared as a class; this is valid, but may result in linker errors under the Microsoft C++ ABI [-Wmismatched-tags]
   77 | typedef struct structThing *Thing;   // we need an explicit "struct" here, because this is a forward declaration
      |         ^
praat.github.io/melder/MelderArg.h:21:15: note: previous use is here
   21 | typedef class structThing *Thing;   // forward declaration
      |               ^
In file included from sound_convolution_simd.cpp:6:
In file included from ./praat.github.io/fon/Sound.h:23:
In file included from ./praat.github.io/fon/Vector.h:24:
In file included from ./praat.github.io/fon/Matrix.h:21:
In file included from ./praat.github.io/fon/SampledXY.h:21:
In file included from ./praat.github.io/fon/Sampled.h:22:
In file included from ./praat.github.io/fon/Function.h:21:
In file included from praat.github.io/sys/Collection.h:25:
In file included from praat.github.io/sys/Simple.h:21:
In file included from praat.github.io/sys/Data.h:23:
praat.github.io/sys/Thing.h:78:9: warning: struct 'structThing' was previously declared as a class; this is valid, but may result in linker errors under the Microsoft C++ ABI [-Wmismatched-tags]
   78 | typedef struct structThing *mutableThing;
      |         ^
praat.github.io/melder/MelderArg.h:21:15: note: previous use is here
   21 | typedef class structThing *Thing;   // forward declaration
      |               ^
In file included from sound_convolution_simd.cpp:6:
In file included from ./praat.github.io/fon/Sound.h:23:
In file included from ./praat.github.io/fon/Vector.h:24:
In file included from ./praat.github.io/fon/Matrix.h:21:
In file included from ./praat.github.io/fon/SampledXY.h:21:
In file included from ./praat.github.io/fon/Sampled.h:22:
In file included from ./praat.github.io/fon/Function.h:21:
In file included from praat.github.io/sys/Collection.h:25:
In file included from praat.github.io/sys/Simple.h:21:
In file included from praat.github.io/sys/Data.h:23:
praat.github.io/sys/Thing.h:79:15: warning: struct 'structThing' was previously declared as a class; this is valid, but may result in linker errors under the Microsoft C++ ABI [-Wmismatched-tags]
   79 | typedef const struct structThing *constThing;
      |               ^
praat.github.io/melder/MelderArg.h:21:15: note: previous use is here
   21 | typedef class structThing *Thing;   // forward declaration
      |               ^
In file included from sound_convolution_simd.cpp:6:
In file included from ./praat.github.io/fon/Sound.h:23:
In file included from ./praat.github.io/fon/Vector.h:24:
In file included from ./praat.github.io/fon/Matrix.h:21:
In file included from ./praat.github.io/fon/SampledXY.h:21:
In file included from ./praat.github.io/fon/Sampled.h:22:
In file included from ./praat.github.io/fon/Function.h:21:
In file included from praat.github.io/sys/Collection.h:25:
In file included from praat.github.io/sys/Simple.h:21:
In file included from praat.github.io/sys/Data.h:23:
praat.github.io/sys/Thing.h:82:1: warning: 'structThing' defined as a struct here but previously declared as a class; this is valid, but may result in linker errors under the Microsoft C++ ABI [-Wmismatched-tags]
   82 | struct structThing {
      | ^
praat.github.io/melder/MelderArg.h:21:9: note: did you mean struct here?
   21 | typedef class structThing *Thing;   // forward declaration
      |         ^~~~~
      |         struct
In file included from sound_convolution_simd.cpp:6:
In file included from ./praat.github.io/fon/Sound.h:23:
In file included from ./praat.github.io/fon/Vector.h:24:
In file included from ./praat.github.io/fon/Matrix.h:21:
In file included from ./praat.github.io/fon/SampledXY.h:21:
In file included from ./praat.github.io/fon/Sampled.h:23:
praat.github.io/sys/Graphics.h:42:1: warning: struct 'structGraphics' was previously declared as a class; this is valid, but may result in linker errors under the Microsoft C++ ABI [-Wmismatched-tags]
   42 | Thing_define (Graphics, Thing) {
      | ^
praat.github.io/sys/Thing.h:60:2: note: expanded from macro 'Thing_define'
   60 |         Thing_declare (klas); \
      |         ^
praat.github.io/sys/Thing.h:52:10: note: expanded from macro 'Thing_declare'
   52 |         typedef struct struct##klas *klas; \
      |                 ^
praat.github.io/melder/melder_progress.h:143:15: note: previous use is here
  143 | typedef class structGraphics *Graphics;
      |               ^
In file included from sound_convolution_simd.cpp:6:
In file included from ./praat.github.io/fon/Sound.h:23:
In file included from ./praat.github.io/fon/Vector.h:24:
In file included from ./praat.github.io/fon/Matrix.h:21:
In file included from ./praat.github.io/fon/SampledXY.h:21:
In file included from ./praat.github.io/fon/Sampled.h:23:
praat.github.io/sys/Graphics.h:42:1: warning: struct 'structGraphics' was previously declared as a class; this is valid, but may result in linker errors under the Microsoft C++ ABI [-Wmismatched-tags]
   42 | Thing_define (Graphics, Thing) {
      | ^
praat.github.io/sys/Thing.h:60:2: note: expanded from macro 'Thing_define'
   60 |         Thing_declare (klas); \
      |         ^
praat.github.io/sys/Thing.h:53:10: note: expanded from macro 'Thing_declare'
   53 |         typedef struct struct##klas *mutable##klas; \
      |                 ^
praat.github.io/melder/melder_progress.h:143:15: note: previous use is here
  143 | typedef class structGraphics *Graphics;
      |               ^
In file included from sound_convolution_simd.cpp:6:
In file included from ./praat.github.io/fon/Sound.h:23:
In file included from ./praat.github.io/fon/Vector.h:24:
In file included from ./praat.github.io/fon/Matrix.h:21:
In file included from ./praat.github.io/fon/SampledXY.h:21:
In file included from ./praat.github.io/fon/Sampled.h:23:
praat.github.io/sys/Graphics.h:42:1: warning: struct 'structGraphics' was previously declared as a class; this is valid, but may result in linker errors under the Microsoft C++ ABI [-Wmismatched-tags]
   42 | Thing_define (Graphics, Thing) {
      | ^
praat.github.io/sys/Thing.h:60:2: note: expanded from macro 'Thing_define'
   60 |         Thing_declare (klas); \
      |         ^
praat.github.io/sys/Thing.h:54:16: note: expanded from macro 'Thing_declare'
   54 |         typedef const struct struct##klas *const##klas; \
      |                       ^
praat.github.io/melder/melder_progress.h:143:15: note: previous use is here
  143 | typedef class structGraphics *Graphics;
      |               ^
In file included from sound_convolution_simd.cpp:6:
In file included from ./praat.github.io/fon/Sound.h:23:
In file included from ./praat.github.io/fon/Vector.h:24:
In file included from ./praat.github.io/fon/Matrix.h:21:
In file included from ./praat.github.io/fon/SampledXY.h:21:
In file included from ./praat.github.io/fon/Sampled.h:23:
praat.github.io/sys/Graphics.h:42:1: warning: 'structGraphics' defined as a struct here but previously declared as a class; this is valid, but may result in linker errors under the Microsoft C++ ABI [-Wmismatched-tags]
   42 | Thing_define (Graphics, Thing) {
      | ^
praat.github.io/sys/Thing.h:62:2: note: expanded from macro 'Thing_define'
   62 |         struct struct##klas : public struct##syntacticParentKlas
      |         ^
praat.github.io/melder/melder_progress.h:143:9: note: did you mean struct here?
  143 | typedef class structGraphics *Graphics;
      |         ^~~~~
      |         struct
19 warnings generated.
clang++ -arch arm64 -std=gnu++17 -I"/Library/Frameworks/R.framework/Resources/include" -DNDEBUG -DHAVE_XSIMD -I. -Igsl-2.8 -Igsl-2.8/gsl -Ipraat.github.io -Ipraat.github.io/kar -Ipraat.github.io/melder -Ipraat.github.io/sys -Ipraat.github.io/dwsys -Ipraat.github.io/dwtools -Ipraat.github.io/stat -Ipraat.github.io/fon -Ipraat.github.io/foned -Ipraat.github.io/LPC -Ipraat.github.io/sensors -Ipraat.github.io/external/portaudio -Ipraat.github.io/external/flac -Ipraat.github.io/external/mp3 -Ipraat.github.io/external/espeak -Ipraat.github.io/external/gsl -Ipraat/external/gsl -Ipraat.github.io/external/glpk -Ipraat/external/glpk -Ipraat.github.io/external/num -Ipraat/external/num -Iclapack/INCLUDE -I'/Library/Frameworks/R.framework/Versions/4.4-arm64/Resources/library/Rcpp/include' -I'/Library/Frameworks/R.framework/Versions/4.4-arm64/Resources/library/RcppXsimd/include' -I/opt/R/arm64/include -I/opt/homebrew/opt/libomp/include -Xclang -fopenmp   -DPRAAT_LIB -DNO_GUI -DNO_AUDIO -DNO_GRAPHICS -DNO_NETWORK -DUNIX -pthread -ffp-contract=off -Wno-unused-parameter -Wno-sign-compare -Wno-unused-variable -Wno-deprecated-declarations -Wno-trigraphs -Wno-logical-op-parentheses -Wno-shift-op-parentheses -Wno-mismatched-tags -Wno-unused-const-variable -Wno-c++11-narrowing -march=armv8-a+simd -fPIC  -falign-functions=64 -Wall -g -O2   -c pitch_processing_simd.cpp -o pitch_processing_simd.o
In file included from pitch_processing_simd.cpp:6:
In file included from ./praat.github.io/fon/Pitch.h:21:
In file included from ./praat.github.io/fon/Sampled.h:22:
In file included from ./praat.github.io/fon/Function.h:21:
In file included from praat.github.io/sys/Collection.h:25:
In file included from praat.github.io/sys/Simple.h:21:
In file included from praat.github.io/sys/Data.h:23:
In file included from praat.github.io/sys/Thing.h:24:
In file included from praat.github.io/melder/melder.h:76:
praat.github.io/melder/melder_tensor.h:64:1: warning: 'vector' defined as a struct template here but previously declared as a class template; this is valid, but may result in linker errors under the Microsoft C++ ABI [-Wmismatched-tags]
   64 | struct vector {
      | ^
praat.github.io/melder/melder_tensor.h:52:23: note: did you mean struct here?
   52 | template <typename T> class vector;
      |                       ^~~~~
      |                       struct
praat.github.io/melder/melder_tensor.h:104:1: warning: 'constvector' defined as a struct template here but previously declared as a class template; this is valid, but may result in linker errors under the Microsoft C++ ABI [-Wmismatched-tags]
  104 | struct constvector {
      | ^
praat.github.io/melder/melder_tensor.h:53:23: note: did you mean struct here?
   53 | template <typename T> class constvector;
      |                       ^~~~~
      |                       struct
praat.github.io/melder/melder_tensor.h:137:1: warning: 'vectorview' defined as a struct template here but previously declared as a class template; this is valid, but may result in linker errors under the Microsoft C++ ABI [-Wmismatched-tags]
  137 | struct vectorview {
      | ^
praat.github.io/melder/melder_tensor.h:54:23: note: did you mean struct here?
   54 | template <typename T> class vectorview;
      |                       ^~~~~
      |                       struct
praat.github.io/melder/melder_tensor.h:167:1: warning: 'constvectorview' defined as a struct template here but previously declared as a class template; this is valid, but may result in linker errors under the Microsoft C++ ABI [-Wmismatched-tags]
  167 | struct constvectorview {
      | ^
praat.github.io/melder/melder_tensor.h:55:23: note: did you mean struct here?
   55 | template <typename T> class constvectorview;
      |                       ^~~~~
      |                       struct
praat.github.io/melder/melder_tensor.h:207:1: warning: 'autovector' defined as a struct template here but previously declared as a class template; this is valid, but may result in linker errors under the Microsoft C++ ABI [-Wmismatched-tags]
  207 | struct autovector {
      | ^
praat.github.io/melder/melder_tensor.h:56:23: note: did you mean struct here?
   56 | template <typename T> class autovector;
      |                       ^~~~~
      |                       struct
praat.github.io/melder/melder_tensor.h:388:1: warning: 'matrix' defined as a struct template here but previously declared as a class template; this is valid, but may result in linker errors under the Microsoft C++ ABI [-Wmismatched-tags]
  388 | struct matrix {
      | ^
praat.github.io/melder/melder_tensor.h:57:23: note: did you mean struct here?
   57 | template <typename T> class matrix;
      |                       ^~~~~
      |                       struct
praat.github.io/melder/melder_tensor.h:461:1: warning: 'constmatrix' defined as a struct template here but previously declared as a class template; this is valid, but may result in linker errors under the Microsoft C++ ABI [-Wmismatched-tags]
  461 | struct constmatrix {
      | ^
praat.github.io/melder/melder_tensor.h:58:23: note: did you mean struct here?
   58 | template <typename T> class constmatrix;
      |                       ^~~~~
      |                       struct
praat.github.io/melder/melder_tensor.h:532:1: warning: 'matrixview' defined as a struct template here but previously declared as a class template; this is valid, but may result in linker errors under the Microsoft C++ ABI [-Wmismatched-tags]
  532 | struct matrixview {
      | ^
praat.github.io/melder/melder_tensor.h:59:23: note: did you mean struct here?
   59 | template <typename T> class matrixview;
      |                       ^~~~~
      |                       struct
praat.github.io/melder/melder_tensor.h:612:1: warning: 'constmatrixview' defined as a struct template here but previously declared as a class template; this is valid, but may result in linker errors under the Microsoft C++ ABI [-Wmismatched-tags]
  612 | struct constmatrixview {
      | ^
praat.github.io/melder/melder_tensor.h:60:23: note: did you mean struct here?
   60 | template <typename T> class constmatrixview;
      |                       ^~~~~
      |                       struct
praat.github.io/melder/melder_tensor.h:683:1: warning: 'automatrix' defined as a struct template here but previously declared as a class template; this is valid, but may result in linker errors under the Microsoft C++ ABI [-Wmismatched-tags]
  683 | struct automatrix {
      | ^
praat.github.io/melder/melder_tensor.h:61:23: note: did you mean struct here?
   61 | template <typename T> class automatrix;
      |                       ^~~~~
      |                       struct
praat.github.io/melder/melder_tensor.h:703:18: warning: unused variable 'numberOfColumnsInThisRow' [-Wunused-variable]
  703 |                         const integer numberOfColumnsInThisRow = uinteger_to_integer_a (row.size());
      |                                       ^~~~~~~~~~~~~~~~~~~~~~~~
In file included from pitch_processing_simd.cpp:6:
In file included from ./praat.github.io/fon/Pitch.h:21:
In file included from ./praat.github.io/fon/Sampled.h:22:
In file included from ./praat.github.io/fon/Function.h:21:
In file included from praat.github.io/sys/Collection.h:25:
In file included from praat.github.io/sys/Simple.h:21:
In file included from praat.github.io/sys/Data.h:23:
praat.github.io/sys/Thing.h:77:9: warning: struct 'structThing' was previously declared as a class; this is valid, but may result in linker errors under the Microsoft C++ ABI [-Wmismatched-tags]
   77 | typedef struct structThing *Thing;   // we need an explicit "struct" here, because this is a forward declaration
      |         ^
praat.github.io/melder/MelderArg.h:21:15: note: previous use is here
   21 | typedef class structThing *Thing;   // forward declaration
      |               ^
In file included from pitch_processing_simd.cpp:6:
In file included from ./praat.github.io/fon/Pitch.h:21:
In file included from ./praat.github.io/fon/Sampled.h:22:
In file included from ./praat.github.io/fon/Function.h:21:
In file included from praat.github.io/sys/Collection.h:25:
In file included from praat.github.io/sys/Simple.h:21:
In file included from praat.github.io/sys/Data.h:23:
praat.github.io/sys/Thing.h:78:9: warning: struct 'structThing' was previously declared as a class; this is valid, but may result in linker errors under the Microsoft C++ ABI [-Wmismatched-tags]
   78 | typedef struct structThing *mutableThing;
      |         ^
praat.github.io/melder/MelderArg.h:21:15: note: previous use is here
   21 | typedef class structThing *Thing;   // forward declaration
      |               ^
In file included from pitch_processing_simd.cpp:6:
In file included from ./praat.github.io/fon/Pitch.h:21:
In file included from ./praat.github.io/fon/Sampled.h:22:
In file included from ./praat.github.io/fon/Function.h:21:
In file included from praat.github.io/sys/Collection.h:25:
In file included from praat.github.io/sys/Simple.h:21:
In file included from praat.github.io/sys/Data.h:23:
praat.github.io/sys/Thing.h:79:15: warning: struct 'structThing' was previously declared as a class; this is valid, but may result in linker errors under the Microsoft C++ ABI [-Wmismatched-tags]
   79 | typedef const struct structThing *constThing;
      |               ^
praat.github.io/melder/MelderArg.h:21:15: note: previous use is here
   21 | typedef class structThing *Thing;   // forward declaration
      |               ^
In file included from pitch_processing_simd.cpp:6:
In file included from ./praat.github.io/fon/Pitch.h:21:
In file included from ./praat.github.io/fon/Sampled.h:22:
In file included from ./praat.github.io/fon/Function.h:21:
In file included from praat.github.io/sys/Collection.h:25:
In file included from praat.github.io/sys/Simple.h:21:
In file included from praat.github.io/sys/Data.h:23:
praat.github.io/sys/Thing.h:82:1: warning: 'structThing' defined as a struct here but previously declared as a class; this is valid, but may result in linker errors under the Microsoft C++ ABI [-Wmismatched-tags]
   82 | struct structThing {
      | ^
praat.github.io/melder/MelderArg.h:21:9: note: did you mean struct here?
   21 | typedef class structThing *Thing;   // forward declaration
      |         ^~~~~
      |         struct
In file included from pitch_processing_simd.cpp:6:
In file included from ./praat.github.io/fon/Pitch.h:21:
In file included from ./praat.github.io/fon/Sampled.h:23:
praat.github.io/sys/Graphics.h:42:1: warning: struct 'structGraphics' was previously declared as a class; this is valid, but may result in linker errors under the Microsoft C++ ABI [-Wmismatched-tags]
   42 | Thing_define (Graphics, Thing) {
      | ^
praat.github.io/sys/Thing.h:60:2: note: expanded from macro 'Thing_define'
   60 |         Thing_declare (klas); \
      |         ^
praat.github.io/sys/Thing.h:52:10: note: expanded from macro 'Thing_declare'
   52 |         typedef struct struct##klas *klas; \
      |                 ^
praat.github.io/melder/melder_progress.h:143:15: note: previous use is here
  143 | typedef class structGraphics *Graphics;
      |               ^
In file included from pitch_processing_simd.cpp:6:
In file included from ./praat.github.io/fon/Pitch.h:21:
In file included from ./praat.github.io/fon/Sampled.h:23:
praat.github.io/sys/Graphics.h:42:1: warning: struct 'structGraphics' was previously declared as a class; this is valid, but may result in linker errors under the Microsoft C++ ABI [-Wmismatched-tags]
   42 | Thing_define (Graphics, Thing) {
      | ^
praat.github.io/sys/Thing.h:60:2: note: expanded from macro 'Thing_define'
   60 |         Thing_declare (klas); \
      |         ^
praat.github.io/sys/Thing.h:53:10: note: expanded from macro 'Thing_declare'
   53 |         typedef struct struct##klas *mutable##klas; \
      |                 ^
praat.github.io/melder/melder_progress.h:143:15: note: previous use is here
  143 | typedef class structGraphics *Graphics;
      |               ^
In file included from pitch_processing_simd.cpp:6:
In file included from ./praat.github.io/fon/Pitch.h:21:
In file included from ./praat.github.io/fon/Sampled.h:23:
praat.github.io/sys/Graphics.h:42:1: warning: struct 'structGraphics' was previously declared as a class; this is valid, but may result in linker errors under the Microsoft C++ ABI [-Wmismatched-tags]
   42 | Thing_define (Graphics, Thing) {
      | ^
praat.github.io/sys/Thing.h:60:2: note: expanded from macro 'Thing_define'
   60 |         Thing_declare (klas); \
      |         ^
praat.github.io/sys/Thing.h:54:16: note: expanded from macro 'Thing_declare'
   54 |         typedef const struct struct##klas *const##klas; \
      |                       ^
praat.github.io/melder/melder_progress.h:143:15: note: previous use is here
  143 | typedef class structGraphics *Graphics;
      |               ^
In file included from pitch_processing_simd.cpp:6:
In file included from ./praat.github.io/fon/Pitch.h:21:
In file included from ./praat.github.io/fon/Sampled.h:23:
praat.github.io/sys/Graphics.h:42:1: warning: 'structGraphics' defined as a struct here but previously declared as a class; this is valid, but may result in linker errors under the Microsoft C++ ABI [-Wmismatched-tags]
   42 | Thing_define (Graphics, Thing) {
      | ^
praat.github.io/sys/Thing.h:62:2: note: expanded from macro 'Thing_define'
   62 |         struct struct##klas : public struct##syntacticParentKlas
      |         ^
praat.github.io/melder/melder_progress.h:143:9: note: did you mean struct here?
  143 | typedef class structGraphics *Graphics;
      |         ^~~~~
      |         struct
19 warnings generated.
clang++ -arch arm64 -std=gnu++17 -I"/Library/Frameworks/R.framework/Resources/include" -DNDEBUG -DHAVE_XSIMD -I. -Igsl-2.8 -Igsl-2.8/gsl -Ipraat.github.io -Ipraat.github.io/kar -Ipraat.github.io/melder -Ipraat.github.io/sys -Ipraat.github.io/dwsys -Ipraat.github.io/dwtools -Ipraat.github.io/stat -Ipraat.github.io/fon -Ipraat.github.io/foned -Ipraat.github.io/LPC -Ipraat.github.io/sensors -Ipraat.github.io/external/portaudio -Ipraat.github.io/external/flac -Ipraat.github.io/external/mp3 -Ipraat.github.io/external/espeak -Ipraat.github.io/external/gsl -Ipraat/external/gsl -Ipraat.github.io/external/glpk -Ipraat/external/glpk -Ipraat.github.io/external/num -Ipraat/external/num -Iclapack/INCLUDE -I'/Library/Frameworks/R.framework/Versions/4.4-arm64/Resources/library/Rcpp/include' -I'/Library/Frameworks/R.framework/Versions/4.4-arm64/Resources/library/RcppXsimd/include' -I/opt/R/arm64/include -I/opt/homebrew/opt/libomp/include -Xclang -fopenmp   -DPRAAT_LIB -DNO_GUI -DNO_AUDIO -DNO_GRAPHICS -DNO_NETWORK -DUNIX -pthread -ffp-contract=off -Wno-unused-parameter -Wno-sign-compare -Wno-unused-variable -Wno-deprecated-declarations -Wno-trigraphs -Wno-logical-op-parentheses -Wno-shift-op-parentheses -Wno-mismatched-tags -Wno-unused-const-variable -Wno-c++11-narrowing -march=armv8-a+simd -fPIC  -falign-functions=64 -Wall -g -O2   -c simd_info.cpp -o simd_info.o
clang++ -arch arm64 -std=gnu++17 -I"/Library/Frameworks/R.framework/Resources/include" -DNDEBUG -DHAVE_XSIMD -I. -Igsl-2.8 -Igsl-2.8/gsl -Ipraat.github.io -Ipraat.github.io/kar -Ipraat.github.io/melder -Ipraat.github.io/sys -Ipraat.github.io/dwsys -Ipraat.github.io/dwtools -Ipraat.github.io/stat -Ipraat.github.io/fon -Ipraat.github.io/foned -Ipraat.github.io/LPC -Ipraat.github.io/sensors -Ipraat.github.io/external/portaudio -Ipraat.github.io/external/flac -Ipraat.github.io/external/mp3 -Ipraat.github.io/external/espeak -Ipraat.github.io/external/gsl -Ipraat/external/gsl -Ipraat.github.io/external/glpk -Ipraat/external/glpk -Ipraat.github.io/external/num -Ipraat/external/num -Iclapack/INCLUDE -I'/Library/Frameworks/R.framework/Versions/4.4-arm64/Resources/library/Rcpp/include' -I'/Library/Frameworks/R.framework/Versions/4.4-arm64/Resources/library/RcppXsimd/include' -I/opt/R/arm64/include -I/opt/homebrew/opt/libomp/include -Xclang -fopenmp   -DPRAAT_LIB -DNO_GUI -DNO_AUDIO -DNO_GRAPHICS -DNO_NETWORK -DUNIX -pthread -ffp-contract=off -Wno-unused-parameter -Wno-sign-compare -Wno-unused-variable -Wno-deprecated-declarations -Wno-trigraphs -Wno-logical-op-parentheses -Wno-shift-op-parentheses -Wno-mismatched-tags -Wno-unused-const-variable -Wno-c++11-narrowing -march=armv8-a+simd -fPIC  -falign-functions=64 -Wall -g -O2   -c flac_stubs.cpp -o flac_stubs.o
clang++ -arch arm64 -std=gnu++17 -I"/Library/Frameworks/R.framework/Resources/include" -DNDEBUG -DHAVE_XSIMD -I. -Igsl-2.8 -Igsl-2.8/gsl -Ipraat.github.io -Ipraat.github.io/kar -Ipraat.github.io/melder -Ipraat.github.io/sys -Ipraat.github.io/dwsys -Ipraat.github.io/dwtools -Ipraat.github.io/stat -Ipraat.github.io/fon -Ipraat.github.io/foned -Ipraat.github.io/LPC -Ipraat.github.io/sensors -Ipraat.github.io/external/portaudio -Ipraat.github.io/external/flac -Ipraat.github.io/external/mp3 -Ipraat.github.io/external/espeak -Ipraat.github.io/external/gsl -Ipraat/external/gsl -Ipraat.github.io/external/glpk -Ipraat/external/glpk -Ipraat.github.io/external/num -Ipraat/external/num -Iclapack/INCLUDE -I'/Library/Frameworks/R.framework/Versions/4.4-arm64/Resources/library/Rcpp/include' -I'/Library/Frameworks/R.framework/Versions/4.4-arm64/Resources/library/RcppXsimd/include' -I/opt/R/arm64/include -I/opt/homebrew/opt/libomp/include -Xclang -fopenmp   -DPRAAT_LIB -DNO_GUI -DNO_AUDIO -DNO_GRAPHICS -DNO_NETWORK -DUNIX -pthread -ffp-contract=off -Wno-unused-parameter -Wno-sign-compare -Wno-unused-variable -Wno-deprecated-declarations -Wno-trigraphs -Wno-logical-op-parentheses -Wno-shift-op-parentheses -Wno-mismatched-tags -Wno-unused-const-variable -Wno-c++11-narrowing -march=armv8-a+simd -fPIC  -falign-functions=64 -Wall -g -O2   -c sound_audio_stubs.cpp -o sound_audio_stubs.o
In file included from sound_audio_stubs.cpp:6:
In file included from ./praat.github.io/fon/Sound.h:23:
In file included from ./praat.github.io/fon/Vector.h:24:
In file included from ./praat.github.io/fon/Matrix.h:21:
In file included from ./praat.github.io/fon/SampledXY.h:21:
In file included from ./praat.github.io/fon/Sampled.h:22:
In file included from ./praat.github.io/fon/Function.h:21:
In file included from praat.github.io/sys/Collection.h:25:
In file included from praat.github.io/sys/Simple.h:21:
In file included from praat.github.io/sys/Data.h:23:
In file included from praat.github.io/sys/Thing.h:24:
In file included from praat.github.io/melder/melder.h:76:
praat.github.io/melder/melder_tensor.h:64:1: warning: 'vector' defined as a struct template here but previously declared as a class template; this is valid, but may result in linker errors under the Microsoft C++ ABI [-Wmismatched-tags]
   64 | struct vector {
      | ^
praat.github.io/melder/melder_tensor.h:52:23: note: did you mean struct here?
   52 | template <typename T> class vector;
      |                       ^~~~~
      |                       struct
praat.github.io/melder/melder_tensor.h:104:1: warning: 'constvector' defined as a struct template here but previously declared as a class template; this is valid, but may result in linker errors under the Microsoft C++ ABI [-Wmismatched-tags]
  104 | struct constvector {
      | ^
praat.github.io/melder/melder_tensor.h:53:23: note: did you mean struct here?
   53 | template <typename T> class constvector;
      |                       ^~~~~
      |                       struct
praat.github.io/melder/melder_tensor.h:137:1: warning: 'vectorview' defined as a struct template here but previously declared as a class template; this is valid, but may result in linker errors under the Microsoft C++ ABI [-Wmismatched-tags]
  137 | struct vectorview {
      | ^
praat.github.io/melder/melder_tensor.h:54:23: note: did you mean struct here?
   54 | template <typename T> class vectorview;
      |                       ^~~~~
      |                       struct
praat.github.io/melder/melder_tensor.h:167:1: warning: 'constvectorview' defined as a struct template here but previously declared as a class template; this is valid, but may result in linker errors under the Microsoft C++ ABI [-Wmismatched-tags]
  167 | struct constvectorview {
      | ^
praat.github.io/melder/melder_tensor.h:55:23: note: did you mean struct here?
   55 | template <typename T> class constvectorview;
      |                       ^~~~~
      |                       struct
praat.github.io/melder/melder_tensor.h:207:1: warning: 'autovector' defined as a struct template here but previously declared as a class template; this is valid, but may result in linker errors under the Microsoft C++ ABI [-Wmismatched-tags]
  207 | struct autovector {
      | ^
praat.github.io/melder/melder_tensor.h:56:23: note: did you mean struct here?
   56 | template <typename T> class autovector;
      |                       ^~~~~
      |                       struct
praat.github.io/melder/melder_tensor.h:388:1: warning: 'matrix' defined as a struct template here but previously declared as a class template; this is valid, but may result in linker errors under the Microsoft C++ ABI [-Wmismatched-tags]
  388 | struct matrix {
      | ^
praat.github.io/melder/melder_tensor.h:57:23: note: did you mean struct here?
   57 | template <typename T> class matrix;
      |                       ^~~~~
      |                       struct
praat.github.io/melder/melder_tensor.h:461:1: warning: 'constmatrix' defined as a struct template here but previously declared as a class template; this is valid, but may result in linker errors under the Microsoft C++ ABI [-Wmismatched-tags]
  461 | struct constmatrix {
      | ^
praat.github.io/melder/melder_tensor.h:58:23: note: did you mean struct here?
   58 | template <typename T> class constmatrix;
      |                       ^~~~~
      |                       struct
praat.github.io/melder/melder_tensor.h:532:1: warning: 'matrixview' defined as a struct template here but previously declared as a class template; this is valid, but may result in linker errors under the Microsoft C++ ABI [-Wmismatched-tags]
  532 | struct matrixview {
      | ^
praat.github.io/melder/melder_tensor.h:59:23: note: did you mean struct here?
   59 | template <typename T> class matrixview;
      |                       ^~~~~
      |                       struct
praat.github.io/melder/melder_tensor.h:612:1: warning: 'constmatrixview' defined as a struct template here but previously declared as a class template; this is valid, but may result in linker errors under the Microsoft C++ ABI [-Wmismatched-tags]
  612 | struct constmatrixview {
      | ^
praat.github.io/melder/melder_tensor.h:60:23: note: did you mean struct here?
   60 | template <typename T> class constmatrixview;
      |                       ^~~~~
      |                       struct
praat.github.io/melder/melder_tensor.h:683:1: warning: 'automatrix' defined as a struct template here but previously declared as a class template; this is valid, but may result in linker errors under the Microsoft C++ ABI [-Wmismatched-tags]
  683 | struct automatrix {
      | ^
praat.github.io/melder/melder_tensor.h:61:23: note: did you mean struct here?
   61 | template <typename T> class automatrix;
      |                       ^~~~~
      |                       struct
praat.github.io/melder/melder_tensor.h:703:18: warning: unused variable 'numberOfColumnsInThisRow' [-Wunused-variable]
  703 |                         const integer numberOfColumnsInThisRow = uinteger_to_integer_a (row.size());
      |                                       ^~~~~~~~~~~~~~~~~~~~~~~~
In file included from sound_audio_stubs.cpp:6:
In file included from ./praat.github.io/fon/Sound.h:23:
In file included from ./praat.github.io/fon/Vector.h:24:
In file included from ./praat.github.io/fon/Matrix.h:21:
In file included from ./praat.github.io/fon/SampledXY.h:21:
In file included from ./praat.github.io/fon/Sampled.h:22:
In file included from ./praat.github.io/fon/Function.h:21:
In file included from praat.github.io/sys/Collection.h:25:
In file included from praat.github.io/sys/Simple.h:21:
In file included from praat.github.io/sys/Data.h:23:
praat.github.io/sys/Thing.h:77:9: warning: struct 'structThing' was previously declared as a class; this is valid, but may result in linker errors under the Microsoft C++ ABI [-Wmismatched-tags]
   77 | typedef struct structThing *Thing;   // we need an explicit "struct" here, because this is a forward declaration
      |         ^
praat.github.io/melder/MelderArg.h:21:15: note: previous use is here
   21 | typedef class structThing *Thing;   // forward declaration
      |               ^
In file included from sound_audio_stubs.cpp:6:
In file included from ./praat.github.io/fon/Sound.h:23:
In file included from ./praat.github.io/fon/Vector.h:24:
In file included from ./praat.github.io/fon/Matrix.h:21:
In file included from ./praat.github.io/fon/SampledXY.h:21:
In file included from ./praat.github.io/fon/Sampled.h:22:
In file included from ./praat.github.io/fon/Function.h:21:
In file included from praat.github.io/sys/Collection.h:25:
In file included from praat.github.io/sys/Simple.h:21:
In file included from praat.github.io/sys/Data.h:23:
praat.github.io/sys/Thing.h:78:9: warning: struct 'structThing' was previously declared as a class; this is valid, but may result in linker errors under the Microsoft C++ ABI [-Wmismatched-tags]
   78 | typedef struct structThing *mutableThing;
      |         ^
praat.github.io/melder/MelderArg.h:21:15: note: previous use is here
   21 | typedef class structThing *Thing;   // forward declaration
      |               ^
In file included from sound_audio_stubs.cpp:6:
In file included from ./praat.github.io/fon/Sound.h:23:
In file included from ./praat.github.io/fon/Vector.h:24:
In file included from ./praat.github.io/fon/Matrix.h:21:
In file included from ./praat.github.io/fon/SampledXY.h:21:
In file included from ./praat.github.io/fon/Sampled.h:22:
In file included from ./praat.github.io/fon/Function.h:21:
In file included from praat.github.io/sys/Collection.h:25:
In file included from praat.github.io/sys/Simple.h:21:
In file included from praat.github.io/sys/Data.h:23:
praat.github.io/sys/Thing.h:79:15: warning: struct 'structThing' was previously declared as a class; this is valid, but may result in linker errors under the Microsoft C++ ABI [-Wmismatched-tags]
   79 | typedef const struct structThing *constThing;
      |               ^
praat.github.io/melder/MelderArg.h:21:15: note: previous use is here
   21 | typedef class structThing *Thing;   // forward declaration
      |               ^
In file included from sound_audio_stubs.cpp:6:
In file included from ./praat.github.io/fon/Sound.h:23:
In file included from ./praat.github.io/fon/Vector.h:24:
In file included from ./praat.github.io/fon/Matrix.h:21:
In file included from ./praat.github.io/fon/SampledXY.h:21:
In file included from ./praat.github.io/fon/Sampled.h:22:
In file included from ./praat.github.io/fon/Function.h:21:
In file included from praat.github.io/sys/Collection.h:25:
In file included from praat.github.io/sys/Simple.h:21:
In file included from praat.github.io/sys/Data.h:23:
praat.github.io/sys/Thing.h:82:1: warning: 'structThing' defined as a struct here but previously declared as a class; this is valid, but may result in linker errors under the Microsoft C++ ABI [-Wmismatched-tags]
   82 | struct structThing {
      | ^
praat.github.io/melder/MelderArg.h:21:9: note: did you mean struct here?
   21 | typedef class structThing *Thing;   // forward declaration
      |         ^~~~~
      |         struct
In file included from sound_audio_stubs.cpp:6:
In file included from ./praat.github.io/fon/Sound.h:23:
In file included from ./praat.github.io/fon/Vector.h:24:
In file included from ./praat.github.io/fon/Matrix.h:21:
In file included from ./praat.github.io/fon/SampledXY.h:21:
In file included from ./praat.github.io/fon/Sampled.h:23:
praat.github.io/sys/Graphics.h:42:1: warning: struct 'structGraphics' was previously declared as a class; this is valid, but may result in linker errors under the Microsoft C++ ABI [-Wmismatched-tags]
   42 | Thing_define (Graphics, Thing) {
      | ^
praat.github.io/sys/Thing.h:60:2: note: expanded from macro 'Thing_define'
   60 |         Thing_declare (klas); \
      |         ^
praat.github.io/sys/Thing.h:52:10: note: expanded from macro 'Thing_declare'
   52 |         typedef struct struct##klas *klas; \
      |                 ^
praat.github.io/melder/melder_progress.h:143:15: note: previous use is here
  143 | typedef class structGraphics *Graphics;
      |               ^
In file included from sound_audio_stubs.cpp:6:
In file included from ./praat.github.io/fon/Sound.h:23:
In file included from ./praat.github.io/fon/Vector.h:24:
In file included from ./praat.github.io/fon/Matrix.h:21:
In file included from ./praat.github.io/fon/SampledXY.h:21:
In file included from ./praat.github.io/fon/Sampled.h:23:
praat.github.io/sys/Graphics.h:42:1: warning: struct 'structGraphics' was previously declared as a class; this is valid, but may result in linker errors under the Microsoft C++ ABI [-Wmismatched-tags]
   42 | Thing_define (Graphics, Thing) {
      | ^
praat.github.io/sys/Thing.h:60:2: note: expanded from macro 'Thing_define'
   60 |         Thing_declare (klas); \
      |         ^
praat.github.io/sys/Thing.h:53:10: note: expanded from macro 'Thing_declare'
   53 |         typedef struct struct##klas *mutable##klas; \
      |                 ^
praat.github.io/melder/melder_progress.h:143:15: note: previous use is here
  143 | typedef class structGraphics *Graphics;
      |               ^
In file included from sound_audio_stubs.cpp:6:
In file included from ./praat.github.io/fon/Sound.h:23:
In file included from ./praat.github.io/fon/Vector.h:24:
In file included from ./praat.github.io/fon/Matrix.h:21:
In file included from ./praat.github.io/fon/SampledXY.h:21:
In file included from ./praat.github.io/fon/Sampled.h:23:
praat.github.io/sys/Graphics.h:42:1: warning: struct 'structGraphics' was previously declared as a class; this is valid, but may result in linker errors under the Microsoft C++ ABI [-Wmismatched-tags]
   42 | Thing_define (Graphics, Thing) {
      | ^
praat.github.io/sys/Thing.h:60:2: note: expanded from macro 'Thing_define'
   60 |         Thing_declare (klas); \
      |         ^
praat.github.io/sys/Thing.h:54:16: note: expanded from macro 'Thing_declare'
   54 |         typedef const struct struct##klas *const##klas; \
      |                       ^
praat.github.io/melder/melder_progress.h:143:15: note: previous use is here
  143 | typedef class structGraphics *Graphics;
      |               ^
In file included from sound_audio_stubs.cpp:6:
In file included from ./praat.github.io/fon/Sound.h:23:
In file included from ./praat.github.io/fon/Vector.h:24:
In file included from ./praat.github.io/fon/Matrix.h:21:
In file included from ./praat.github.io/fon/SampledXY.h:21:
In file included from ./praat.github.io/fon/Sampled.h:23:
praat.github.io/sys/Graphics.h:42:1: warning: 'structGraphics' defined as a struct here but previously declared as a class; this is valid, but may result in linker errors under the Microsoft C++ ABI [-Wmismatched-tags]
   42 | Thing_define (Graphics, Thing) {
      | ^
praat.github.io/sys/Thing.h:62:2: note: expanded from macro 'Thing_define'
   62 |         struct struct##klas : public struct##syntacticParentKlas
      |         ^
praat.github.io/melder/melder_progress.h:143:9: note: did you mean struct here?
  143 | typedef class structGraphics *Graphics;
      |         ^~~~~
      |         struct
sound_audio_stubs.cpp:34:24: warning: unused variable 'FLAC__StreamDecoderErrorStatusString' [-Wunused-const-variable]
   34 |     const char * const FLAC__StreamDecoderErrorStatusString[] = {
      |                        ^~~~~~~~~~~~~~~~~~~~~~~~~~~~~~~~~~~~
sound_audio_stubs.cpp:38:24: warning: unused variable 'FLAC__StreamDecoderInitStatusString' [-Wunused-const-variable]
   38 |     const char * const FLAC__StreamDecoderInitStatusString[] = {
      |                        ^~~~~~~~~~~~~~~~~~~~~~~~~~~~~~~~~~~
sound_audio_stubs.cpp:42:24: warning: unused variable 'FLAC__StreamEncoderInitStatusString' [-Wunused-const-variable]
   42 |     const char * const FLAC__StreamEncoderInitStatusString[] = {
      |                        ^~~~~~~~~~~~~~~~~~~~~~~~~~~~~~~~~~~
22 warnings generated.
clang++ -arch arm64 -std=gnu++17 -dynamiclib -Wl,-headerpad_max_install_names -undefined dynamic_lookup -L/Library/Frameworks/R.framework/Resources/lib -L/opt/R/arm64/lib -L/opt/homebrew/opt/libomp/lib -lomp -o pladdrr.so praat.github.io/kar/longchar.o praat.github.io/melder/melder.o praat.github.io/melder/melder_alloc.o praat.github.io/melder/melder_str32.o praat.github.io/melder/melder_colour.o praat.github.io/melder/melder_ftoa.o praat.github.io/melder/melder_console.o praat.github.io/melder/melder_textencoding.o praat.github.io/melder/melder_atof.o praat.github.io/melder/melder_files.o praat.github.io/melder/MelderFile.o praat.github.io/melder/melder_sort.o praat.github.io/melder/melder_debug.o praat.github.io/melder/MelderString.o praat.github.io/melder/melder_search.o praat.github.io/melder/melder_info.o praat.github.io/melder/melder_error.o praat.github.io/melder/melder_warning.o praat.github.io/melder/melder_progress.o praat.github.io/melder/melder_play.o praat.github.io/melder/melder_help.o praat.github.io/melder/melder_time.o praat.github.io/melder/melder_quantity.o praat.github.io/melder/MelderReadText.o praat.github.io/melder/melder_tensorio.o praat.github.io/melder/abcio.o praat.github.io/melder/melder_sysenv.o praat.github.io/melder/regularExp.o praat.github.io/melder/NUMmath.o praat.github.io/melder/NUMspecfunc.o praat.github.io/melder/NUMear.o praat.github.io/melder/NUMinterpol.o praat.github.io/melder/NUMmetrics.o praat.github.io/melder/NUMrandom.o praat.github.io/melder/NUMfilter.o praat.github.io/melder/NUM.o praat.github.io/melder/STR.o praat.github.io/melder/VEC.o praat.github.io/melder/MAT.o praat.github.io/melder/STRVEC.o praat.github.io/melder/MelderCat.o praat.github.io/melder/melder_casual.o praat.github.io/melder/melder_app.o praat.github.io/melder/complex.o praat.github.io/melder/melder_trust.o praat.github.io/melder/melder_audiofiles.o praat.github.io/sys/Thing.o praat.github.io/sys/Data.o praat.github.io/sys/Simple.o praat.github.io/sys/Collection.o praat.github.io/sys/Strings.o praat.github.io/sys/Formula.o praat.github.io/sys/Interpreter.o praat.github.io/sys/Script.o praat.github.io/dwsys/NUMFourier.o praat.github.io/dwsys/Polynomial.o praat.github.io/dwsys/Roots.o praat.github.io/dwsys/FunctionSeries.o praat.github.io/dwsys/Eigen.o praat.github.io/dwsys/SlopeSelector.o praat.github.io/dwsys/Permutation.o praat.github.io/dwsys/PermutationInversionCounter.o praat.github.io/dwsys/NUM2.o praat.github.io/dwsys/NUMhuber.o praat.github.io/dwsys/MAT_numerics.o praat.github.io/dwsys/NUMstring.o praat.github.io/dwsys/NUMmachar.o praat.github.io/dwsys/NUMsorting.o praat.github.io/dwtools/SoundFrames.o praat.github.io/dwtools/SampledFrameIntoSampledFrame.o praat.github.io/dwtools/SampledIntoSampled.o praat.github.io/dwtools/Intensity_extensions.o praat.github.io/dwtools/TextGrid_extensions.o praat.github.io/dwtools/Sound_and_TextGrid_extensions.o sound_extensions_minimal.o praat.github.io/stat/Table.o praat.github.io/stat/TableOfReal.o praat.github.io/stat/Distributions.o praat.github.io/fon/Transition.o praat.github.io/fon/Distributions_and_Transition.o praat.github.io/fon/Function.o praat.github.io/fon/Sampled.o praat.github.io/fon/SampledXY.o praat.github.io/fon/Matrix.o praat.github.io/fon/Vector.o praat.github.io/fon/Polygon.o praat.github.io/fon/PointProcess.o praat.github.io/fon/Matrix_and_PointProcess.o praat.github.io/fon/Matrix_and_Polygon.o praat.github.io/fon/AnyTier.o praat.github.io/fon/RealTier.o praat.github.io/fon/Sound.o praat.github.io/fon/PointProcess_and_Sound.o praat.github.io/fon/Sound_PointProcess.o praat.github.io/fon/ParamCurve.o praat.github.io/fon/Pitch.o praat.github.io/fon/Harmonicity.o praat.github.io/fon/Intensity.o praat.github.io/fon/Matrix_and_Pitch.o praat.github.io/fon/Sound_to_Pitch.o praat.github.io/fon/Sound_to_Intensity.o praat.github.io/fon/Sound_to_Harmonicity.o praat.github.io/fon/Sound_to_Harmonicity_GNE.o praat.github.io/fon/Sound_to_PointProcess.o praat.github.io/fon/Pitch_to_PointProcess.o praat.github.io/fon/Pitch_to_Sound.o praat.github.io/fon/Pitch_Intensity.o praat.github.io/fon/PitchTier.o praat.github.io/fon/Pitch_to_PitchTier.o praat.github.io/fon/PitchTier_to_PointProcess.o praat.github.io/fon/PitchTier_to_Sound.o praat.github.io/fon/Manipulation.o praat.github.io/fon/Pitch_AnyTier_to_PitchTier.o praat.github.io/fon/IntensityTier.o praat.github.io/fon/DurationTier.o praat.github.io/fon/AmplitudeTier.o praat.github.io/fon/Spectrum.o praat.github.io/fon/Ltas.o praat.github.io/fon/Spectrogram.o praat.github.io/fon/SpectrumTier.o praat.github.io/fon/Ltas_to_SpectrumTier.o praat.github.io/fon/Formant.o praat.github.io/fon/Image.o praat.github.io/fon/Sound_to_Formant.o praat.github.io/fon/Sound_and_Spectrogram.o praat.github.io/fon/Sound_and_Spectrum.o praat.github.io/fon/Spectrum_and_Spectrogram.o praat.github.io/fon/Spectrum_to_Formant.o praat.github.io/fon/FormantTier.o praat.github.io/fon/Label.o praat.github.io/fon/FormantGrid.o praat.github.io/fon/TextGrid.o praat.github.io/fon/TextGrid_Sound.o praat.github.io/fon/TextGrid_files.o praat.github.io/fon/Excitation.o praat.github.io/fon/Cochleagram.o praat.github.io/fon/Cochleagram_and_Excitation.o praat.github.io/fon/Excitation_to_Formant.o praat.github.io/fon/Sound_to_Cochleagram.o praat.github.io/fon/Spectrum_to_Excitation.o praat.github.io/fon/VocalTract.o praat.github.io/fon/VocalTract_to_Spectrum.o praat.github.io/fon/Sound_enhance.o praat.github.io/fon/VoiceAnalysis.o praat.github.io/sensors/Electroglottogram.o praat.github.io/LPC/LPC.o praat.github.io/LPC/Sound_and_LPC.o praat.github.io/LPC/LPC_to_Spectrum.o praat.github.io/LPC/LPC_and_Polynomial.o praat.github.io/LPC/LPC_to_Spectrogram.o praat.github.io/LPC/LineSpectralFrequencies.o praat.github.io/LPC/LPC_and_LineSpectralFrequencies.o praat.github.io/LPC/LPC_and_Formant.o praat.github.io/LPC/Roots_and_Formant.o praat.github.io/LPC/Cepstrum.o praat.github.io/LPC/Cepstrumc.o praat.github.io/LPC/PowerCepstrum.o praat.github.io/LPC/PowerCepstrogram.o praat.github.io/LPC/Sound_and_Cepstrum.o praat.github.io/LPC/Sound_to_PowerCepstrogram.o praat.github.io/LPC/Cepstrum_and_Spectrum.o praat.github.io/LPC/LPC_and_Cepstrumc.o praat_wrapper.o sound_wrappers.o pitch_wrappers.o formant_wrappers.o formantgrid_wrappers.o harmonicity_wrappers.o intensity_wrappers.o pointprocess_wrappers.o spectrum_wrappers.o spectrogram_wrappers.o ltas_wrappers.o lpc_wrappers.o textgrid_wrappers.o pitchtier_wrappers.o durationtier_wrappers.o intensitytier_wrappers.o manipulation_wrappers.o table_wrappers.o amplitudetier_wrappers.o electroglottogram_wrappers.o powercepstrum_wrappers.o cochleagram_wrappers.o excitation_wrappers.o matrix_wrappers.o praat.github.io/excluded_sources/Sound_files.o praat_stubs.o num_stubs.o longsound_stub.o graphics_stubs_comprehensive.o uiform_stubs.o svd_stubs.o glpk_stubs.o dtw_stubs.o eigen_sscp_stubs.o configuration_stubs.o table_stubs.o sound_create_gaussian.o r_lapack_wrapper.o utils.o RcppExports.o sound_mixing_simd.o intensity_simd.o window_functions_simd.o autocorrelation_simd.o sound_statistics_simd.o sound_conversion_simd.o num_matrix_simd.o num_filtering_simd.o num_distance_simd.o sound_convolution_simd.o pitch_processing_simd.o simd_info.o flac_stubs.o sound_audio_stubs.o -L. -L/opt/homebrew/lib -lgsl -lgslcblas -L/Library/Frameworks/R.framework/Resources/lib -lRlapack -L/Library/Frameworks/R.framework/Resources/lib -lRblas -pthread -F/Library/Frameworks/R.framework/.. -framework R -Wl,-framework -Wl,CoreFoundation
installing to /private/var/folders/lr/h3mlkmq540d6xjrh3bpdms600000gn/T/RtmpTzRvT3/Rinst7e222cffbcdf/00LOCK-pladdrr/00new/pladdrr/libs
** R
** inst
** byte-compile and prepare package for lazy loading
** help
*** installing help indices
** building package indices
** installing vignettes
** testing if installed package can be loaded from temporary location
Error: package or namespace load failed for ‘pladdrr’ in dyn.load(file, DLLpath = DLLpath, ...):
 unable to load shared object '/private/var/folders/lr/h3mlkmq540d6xjrh3bpdms600000gn/T/RtmpTzRvT3/Rinst7e222cffbcdf/00LOCK-pladdrr/00new/pladdrr/libs/pladdrr.so':
  dlopen(/private/var/folders/lr/h3mlkmq540d6xjrh3bpdms600000gn/T/RtmpTzRvT3/Rinst7e222cffbcdf/00LOCK-pladdrr/00new/pladdrr/libs/pladdrr.so, 0x0006): symbol not found in flat namespace '_FLAC__StreamDecoderErrorStatusString'
Error: loading failed
Execution halted
ERROR: loading failed
* removing ‘/private/var/folders/lr/h3mlkmq540d6xjrh3bpdms600000gn/T/RtmpTzRvT3/Rinst7e222cffbcdf/pladdrr’
      -----------------------------------
ERROR: package installation failed
