* installing to library ‘/Library/Frameworks/R.framework/Versions/4.4-arm64/Resources/library’
* installing *source* package ‘speaker’ ...
** using staged installation
** libs
using C++ compiler: ‘Apple clang version 17.0.0 (clang-1700.4.4.1)’
using C++17
using SDK: ‘’
clang++ -arch arm64 -std=gnu++17 -I"/Library/Frameworks/R.framework/Resources/include" -DNDEBUG -I. -Ipraat.github.io -Ipraat.github.io/kar -Ipraat.github.io/melder -Ipraat.github.io/sys -Ipraat.github.io/dwsys -Ipraat.github.io/dwtools -Ipraat.github.io/stat -Ipraat.github.io/fon -Ipraat.github.io/foned -Ipraat.github.io/LPC -Ipraat.github.io/sensors -Ipraat.github.io/external/portaudio -Ipraat.github.io/external/flac -Ipraat.github.io/external/mp3 -Ipraat.github.io/external/espeak -Ipraat.github.io/external/gsl -Ipraat.github.io/external/glpk -I'/Library/Frameworks/R.framework/Versions/4.4-arm64/Resources/library/Rcpp/include' -I/opt/R/arm64/include -I/opt/homebrew/opt/libomp/include -Xclang -fopenmp   -DPRAAT_LIB -DNO_GUI -DNO_AUDIO -DNO_GRAPHICS -DNO_NETWORK -DUNIX -pthread -ffp-contract=off -Wno-unused-parameter -Wno-sign-compare -Wno-unused-variable -Wno-deprecated-declarations -Wno-trigraphs -Wno-logical-op-parentheses -Wno-shift-op-parentheses -Wno-mismatched-tags -Wno-unused-const-variable -Wno-c++11-narrowing -fPIC  -falign-functions=64 -Wall -g -O2   -c kar/longchar.cpp -o kar/longchar.o
In file included from kar/longchar.cpp:38:
In file included from praat.github.io/kar/longchar.h:21:
In file included from praat.github.io/kar/../melder/melder.h:76:
praat.github.io/kar/../melder/melder_tensor.h:64:1: warning: 'vector' defined as a struct template here but previously declared as a class template; this is valid, but may result in linker errors under the Microsoft C++ ABI [-Wmismatched-tags]
   64 | struct vector {
      | ^
praat.github.io/kar/../melder/melder_tensor.h:52:23: note: did you mean struct here?
   52 | template <typename T> class vector;
      |                       ^~~~~
      |                       struct
praat.github.io/kar/../melder/melder_tensor.h:104:1: warning: 'constvector' defined as a struct template here but previously declared as a class template; this is valid, but may result in linker errors under the Microsoft C++ ABI [-Wmismatched-tags]
  104 | struct constvector {
      | ^
praat.github.io/kar/../melder/melder_tensor.h:53:23: note: did you mean struct here?
   53 | template <typename T> class constvector;
      |                       ^~~~~
      |                       struct
praat.github.io/kar/../melder/melder_tensor.h:137:1: warning: 'vectorview' defined as a struct template here but previously declared as a class template; this is valid, but may result in linker errors under the Microsoft C++ ABI [-Wmismatched-tags]
  137 | struct vectorview {
      | ^
praat.github.io/kar/../melder/melder_tensor.h:54:23: note: did you mean struct here?
   54 | template <typename T> class vectorview;
      |                       ^~~~~
      |                       struct
praat.github.io/kar/../melder/melder_tensor.h:167:1: warning: 'constvectorview' defined as a struct template here but previously declared as a class template; this is valid, but may result in linker errors under the Microsoft C++ ABI [-Wmismatched-tags]
  167 | struct constvectorview {
      | ^
praat.github.io/kar/../melder/melder_tensor.h:55:23: note: did you mean struct here?
   55 | template <typename T> class constvectorview;
      |                       ^~~~~
      |                       struct
praat.github.io/kar/../melder/melder_tensor.h:207:1: warning: 'autovector' defined as a struct template here but previously declared as a class template; this is valid, but may result in linker errors under the Microsoft C++ ABI [-Wmismatched-tags]
  207 | struct autovector {
      | ^
praat.github.io/kar/../melder/melder_tensor.h:56:23: note: did you mean struct here?
   56 | template <typename T> class autovector;
      |                       ^~~~~
      |                       struct
praat.github.io/kar/../melder/melder_tensor.h:388:1: warning: 'matrix' defined as a struct template here but previously declared as a class template; this is valid, but may result in linker errors under the Microsoft C++ ABI [-Wmismatched-tags]
  388 | struct matrix {
      | ^
praat.github.io/kar/../melder/melder_tensor.h:57:23: note: did you mean struct here?
   57 | template <typename T> class matrix;
      |                       ^~~~~
      |                       struct
praat.github.io/kar/../melder/melder_tensor.h:461:1: warning: 'constmatrix' defined as a struct template here but previously declared as a class template; this is valid, but may result in linker errors under the Microsoft C++ ABI [-Wmismatched-tags]
  461 | struct constmatrix {
      | ^
praat.github.io/kar/../melder/melder_tensor.h:58:23: note: did you mean struct here?
   58 | template <typename T> class constmatrix;
      |                       ^~~~~
      |                       struct
praat.github.io/kar/../melder/melder_tensor.h:532:1: warning: 'matrixview' defined as a struct template here but previously declared as a class template; this is valid, but may result in linker errors under the Microsoft C++ ABI [-Wmismatched-tags]
  532 | struct matrixview {
      | ^
praat.github.io/kar/../melder/melder_tensor.h:59:23: note: did you mean struct here?
   59 | template <typename T> class matrixview;
      |                       ^~~~~
      |                       struct
praat.github.io/kar/../melder/melder_tensor.h:612:1: warning: 'constmatrixview' defined as a struct template here but previously declared as a class template; this is valid, but may result in linker errors under the Microsoft C++ ABI [-Wmismatched-tags]
  612 | struct constmatrixview {
      | ^
praat.github.io/kar/../melder/melder_tensor.h:60:23: note: did you mean struct here?
   60 | template <typename T> class constmatrixview;
      |                       ^~~~~
      |                       struct
praat.github.io/kar/../melder/melder_tensor.h:683:1: warning: 'automatrix' defined as a struct template here but previously declared as a class template; this is valid, but may result in linker errors under the Microsoft C++ ABI [-Wmismatched-tags]
  683 | struct automatrix {
      | ^
praat.github.io/kar/../melder/melder_tensor.h:61:23: note: did you mean struct here?
   61 | template <typename T> class automatrix;
      |                       ^~~~~
      |                       struct
praat.github.io/kar/../melder/melder_tensor.h:703:18: warning: unused variable 'numberOfColumnsInThisRow' [-Wunused-variable]
  703 |                         const integer numberOfColumnsInThisRow = uinteger_to_integer_a (row.size());
      |                                       ^~~~~~~~~~~~~~~~~~~~~~~~
11 warnings generated.
clang++ -arch arm64 -std=gnu++17 -I"/Library/Frameworks/R.framework/Resources/include" -DNDEBUG -I. -Ipraat.github.io -Ipraat.github.io/kar -Ipraat.github.io/melder -Ipraat.github.io/sys -Ipraat.github.io/dwsys -Ipraat.github.io/dwtools -Ipraat.github.io/stat -Ipraat.github.io/fon -Ipraat.github.io/foned -Ipraat.github.io/LPC -Ipraat.github.io/sensors -Ipraat.github.io/external/portaudio -Ipraat.github.io/external/flac -Ipraat.github.io/external/mp3 -Ipraat.github.io/external/espeak -Ipraat.github.io/external/gsl -Ipraat.github.io/external/glpk -I'/Library/Frameworks/R.framework/Versions/4.4-arm64/Resources/library/Rcpp/include' -I/opt/R/arm64/include -I/opt/homebrew/opt/libomp/include -Xclang -fopenmp   -DPRAAT_LIB -DNO_GUI -DNO_AUDIO -DNO_GRAPHICS -DNO_NETWORK -DUNIX -pthread -ffp-contract=off -Wno-unused-parameter -Wno-sign-compare -Wno-unused-variable -Wno-deprecated-declarations -Wno-trigraphs -Wno-logical-op-parentheses -Wno-shift-op-parentheses -Wno-mismatched-tags -Wno-unused-const-variable -Wno-c++11-narrowing -fPIC  -falign-functions=64 -Wall -g -O2   -c melder/melder.cpp -o melder/melder.o
In file included from melder/melder.cpp:19:
In file included from praat.github.io/melder/melder.h:76:
praat.github.io/melder/melder_tensor.h:64:1: warning: 'vector' defined as a struct template here but previously declared as a class template; this is valid, but may result in linker errors under the Microsoft C++ ABI [-Wmismatched-tags]
   64 | struct vector {
      | ^
praat.github.io/melder/melder_tensor.h:52:23: note: did you mean struct here?
   52 | template <typename T> class vector;
      |                       ^~~~~
      |                       struct
praat.github.io/melder/melder_tensor.h:104:1: warning: 'constvector' defined as a struct template here but previously declared as a class template; this is valid, but may result in linker errors under the Microsoft C++ ABI [-Wmismatched-tags]
  104 | struct constvector {
      | ^
praat.github.io/melder/melder_tensor.h:53:23: note: did you mean struct here?
   53 | template <typename T> class constvector;
      |                       ^~~~~
      |                       struct
praat.github.io/melder/melder_tensor.h:137:1: warning: 'vectorview' defined as a struct template here but previously declared as a class template; this is valid, but may result in linker errors under the Microsoft C++ ABI [-Wmismatched-tags]
  137 | struct vectorview {
      | ^
praat.github.io/melder/melder_tensor.h:54:23: note: did you mean struct here?
   54 | template <typename T> class vectorview;
      |                       ^~~~~
      |                       struct
praat.github.io/melder/melder_tensor.h:167:1: warning: 'constvectorview' defined as a struct template here but previously declared as a class template; this is valid, but may result in linker errors under the Microsoft C++ ABI [-Wmismatched-tags]
  167 | struct constvectorview {
      | ^
praat.github.io/melder/melder_tensor.h:55:23: note: did you mean struct here?
   55 | template <typename T> class constvectorview;
      |                       ^~~~~
      |                       struct
praat.github.io/melder/melder_tensor.h:207:1: warning: 'autovector' defined as a struct template here but previously declared as a class template; this is valid, but may result in linker errors under the Microsoft C++ ABI [-Wmismatched-tags]
  207 | struct autovector {
      | ^
praat.github.io/melder/melder_tensor.h:56:23: note: did you mean struct here?
   56 | template <typename T> class autovector;
      |                       ^~~~~
      |                       struct
praat.github.io/melder/melder_tensor.h:388:1: warning: 'matrix' defined as a struct template here but previously declared as a class template; this is valid, but may result in linker errors under the Microsoft C++ ABI [-Wmismatched-tags]
  388 | struct matrix {
      | ^
praat.github.io/melder/melder_tensor.h:57:23: note: did you mean struct here?
   57 | template <typename T> class matrix;
      |                       ^~~~~
      |                       struct
praat.github.io/melder/melder_tensor.h:461:1: warning: 'constmatrix' defined as a struct template here but previously declared as a class template; this is valid, but may result in linker errors under the Microsoft C++ ABI [-Wmismatched-tags]
  461 | struct constmatrix {
      | ^
praat.github.io/melder/melder_tensor.h:58:23: note: did you mean struct here?
   58 | template <typename T> class constmatrix;
      |                       ^~~~~
      |                       struct
praat.github.io/melder/melder_tensor.h:532:1: warning: 'matrixview' defined as a struct template here but previously declared as a class template; this is valid, but may result in linker errors under the Microsoft C++ ABI [-Wmismatched-tags]
  532 | struct matrixview {
      | ^
praat.github.io/melder/melder_tensor.h:59:23: note: did you mean struct here?
   59 | template <typename T> class matrixview;
      |                       ^~~~~
      |                       struct
praat.github.io/melder/melder_tensor.h:612:1: warning: 'constmatrixview' defined as a struct template here but previously declared as a class template; this is valid, but may result in linker errors under the Microsoft C++ ABI [-Wmismatched-tags]
  612 | struct constmatrixview {
      | ^
praat.github.io/melder/melder_tensor.h:60:23: note: did you mean struct here?
   60 | template <typename T> class constmatrixview;
      |                       ^~~~~
      |                       struct
praat.github.io/melder/melder_tensor.h:683:1: warning: 'automatrix' defined as a struct template here but previously declared as a class template; this is valid, but may result in linker errors under the Microsoft C++ ABI [-Wmismatched-tags]
  683 | struct automatrix {
      | ^
praat.github.io/melder/melder_tensor.h:61:23: note: did you mean struct here?
   61 | template <typename T> class automatrix;
      |                       ^~~~~
      |                       struct
praat.github.io/melder/melder_tensor.h:703:18: warning: unused variable 'numberOfColumnsInThisRow' [-Wunused-variable]
  703 |                         const integer numberOfColumnsInThisRow = uinteger_to_integer_a (row.size());
      |                                       ^~~~~~~~~~~~~~~~~~~~~~~~
11 warnings generated.
clang++ -arch arm64 -std=gnu++17 -I"/Library/Frameworks/R.framework/Resources/include" -DNDEBUG -I. -Ipraat.github.io -Ipraat.github.io/kar -Ipraat.github.io/melder -Ipraat.github.io/sys -Ipraat.github.io/dwsys -Ipraat.github.io/dwtools -Ipraat.github.io/stat -Ipraat.github.io/fon -Ipraat.github.io/foned -Ipraat.github.io/LPC -Ipraat.github.io/sensors -Ipraat.github.io/external/portaudio -Ipraat.github.io/external/flac -Ipraat.github.io/external/mp3 -Ipraat.github.io/external/espeak -Ipraat.github.io/external/gsl -Ipraat.github.io/external/glpk -I'/Library/Frameworks/R.framework/Versions/4.4-arm64/Resources/library/Rcpp/include' -I/opt/R/arm64/include -I/opt/homebrew/opt/libomp/include -Xclang -fopenmp   -DPRAAT_LIB -DNO_GUI -DNO_AUDIO -DNO_GRAPHICS -DNO_NETWORK -DUNIX -pthread -ffp-contract=off -Wno-unused-parameter -Wno-sign-compare -Wno-unused-variable -Wno-deprecated-declarations -Wno-trigraphs -Wno-logical-op-parentheses -Wno-shift-op-parentheses -Wno-mismatched-tags -Wno-unused-const-variable -Wno-c++11-narrowing -fPIC  -falign-functions=64 -Wall -g -O2   -c melder/melder_alloc.cpp -o melder/melder_alloc.o
In file included from melder/melder_alloc.cpp:19:
In file included from praat.github.io/melder/melder.h:76:
praat.github.io/melder/melder_tensor.h:64:1: warning: 'vector' defined as a struct template here but previously declared as a class template; this is valid, but may result in linker errors under the Microsoft C++ ABI [-Wmismatched-tags]
   64 | struct vector {
      | ^
praat.github.io/melder/melder_tensor.h:52:23: note: did you mean struct here?
   52 | template <typename T> class vector;
      |                       ^~~~~
      |                       struct
praat.github.io/melder/melder_tensor.h:104:1: warning: 'constvector' defined as a struct template here but previously declared as a class template; this is valid, but may result in linker errors under the Microsoft C++ ABI [-Wmismatched-tags]
  104 | struct constvector {
      | ^
praat.github.io/melder/melder_tensor.h:53:23: note: did you mean struct here?
   53 | template <typename T> class constvector;
      |                       ^~~~~
      |                       struct
praat.github.io/melder/melder_tensor.h:137:1: warning: 'vectorview' defined as a struct template here but previously declared as a class template; this is valid, but may result in linker errors under the Microsoft C++ ABI [-Wmismatched-tags]
  137 | struct vectorview {
      | ^
praat.github.io/melder/melder_tensor.h:54:23: note: did you mean struct here?
   54 | template <typename T> class vectorview;
      |                       ^~~~~
      |                       struct
praat.github.io/melder/melder_tensor.h:167:1: warning: 'constvectorview' defined as a struct template here but previously declared as a class template; this is valid, but may result in linker errors under the Microsoft C++ ABI [-Wmismatched-tags]
  167 | struct constvectorview {
      | ^
praat.github.io/melder/melder_tensor.h:55:23: note: did you mean struct here?
   55 | template <typename T> class constvectorview;
      |                       ^~~~~
      |                       struct
praat.github.io/melder/melder_tensor.h:207:1: warning: 'autovector' defined as a struct template here but previously declared as a class template; this is valid, but may result in linker errors under the Microsoft C++ ABI [-Wmismatched-tags]
  207 | struct autovector {
      | ^
praat.github.io/melder/melder_tensor.h:56:23: note: did you mean struct here?
   56 | template <typename T> class autovector;
      |                       ^~~~~
      |                       struct
praat.github.io/melder/melder_tensor.h:388:1: warning: 'matrix' defined as a struct template here but previously declared as a class template; this is valid, but may result in linker errors under the Microsoft C++ ABI [-Wmismatched-tags]
  388 | struct matrix {
      | ^
praat.github.io/melder/melder_tensor.h:57:23: note: did you mean struct here?
   57 | template <typename T> class matrix;
      |                       ^~~~~
      |                       struct
praat.github.io/melder/melder_tensor.h:461:1: warning: 'constmatrix' defined as a struct template here but previously declared as a class template; this is valid, but may result in linker errors under the Microsoft C++ ABI [-Wmismatched-tags]
  461 | struct constmatrix {
      | ^
praat.github.io/melder/melder_tensor.h:58:23: note: did you mean struct here?
   58 | template <typename T> class constmatrix;
      |                       ^~~~~
      |                       struct
praat.github.io/melder/melder_tensor.h:532:1: warning: 'matrixview' defined as a struct template here but previously declared as a class template; this is valid, but may result in linker errors under the Microsoft C++ ABI [-Wmismatched-tags]
  532 | struct matrixview {
      | ^
praat.github.io/melder/melder_tensor.h:59:23: note: did you mean struct here?
   59 | template <typename T> class matrixview;
      |                       ^~~~~
      |                       struct
praat.github.io/melder/melder_tensor.h:612:1: warning: 'constmatrixview' defined as a struct template here but previously declared as a class template; this is valid, but may result in linker errors under the Microsoft C++ ABI [-Wmismatched-tags]
  612 | struct constmatrixview {
      | ^
praat.github.io/melder/melder_tensor.h:60:23: note: did you mean struct here?
   60 | template <typename T> class constmatrixview;
      |                       ^~~~~
      |                       struct
praat.github.io/melder/melder_tensor.h:683:1: warning: 'automatrix' defined as a struct template here but previously declared as a class template; this is valid, but may result in linker errors under the Microsoft C++ ABI [-Wmismatched-tags]
  683 | struct automatrix {
      | ^
praat.github.io/melder/melder_tensor.h:61:23: note: did you mean struct here?
   61 | template <typename T> class automatrix;
      |                       ^~~~~
      |                       struct
praat.github.io/melder/melder_tensor.h:703:18: warning: unused variable 'numberOfColumnsInThisRow' [-Wunused-variable]
  703 |                         const integer numberOfColumnsInThisRow = uinteger_to_integer_a (row.size());
      |                                       ^~~~~~~~~~~~~~~~~~~~~~~~
11 warnings generated.
clang++ -arch arm64 -std=gnu++17 -I"/Library/Frameworks/R.framework/Resources/include" -DNDEBUG -I. -Ipraat.github.io -Ipraat.github.io/kar -Ipraat.github.io/melder -Ipraat.github.io/sys -Ipraat.github.io/dwsys -Ipraat.github.io/dwtools -Ipraat.github.io/stat -Ipraat.github.io/fon -Ipraat.github.io/foned -Ipraat.github.io/LPC -Ipraat.github.io/sensors -Ipraat.github.io/external/portaudio -Ipraat.github.io/external/flac -Ipraat.github.io/external/mp3 -Ipraat.github.io/external/espeak -Ipraat.github.io/external/gsl -Ipraat.github.io/external/glpk -I'/Library/Frameworks/R.framework/Versions/4.4-arm64/Resources/library/Rcpp/include' -I/opt/R/arm64/include -I/opt/homebrew/opt/libomp/include -Xclang -fopenmp   -DPRAAT_LIB -DNO_GUI -DNO_AUDIO -DNO_GRAPHICS -DNO_NETWORK -DUNIX -pthread -ffp-contract=off -Wno-unused-parameter -Wno-sign-compare -Wno-unused-variable -Wno-deprecated-declarations -Wno-trigraphs -Wno-logical-op-parentheses -Wno-shift-op-parentheses -Wno-mismatched-tags -Wno-unused-const-variable -Wno-c++11-narrowing -fPIC  -falign-functions=64 -Wall -g -O2   -c melder/melder_str32.cpp -o melder/melder_str32.o
In file included from melder/melder_str32.cpp:19:
In file included from praat.github.io/melder/melder.h:76:
praat.github.io/melder/melder_tensor.h:64:1: warning: 'vector' defined as a struct template here but previously declared as a class template; this is valid, but may result in linker errors under the Microsoft C++ ABI [-Wmismatched-tags]
   64 | struct vector {
      | ^
praat.github.io/melder/melder_tensor.h:52:23: note: did you mean struct here?
   52 | template <typename T> class vector;
      |                       ^~~~~
      |                       struct
praat.github.io/melder/melder_tensor.h:104:1: warning: 'constvector' defined as a struct template here but previously declared as a class template; this is valid, but may result in linker errors under the Microsoft C++ ABI [-Wmismatched-tags]
  104 | struct constvector {
      | ^
praat.github.io/melder/melder_tensor.h:53:23: note: did you mean struct here?
   53 | template <typename T> class constvector;
      |                       ^~~~~
      |                       struct
praat.github.io/melder/melder_tensor.h:137:1: warning: 'vectorview' defined as a struct template here but previously declared as a class template; this is valid, but may result in linker errors under the Microsoft C++ ABI [-Wmismatched-tags]
  137 | struct vectorview {
      | ^
praat.github.io/melder/melder_tensor.h:54:23: note: did you mean struct here?
   54 | template <typename T> class vectorview;
      |                       ^~~~~
      |                       struct
praat.github.io/melder/melder_tensor.h:167:1: warning: 'constvectorview' defined as a struct template here but previously declared as a class template; this is valid, but may result in linker errors under the Microsoft C++ ABI [-Wmismatched-tags]
  167 | struct constvectorview {
      | ^
praat.github.io/melder/melder_tensor.h:55:23: note: did you mean struct here?
   55 | template <typename T> class constvectorview;
      |                       ^~~~~
      |                       struct
praat.github.io/melder/melder_tensor.h:207:1: warning: 'autovector' defined as a struct template here but previously declared as a class template; this is valid, but may result in linker errors under the Microsoft C++ ABI [-Wmismatched-tags]
  207 | struct autovector {
      | ^
praat.github.io/melder/melder_tensor.h:56:23: note: did you mean struct here?
   56 | template <typename T> class autovector;
      |                       ^~~~~
      |                       struct
praat.github.io/melder/melder_tensor.h:388:1: warning: 'matrix' defined as a struct template here but previously declared as a class template; this is valid, but may result in linker errors under the Microsoft C++ ABI [-Wmismatched-tags]
  388 | struct matrix {
      | ^
praat.github.io/melder/melder_tensor.h:57:23: note: did you mean struct here?
   57 | template <typename T> class matrix;
      |                       ^~~~~
      |                       struct
praat.github.io/melder/melder_tensor.h:461:1: warning: 'constmatrix' defined as a struct template here but previously declared as a class template; this is valid, but may result in linker errors under the Microsoft C++ ABI [-Wmismatched-tags]
  461 | struct constmatrix {
      | ^
praat.github.io/melder/melder_tensor.h:58:23: note: did you mean struct here?
   58 | template <typename T> class constmatrix;
      |                       ^~~~~
      |                       struct
praat.github.io/melder/melder_tensor.h:532:1: warning: 'matrixview' defined as a struct template here but previously declared as a class template; this is valid, but may result in linker errors under the Microsoft C++ ABI [-Wmismatched-tags]
  532 | struct matrixview {
      | ^
praat.github.io/melder/melder_tensor.h:59:23: note: did you mean struct here?
   59 | template <typename T> class matrixview;
      |                       ^~~~~
      |                       struct
praat.github.io/melder/melder_tensor.h:612:1: warning: 'constmatrixview' defined as a struct template here but previously declared as a class template; this is valid, but may result in linker errors under the Microsoft C++ ABI [-Wmismatched-tags]
  612 | struct constmatrixview {
      | ^
praat.github.io/melder/melder_tensor.h:60:23: note: did you mean struct here?
   60 | template <typename T> class constmatrixview;
      |                       ^~~~~
      |                       struct
praat.github.io/melder/melder_tensor.h:683:1: warning: 'automatrix' defined as a struct template here but previously declared as a class template; this is valid, but may result in linker errors under the Microsoft C++ ABI [-Wmismatched-tags]
  683 | struct automatrix {
      | ^
praat.github.io/melder/melder_tensor.h:61:23: note: did you mean struct here?
   61 | template <typename T> class automatrix;
      |                       ^~~~~
      |                       struct
praat.github.io/melder/melder_tensor.h:703:18: warning: unused variable 'numberOfColumnsInThisRow' [-Wunused-variable]
  703 |                         const integer numberOfColumnsInThisRow = uinteger_to_integer_a (row.size());
      |                                       ^~~~~~~~~~~~~~~~~~~~~~~~
melder/melder_str32.cpp:251:16: warning: unused variable 'kar2' [-Wunused-variable]
  251 |                 const char32 kar2 = ( caseAware ? Melder_toLowerCase (*pstring2) : *pstring2 );
      |                              ^~~~
12 warnings generated.
clang++ -arch arm64 -std=gnu++17 -I"/Library/Frameworks/R.framework/Resources/include" -DNDEBUG -I. -Ipraat.github.io -Ipraat.github.io/kar -Ipraat.github.io/melder -Ipraat.github.io/sys -Ipraat.github.io/dwsys -Ipraat.github.io/dwtools -Ipraat.github.io/stat -Ipraat.github.io/fon -Ipraat.github.io/foned -Ipraat.github.io/LPC -Ipraat.github.io/sensors -Ipraat.github.io/external/portaudio -Ipraat.github.io/external/flac -Ipraat.github.io/external/mp3 -Ipraat.github.io/external/espeak -Ipraat.github.io/external/gsl -Ipraat.github.io/external/glpk -I'/Library/Frameworks/R.framework/Versions/4.4-arm64/Resources/library/Rcpp/include' -I/opt/R/arm64/include -I/opt/homebrew/opt/libomp/include -Xclang -fopenmp   -DPRAAT_LIB -DNO_GUI -DNO_AUDIO -DNO_GRAPHICS -DNO_NETWORK -DUNIX -pthread -ffp-contract=off -Wno-unused-parameter -Wno-sign-compare -Wno-unused-variable -Wno-deprecated-declarations -Wno-trigraphs -Wno-logical-op-parentheses -Wno-shift-op-parentheses -Wno-mismatched-tags -Wno-unused-const-variable -Wno-c++11-narrowing -fPIC  -falign-functions=64 -Wall -g -O2   -c melder/melder_colour.cpp -o melder/melder_colour.o
In file included from melder/melder_colour.cpp:19:
In file included from praat.github.io/melder/melder.h:76:
praat.github.io/melder/melder_tensor.h:64:1: warning: 'vector' defined as a struct template here but previously declared as a class template; this is valid, but may result in linker errors under the Microsoft C++ ABI [-Wmismatched-tags]
   64 | struct vector {
      | ^
praat.github.io/melder/melder_tensor.h:52:23: note: did you mean struct here?
   52 | template <typename T> class vector;
      |                       ^~~~~
      |                       struct
praat.github.io/melder/melder_tensor.h:104:1: warning: 'constvector' defined as a struct template here but previously declared as a class template; this is valid, but may result in linker errors under the Microsoft C++ ABI [-Wmismatched-tags]
  104 | struct constvector {
      | ^
praat.github.io/melder/melder_tensor.h:53:23: note: did you mean struct here?
   53 | template <typename T> class constvector;
      |                       ^~~~~
      |                       struct
praat.github.io/melder/melder_tensor.h:137:1: warning: 'vectorview' defined as a struct template here but previously declared as a class template; this is valid, but may result in linker errors under the Microsoft C++ ABI [-Wmismatched-tags]
  137 | struct vectorview {
      | ^
praat.github.io/melder/melder_tensor.h:54:23: note: did you mean struct here?
   54 | template <typename T> class vectorview;
      |                       ^~~~~
      |                       struct
praat.github.io/melder/melder_tensor.h:167:1: warning: 'constvectorview' defined as a struct template here but previously declared as a class template; this is valid, but may result in linker errors under the Microsoft C++ ABI [-Wmismatched-tags]
  167 | struct constvectorview {
      | ^
praat.github.io/melder/melder_tensor.h:55:23: note: did you mean struct here?
   55 | template <typename T> class constvectorview;
      |                       ^~~~~
      |                       struct
praat.github.io/melder/melder_tensor.h:207:1: warning: 'autovector' defined as a struct template here but previously declared as a class template; this is valid, but may result in linker errors under the Microsoft C++ ABI [-Wmismatched-tags]
  207 | struct autovector {
      | ^
praat.github.io/melder/melder_tensor.h:56:23: note: did you mean struct here?
   56 | template <typename T> class autovector;
      |                       ^~~~~
      |                       struct
praat.github.io/melder/melder_tensor.h:388:1: warning: 'matrix' defined as a struct template here but previously declared as a class template; this is valid, but may result in linker errors under the Microsoft C++ ABI [-Wmismatched-tags]
  388 | struct matrix {
      | ^
praat.github.io/melder/melder_tensor.h:57:23: note: did you mean struct here?
   57 | template <typename T> class matrix;
      |                       ^~~~~
      |                       struct
praat.github.io/melder/melder_tensor.h:461:1: warning: 'constmatrix' defined as a struct template here but previously declared as a class template; this is valid, but may result in linker errors under the Microsoft C++ ABI [-Wmismatched-tags]
  461 | struct constmatrix {
      | ^
praat.github.io/melder/melder_tensor.h:58:23: note: did you mean struct here?
   58 | template <typename T> class constmatrix;
      |                       ^~~~~
      |                       struct
praat.github.io/melder/melder_tensor.h:532:1: warning: 'matrixview' defined as a struct template here but previously declared as a class template; this is valid, but may result in linker errors under the Microsoft C++ ABI [-Wmismatched-tags]
  532 | struct matrixview {
      | ^
praat.github.io/melder/melder_tensor.h:59:23: note: did you mean struct here?
   59 | template <typename T> class matrixview;
      |                       ^~~~~
      |                       struct
praat.github.io/melder/melder_tensor.h:612:1: warning: 'constmatrixview' defined as a struct template here but previously declared as a class template; this is valid, but may result in linker errors under the Microsoft C++ ABI [-Wmismatched-tags]
  612 | struct constmatrixview {
      | ^
praat.github.io/melder/melder_tensor.h:60:23: note: did you mean struct here?
   60 | template <typename T> class constmatrixview;
      |                       ^~~~~
      |                       struct
praat.github.io/melder/melder_tensor.h:683:1: warning: 'automatrix' defined as a struct template here but previously declared as a class template; this is valid, but may result in linker errors under the Microsoft C++ ABI [-Wmismatched-tags]
  683 | struct automatrix {
      | ^
praat.github.io/melder/melder_tensor.h:61:23: note: did you mean struct here?
   61 | template <typename T> class automatrix;
      |                       ^~~~~
      |                       struct
praat.github.io/melder/melder_tensor.h:703:18: warning: unused variable 'numberOfColumnsInThisRow' [-Wunused-variable]
  703 |                         const integer numberOfColumnsInThisRow = uinteger_to_integer_a (row.size());
      |                                       ^~~~~~~~~~~~~~~~~~~~~~~~
11 warnings generated.
clang++ -arch arm64 -std=gnu++17 -I"/Library/Frameworks/R.framework/Resources/include" -DNDEBUG -I. -Ipraat.github.io -Ipraat.github.io/kar -Ipraat.github.io/melder -Ipraat.github.io/sys -Ipraat.github.io/dwsys -Ipraat.github.io/dwtools -Ipraat.github.io/stat -Ipraat.github.io/fon -Ipraat.github.io/foned -Ipraat.github.io/LPC -Ipraat.github.io/sensors -Ipraat.github.io/external/portaudio -Ipraat.github.io/external/flac -Ipraat.github.io/external/mp3 -Ipraat.github.io/external/espeak -Ipraat.github.io/external/gsl -Ipraat.github.io/external/glpk -I'/Library/Frameworks/R.framework/Versions/4.4-arm64/Resources/library/Rcpp/include' -I/opt/R/arm64/include -I/opt/homebrew/opt/libomp/include -Xclang -fopenmp   -DPRAAT_LIB -DNO_GUI -DNO_AUDIO -DNO_GRAPHICS -DNO_NETWORK -DUNIX -pthread -ffp-contract=off -Wno-unused-parameter -Wno-sign-compare -Wno-unused-variable -Wno-deprecated-declarations -Wno-trigraphs -Wno-logical-op-parentheses -Wno-shift-op-parentheses -Wno-mismatched-tags -Wno-unused-const-variable -Wno-c++11-narrowing -fPIC  -falign-functions=64 -Wall -g -O2   -c melder/melder_ftoa.cpp -o melder/melder_ftoa.o
In file included from melder/melder_ftoa.cpp:19:
In file included from praat.github.io/melder/melder.h:76:
praat.github.io/melder/melder_tensor.h:64:1: warning: 'vector' defined as a struct template here but previously declared as a class template; this is valid, but may result in linker errors under the Microsoft C++ ABI [-Wmismatched-tags]
   64 | struct vector {
      | ^
praat.github.io/melder/melder_tensor.h:52:23: note: did you mean struct here?
   52 | template <typename T> class vector;
      |                       ^~~~~
      |                       struct
praat.github.io/melder/melder_tensor.h:104:1: warning: 'constvector' defined as a struct template here but previously declared as a class template; this is valid, but may result in linker errors under the Microsoft C++ ABI [-Wmismatched-tags]
  104 | struct constvector {
      | ^
praat.github.io/melder/melder_tensor.h:53:23: note: did you mean struct here?
   53 | template <typename T> class constvector;
      |                       ^~~~~
      |                       struct
praat.github.io/melder/melder_tensor.h:137:1: warning: 'vectorview' defined as a struct template here but previously declared as a class template; this is valid, but may result in linker errors under the Microsoft C++ ABI [-Wmismatched-tags]
  137 | struct vectorview {
      | ^
praat.github.io/melder/melder_tensor.h:54:23: note: did you mean struct here?
   54 | template <typename T> class vectorview;
      |                       ^~~~~
      |                       struct
praat.github.io/melder/melder_tensor.h:167:1: warning: 'constvectorview' defined as a struct template here but previously declared as a class template; this is valid, but may result in linker errors under the Microsoft C++ ABI [-Wmismatched-tags]
  167 | struct constvectorview {
      | ^
praat.github.io/melder/melder_tensor.h:55:23: note: did you mean struct here?
   55 | template <typename T> class constvectorview;
      |                       ^~~~~
      |                       struct
praat.github.io/melder/melder_tensor.h:207:1: warning: 'autovector' defined as a struct template here but previously declared as a class template; this is valid, but may result in linker errors under the Microsoft C++ ABI [-Wmismatched-tags]
  207 | struct autovector {
      | ^
praat.github.io/melder/melder_tensor.h:56:23: note: did you mean struct here?
   56 | template <typename T> class autovector;
      |                       ^~~~~
      |                       struct
praat.github.io/melder/melder_tensor.h:388:1: warning: 'matrix' defined as a struct template here but previously declared as a class template; this is valid, but may result in linker errors under the Microsoft C++ ABI [-Wmismatched-tags]
  388 | struct matrix {
      | ^
praat.github.io/melder/melder_tensor.h:57:23: note: did you mean struct here?
   57 | template <typename T> class matrix;
      |                       ^~~~~
      |                       struct
praat.github.io/melder/melder_tensor.h:461:1: warning: 'constmatrix' defined as a struct template here but previously declared as a class template; this is valid, but may result in linker errors under the Microsoft C++ ABI [-Wmismatched-tags]
  461 | struct constmatrix {
      | ^
praat.github.io/melder/melder_tensor.h:58:23: note: did you mean struct here?
   58 | template <typename T> class constmatrix;
      |                       ^~~~~
      |                       struct
praat.github.io/melder/melder_tensor.h:532:1: warning: 'matrixview' defined as a struct template here but previously declared as a class template; this is valid, but may result in linker errors under the Microsoft C++ ABI [-Wmismatched-tags]
  532 | struct matrixview {
      | ^
praat.github.io/melder/melder_tensor.h:59:23: note: did you mean struct here?
   59 | template <typename T> class matrixview;
      |                       ^~~~~
      |                       struct
praat.github.io/melder/melder_tensor.h:612:1: warning: 'constmatrixview' defined as a struct template here but previously declared as a class template; this is valid, but may result in linker errors under the Microsoft C++ ABI [-Wmismatched-tags]
  612 | struct constmatrixview {
      | ^
praat.github.io/melder/melder_tensor.h:60:23: note: did you mean struct here?
   60 | template <typename T> class constmatrixview;
      |                       ^~~~~
      |                       struct
praat.github.io/melder/melder_tensor.h:683:1: warning: 'automatrix' defined as a struct template here but previously declared as a class template; this is valid, but may result in linker errors under the Microsoft C++ ABI [-Wmismatched-tags]
  683 | struct automatrix {
      | ^
praat.github.io/melder/melder_tensor.h:61:23: note: did you mean struct here?
   61 | template <typename T> class automatrix;
      |                       ^~~~~
      |                       struct
praat.github.io/melder/melder_tensor.h:703:18: warning: unused variable 'numberOfColumnsInThisRow' [-Wunused-variable]
  703 |                         const integer numberOfColumnsInThisRow = uinteger_to_integer_a (row.size());
      |                                       ^~~~~~~~~~~~~~~~~~~~~~~~
melder/melder_ftoa.cpp:43:13: warning: unused variable 'n' [-Wunused-variable]
   43 |                 const int n = snprintf (buffers8 [ibuffer],MAXIMUM_NUMERIC_STRING_LENGTH+1, "%ld", (long_not_integer) value);   // cast to identical type, to make compiler happy
      |                           ^
melder/melder_ftoa.cpp:65:13: warning: unused variable 'n' [-Wunused-variable]
   65 |                 const int n = snprintf (buffers8 [ibuffer],MAXIMUM_NUMERIC_STRING_LENGTH+1, formatString, value);
      |                           ^
melder/melder_ftoa.cpp:232:12: warning: unused variable 'n' [-Wunused-variable]
  232 |         const int n = snprintf (buffers8 [ibuffer], MAXIMUM_NUMERIC_STRING_LENGTH + 1, "%.*f",
      |                   ^
melder/melder_ftoa.cpp:255:12: warning: unused variable 'n' [-Wunused-variable]
  255 |         const int n = snprintf (buffers8 [ibuffer], MAXIMUM_NUMERIC_STRING_LENGTH + 1, "%.*fE%d",
      |                   ^
melder/melder_ftoa.cpp:277:12: warning: unused variable 'n' [-Wunused-variable]
  277 |         const int n = snprintf (buffers8 [ibuffer], MAXIMUM_NUMERIC_STRING_LENGTH + 1, "%.*f%%",
      |                   ^
melder/melder_ftoa.cpp:296:12: warning: unused variable 'n' [-Wunused-variable]
  296 |         const int n = snprintf (buffers8 [ibuffer], MAXIMUM_NUMERIC_STRING_LENGTH + 1, "%.*llX",
      |                   ^
melder/melder_ftoa.cpp:638:16: warning: unused variable 'tooLong' [-Wunused-variable]
  638 |         const integer tooLong = length - width;
      |                       ^~~~~~~
18 warnings generated.
clang++ -arch arm64 -std=gnu++17 -I"/Library/Frameworks/R.framework/Resources/include" -DNDEBUG -I. -Ipraat.github.io -Ipraat.github.io/kar -Ipraat.github.io/melder -Ipraat.github.io/sys -Ipraat.github.io/dwsys -Ipraat.github.io/dwtools -Ipraat.github.io/stat -Ipraat.github.io/fon -Ipraat.github.io/foned -Ipraat.github.io/LPC -Ipraat.github.io/sensors -Ipraat.github.io/external/portaudio -Ipraat.github.io/external/flac -Ipraat.github.io/external/mp3 -Ipraat.github.io/external/espeak -Ipraat.github.io/external/gsl -Ipraat.github.io/external/glpk -I'/Library/Frameworks/R.framework/Versions/4.4-arm64/Resources/library/Rcpp/include' -I/opt/R/arm64/include -I/opt/homebrew/opt/libomp/include -Xclang -fopenmp   -DPRAAT_LIB -DNO_GUI -DNO_AUDIO -DNO_GRAPHICS -DNO_NETWORK -DUNIX -pthread -ffp-contract=off -Wno-unused-parameter -Wno-sign-compare -Wno-unused-variable -Wno-deprecated-declarations -Wno-trigraphs -Wno-logical-op-parentheses -Wno-shift-op-parentheses -Wno-mismatched-tags -Wno-unused-const-variable -Wno-c++11-narrowing -fPIC  -falign-functions=64 -Wall -g -O2   -c melder/melder_console.cpp -o melder/melder_console.o
In file included from melder/melder_console.cpp:19:
In file included from praat.github.io/melder/melder.h:76:
praat.github.io/melder/melder_tensor.h:64:1: warning: 'vector' defined as a struct template here but previously declared as a class template; this is valid, but may result in linker errors under the Microsoft C++ ABI [-Wmismatched-tags]
   64 | struct vector {
      | ^
praat.github.io/melder/melder_tensor.h:52:23: note: did you mean struct here?
   52 | template <typename T> class vector;
      |                       ^~~~~
      |                       struct
praat.github.io/melder/melder_tensor.h:104:1: warning: 'constvector' defined as a struct template here but previously declared as a class template; this is valid, but may result in linker errors under the Microsoft C++ ABI [-Wmismatched-tags]
  104 | struct constvector {
      | ^
praat.github.io/melder/melder_tensor.h:53:23: note: did you mean struct here?
   53 | template <typename T> class constvector;
      |                       ^~~~~
      |                       struct
praat.github.io/melder/melder_tensor.h:137:1: warning: 'vectorview' defined as a struct template here but previously declared as a class template; this is valid, but may result in linker errors under the Microsoft C++ ABI [-Wmismatched-tags]
  137 | struct vectorview {
      | ^
praat.github.io/melder/melder_tensor.h:54:23: note: did you mean struct here?
   54 | template <typename T> class vectorview;
      |                       ^~~~~
      |                       struct
praat.github.io/melder/melder_tensor.h:167:1: warning: 'constvectorview' defined as a struct template here but previously declared as a class template; this is valid, but may result in linker errors under the Microsoft C++ ABI [-Wmismatched-tags]
  167 | struct constvectorview {
      | ^
praat.github.io/melder/melder_tensor.h:55:23: note: did you mean struct here?
   55 | template <typename T> class constvectorview;
      |                       ^~~~~
      |                       struct
praat.github.io/melder/melder_tensor.h:207:1: warning: 'autovector' defined as a struct template here but previously declared as a class template; this is valid, but may result in linker errors under the Microsoft C++ ABI [-Wmismatched-tags]
  207 | struct autovector {
      | ^
praat.github.io/melder/melder_tensor.h:56:23: note: did you mean struct here?
   56 | template <typename T> class autovector;
      |                       ^~~~~
      |                       struct
praat.github.io/melder/melder_tensor.h:388:1: warning: 'matrix' defined as a struct template here but previously declared as a class template; this is valid, but may result in linker errors under the Microsoft C++ ABI [-Wmismatched-tags]
  388 | struct matrix {
      | ^
praat.github.io/melder/melder_tensor.h:57:23: note: did you mean struct here?
   57 | template <typename T> class matrix;
      |                       ^~~~~
      |                       struct
praat.github.io/melder/melder_tensor.h:461:1: warning: 'constmatrix' defined as a struct template here but previously declared as a class template; this is valid, but may result in linker errors under the Microsoft C++ ABI [-Wmismatched-tags]
  461 | struct constmatrix {
      | ^
praat.github.io/melder/melder_tensor.h:58:23: note: did you mean struct here?
   58 | template <typename T> class constmatrix;
      |                       ^~~~~
      |                       struct
praat.github.io/melder/melder_tensor.h:532:1: warning: 'matrixview' defined as a struct template here but previously declared as a class template; this is valid, but may result in linker errors under the Microsoft C++ ABI [-Wmismatched-tags]
  532 | struct matrixview {
      | ^
praat.github.io/melder/melder_tensor.h:59:23: note: did you mean struct here?
   59 | template <typename T> class matrixview;
      |                       ^~~~~
      |                       struct
praat.github.io/melder/melder_tensor.h:612:1: warning: 'constmatrixview' defined as a struct template here but previously declared as a class template; this is valid, but may result in linker errors under the Microsoft C++ ABI [-Wmismatched-tags]
  612 | struct constmatrixview {
      | ^
praat.github.io/melder/melder_tensor.h:60:23: note: did you mean struct here?
   60 | template <typename T> class constmatrixview;
      |                       ^~~~~
      |                       struct
praat.github.io/melder/melder_tensor.h:683:1: warning: 'automatrix' defined as a struct template here but previously declared as a class template; this is valid, but may result in linker errors under the Microsoft C++ ABI [-Wmismatched-tags]
  683 | struct automatrix {
      | ^
praat.github.io/melder/melder_tensor.h:61:23: note: did you mean struct here?
   61 | template <typename T> class automatrix;
      |                       ^~~~~
      |                       struct
praat.github.io/melder/melder_tensor.h:703:18: warning: unused variable 'numberOfColumnsInThisRow' [-Wunused-variable]
  703 |                         const integer numberOfColumnsInThisRow = uinteger_to_integer_a (row.size());
      |                                       ^~~~~~~~~~~~~~~~~~~~~~~~
11 warnings generated.
clang++ -arch arm64 -std=gnu++17 -I"/Library/Frameworks/R.framework/Resources/include" -DNDEBUG -I. -Ipraat.github.io -Ipraat.github.io/kar -Ipraat.github.io/melder -Ipraat.github.io/sys -Ipraat.github.io/dwsys -Ipraat.github.io/dwtools -Ipraat.github.io/stat -Ipraat.github.io/fon -Ipraat.github.io/foned -Ipraat.github.io/LPC -Ipraat.github.io/sensors -Ipraat.github.io/external/portaudio -Ipraat.github.io/external/flac -Ipraat.github.io/external/mp3 -Ipraat.github.io/external/espeak -Ipraat.github.io/external/gsl -Ipraat.github.io/external/glpk -I'/Library/Frameworks/R.framework/Versions/4.4-arm64/Resources/library/Rcpp/include' -I/opt/R/arm64/include -I/opt/homebrew/opt/libomp/include -Xclang -fopenmp   -DPRAAT_LIB -DNO_GUI -DNO_AUDIO -DNO_GRAPHICS -DNO_NETWORK -DUNIX -pthread -ffp-contract=off -Wno-unused-parameter -Wno-sign-compare -Wno-unused-variable -Wno-deprecated-declarations -Wno-trigraphs -Wno-logical-op-parentheses -Wno-shift-op-parentheses -Wno-mismatched-tags -Wno-unused-const-variable -Wno-c++11-narrowing -fPIC  -falign-functions=64 -Wall -g -O2   -c melder/melder_textencoding.cpp -o melder/melder_textencoding.o
In file included from melder/melder_textencoding.cpp:19:
In file included from praat.github.io/melder/melder.h:76:
praat.github.io/melder/melder_tensor.h:64:1: warning: 'vector' defined as a struct template here but previously declared as a class template; this is valid, but may result in linker errors under the Microsoft C++ ABI [-Wmismatched-tags]
   64 | struct vector {
      | ^
praat.github.io/melder/melder_tensor.h:52:23: note: did you mean struct here?
   52 | template <typename T> class vector;
      |                       ^~~~~
      |                       struct
praat.github.io/melder/melder_tensor.h:104:1: warning: 'constvector' defined as a struct template here but previously declared as a class template; this is valid, but may result in linker errors under the Microsoft C++ ABI [-Wmismatched-tags]
  104 | struct constvector {
      | ^
praat.github.io/melder/melder_tensor.h:53:23: note: did you mean struct here?
   53 | template <typename T> class constvector;
      |                       ^~~~~
      |                       struct
praat.github.io/melder/melder_tensor.h:137:1: warning: 'vectorview' defined as a struct template here but previously declared as a class template; this is valid, but may result in linker errors under the Microsoft C++ ABI [-Wmismatched-tags]
  137 | struct vectorview {
      | ^
praat.github.io/melder/melder_tensor.h:54:23: note: did you mean struct here?
   54 | template <typename T> class vectorview;
      |                       ^~~~~
      |                       struct
praat.github.io/melder/melder_tensor.h:167:1: warning: 'constvectorview' defined as a struct template here but previously declared as a class template; this is valid, but may result in linker errors under the Microsoft C++ ABI [-Wmismatched-tags]
  167 | struct constvectorview {
      | ^
praat.github.io/melder/melder_tensor.h:55:23: note: did you mean struct here?
   55 | template <typename T> class constvectorview;
      |                       ^~~~~
      |                       struct
praat.github.io/melder/melder_tensor.h:207:1: warning: 'autovector' defined as a struct template here but previously declared as a class template; this is valid, but may result in linker errors under the Microsoft C++ ABI [-Wmismatched-tags]
  207 | struct autovector {
      | ^
praat.github.io/melder/melder_tensor.h:56:23: note: did you mean struct here?
   56 | template <typename T> class autovector;
      |                       ^~~~~
      |                       struct
praat.github.io/melder/melder_tensor.h:388:1: warning: 'matrix' defined as a struct template here but previously declared as a class template; this is valid, but may result in linker errors under the Microsoft C++ ABI [-Wmismatched-tags]
  388 | struct matrix {
      | ^
praat.github.io/melder/melder_tensor.h:57:23: note: did you mean struct here?
   57 | template <typename T> class matrix;
      |                       ^~~~~
      |                       struct
praat.github.io/melder/melder_tensor.h:461:1: warning: 'constmatrix' defined as a struct template here but previously declared as a class template; this is valid, but may result in linker errors under the Microsoft C++ ABI [-Wmismatched-tags]
  461 | struct constmatrix {
      | ^
praat.github.io/melder/melder_tensor.h:58:23: note: did you mean struct here?
   58 | template <typename T> class constmatrix;
      |                       ^~~~~
      |                       struct
praat.github.io/melder/melder_tensor.h:532:1: warning: 'matrixview' defined as a struct template here but previously declared as a class template; this is valid, but may result in linker errors under the Microsoft C++ ABI [-Wmismatched-tags]
  532 | struct matrixview {
      | ^
praat.github.io/melder/melder_tensor.h:59:23: note: did you mean struct here?
   59 | template <typename T> class matrixview;
      |                       ^~~~~
      |                       struct
praat.github.io/melder/melder_tensor.h:612:1: warning: 'constmatrixview' defined as a struct template here but previously declared as a class template; this is valid, but may result in linker errors under the Microsoft C++ ABI [-Wmismatched-tags]
  612 | struct constmatrixview {
      | ^
praat.github.io/melder/melder_tensor.h:60:23: note: did you mean struct here?
   60 | template <typename T> class constmatrixview;
      |                       ^~~~~
      |                       struct
praat.github.io/melder/melder_tensor.h:683:1: warning: 'automatrix' defined as a struct template here but previously declared as a class template; this is valid, but may result in linker errors under the Microsoft C++ ABI [-Wmismatched-tags]
  683 | struct automatrix {
      | ^
praat.github.io/melder/melder_tensor.h:61:23: note: did you mean struct here?
   61 | template <typename T> class automatrix;
      |                       ^~~~~
      |                       struct
praat.github.io/melder/melder_tensor.h:703:18: warning: unused variable 'numberOfColumnsInThisRow' [-Wunused-variable]
  703 |                         const integer numberOfColumnsInThisRow = uinteger_to_integer_a (row.size());
      |                                       ^~~~~~~~~~~~~~~~~~~~~~~~
11 warnings generated.
clang++ -arch arm64 -std=gnu++17 -I"/Library/Frameworks/R.framework/Resources/include" -DNDEBUG -I. -Ipraat.github.io -Ipraat.github.io/kar -Ipraat.github.io/melder -Ipraat.github.io/sys -Ipraat.github.io/dwsys -Ipraat.github.io/dwtools -Ipraat.github.io/stat -Ipraat.github.io/fon -Ipraat.github.io/foned -Ipraat.github.io/LPC -Ipraat.github.io/sensors -Ipraat.github.io/external/portaudio -Ipraat.github.io/external/flac -Ipraat.github.io/external/mp3 -Ipraat.github.io/external/espeak -Ipraat.github.io/external/gsl -Ipraat.github.io/external/glpk -I'/Library/Frameworks/R.framework/Versions/4.4-arm64/Resources/library/Rcpp/include' -I/opt/R/arm64/include -I/opt/homebrew/opt/libomp/include -Xclang -fopenmp   -DPRAAT_LIB -DNO_GUI -DNO_AUDIO -DNO_GRAPHICS -DNO_NETWORK -DUNIX -pthread -ffp-contract=off -Wno-unused-parameter -Wno-sign-compare -Wno-unused-variable -Wno-deprecated-declarations -Wno-trigraphs -Wno-logical-op-parentheses -Wno-shift-op-parentheses -Wno-mismatched-tags -Wno-unused-const-variable -Wno-c++11-narrowing -fPIC  -falign-functions=64 -Wall -g -O2   -c melder/melder_atof.cpp -o melder/melder_atof.o
In file included from melder/melder_atof.cpp:19:
In file included from praat.github.io/melder/melder.h:76:
praat.github.io/melder/melder_tensor.h:64:1: warning: 'vector' defined as a struct template here but previously declared as a class template; this is valid, but may result in linker errors under the Microsoft C++ ABI [-Wmismatched-tags]
   64 | struct vector {
      | ^
praat.github.io/melder/melder_tensor.h:52:23: note: did you mean struct here?
   52 | template <typename T> class vector;
      |                       ^~~~~
      |                       struct
praat.github.io/melder/melder_tensor.h:104:1: warning: 'constvector' defined as a struct template here but previously declared as a class template; this is valid, but may result in linker errors under the Microsoft C++ ABI [-Wmismatched-tags]
  104 | struct constvector {
      | ^
praat.github.io/melder/melder_tensor.h:53:23: note: did you mean struct here?
   53 | template <typename T> class constvector;
      |                       ^~~~~
      |                       struct
praat.github.io/melder/melder_tensor.h:137:1: warning: 'vectorview' defined as a struct template here but previously declared as a class template; this is valid, but may result in linker errors under the Microsoft C++ ABI [-Wmismatched-tags]
  137 | struct vectorview {
      | ^
praat.github.io/melder/melder_tensor.h:54:23: note: did you mean struct here?
   54 | template <typename T> class vectorview;
      |                       ^~~~~
      |                       struct
praat.github.io/melder/melder_tensor.h:167:1: warning: 'constvectorview' defined as a struct template here but previously declared as a class template; this is valid, but may result in linker errors under the Microsoft C++ ABI [-Wmismatched-tags]
  167 | struct constvectorview {
      | ^
praat.github.io/melder/melder_tensor.h:55:23: note: did you mean struct here?
   55 | template <typename T> class constvectorview;
      |                       ^~~~~
      |                       struct
praat.github.io/melder/melder_tensor.h:207:1: warning: 'autovector' defined as a struct template here but previously declared as a class template; this is valid, but may result in linker errors under the Microsoft C++ ABI [-Wmismatched-tags]
  207 | struct autovector {
      | ^
praat.github.io/melder/melder_tensor.h:56:23: note: did you mean struct here?
   56 | template <typename T> class autovector;
      |                       ^~~~~
      |                       struct
praat.github.io/melder/melder_tensor.h:388:1: warning: 'matrix' defined as a struct template here but previously declared as a class template; this is valid, but may result in linker errors under the Microsoft C++ ABI [-Wmismatched-tags]
  388 | struct matrix {
      | ^
praat.github.io/melder/melder_tensor.h:57:23: note: did you mean struct here?
   57 | template <typename T> class matrix;
      |                       ^~~~~
      |                       struct
praat.github.io/melder/melder_tensor.h:461:1: warning: 'constmatrix' defined as a struct template here but previously declared as a class template; this is valid, but may result in linker errors under the Microsoft C++ ABI [-Wmismatched-tags]
  461 | struct constmatrix {
      | ^
praat.github.io/melder/melder_tensor.h:58:23: note: did you mean struct here?
   58 | template <typename T> class constmatrix;
      |                       ^~~~~
      |                       struct
praat.github.io/melder/melder_tensor.h:532:1: warning: 'matrixview' defined as a struct template here but previously declared as a class template; this is valid, but may result in linker errors under the Microsoft C++ ABI [-Wmismatched-tags]
  532 | struct matrixview {
      | ^
praat.github.io/melder/melder_tensor.h:59:23: note: did you mean struct here?
   59 | template <typename T> class matrixview;
      |                       ^~~~~
      |                       struct
praat.github.io/melder/melder_tensor.h:612:1: warning: 'constmatrixview' defined as a struct template here but previously declared as a class template; this is valid, but may result in linker errors under the Microsoft C++ ABI [-Wmismatched-tags]
  612 | struct constmatrixview {
      | ^
praat.github.io/melder/melder_tensor.h:60:23: note: did you mean struct here?
   60 | template <typename T> class constmatrixview;
      |                       ^~~~~
      |                       struct
praat.github.io/melder/melder_tensor.h:683:1: warning: 'automatrix' defined as a struct template here but previously declared as a class template; this is valid, but may result in linker errors under the Microsoft C++ ABI [-Wmismatched-tags]
  683 | struct automatrix {
      | ^
praat.github.io/melder/melder_tensor.h:61:23: note: did you mean struct here?
   61 | template <typename T> class automatrix;
      |                       ^~~~~
      |                       struct
praat.github.io/melder/melder_tensor.h:703:18: warning: unused variable 'numberOfColumnsInThisRow' [-Wunused-variable]
  703 |                         const integer numberOfColumnsInThisRow = uinteger_to_integer_a (row.size());
      |                                       ^~~~~~~~~~~~~~~~~~~~~~~~
11 warnings generated.
clang++ -arch arm64 -std=gnu++17 -I"/Library/Frameworks/R.framework/Resources/include" -DNDEBUG -I. -Ipraat.github.io -Ipraat.github.io/kar -Ipraat.github.io/melder -Ipraat.github.io/sys -Ipraat.github.io/dwsys -Ipraat.github.io/dwtools -Ipraat.github.io/stat -Ipraat.github.io/fon -Ipraat.github.io/foned -Ipraat.github.io/LPC -Ipraat.github.io/sensors -Ipraat.github.io/external/portaudio -Ipraat.github.io/external/flac -Ipraat.github.io/external/mp3 -Ipraat.github.io/external/espeak -Ipraat.github.io/external/gsl -Ipraat.github.io/external/glpk -I'/Library/Frameworks/R.framework/Versions/4.4-arm64/Resources/library/Rcpp/include' -I/opt/R/arm64/include -I/opt/homebrew/opt/libomp/include -Xclang -fopenmp   -DPRAAT_LIB -DNO_GUI -DNO_AUDIO -DNO_GRAPHICS -DNO_NETWORK -DUNIX -pthread -ffp-contract=off -Wno-unused-parameter -Wno-sign-compare -Wno-unused-variable -Wno-deprecated-declarations -Wno-trigraphs -Wno-logical-op-parentheses -Wno-shift-op-parentheses -Wno-mismatched-tags -Wno-unused-const-variable -Wno-c++11-narrowing -fPIC  -falign-functions=64 -Wall -g -O2   -c melder/melder_files.cpp -o melder/melder_files.o
In file included from melder/melder_files.cpp:58:
In file included from praat.github.io/melder/melder.h:76:
praat.github.io/melder/melder_tensor.h:64:1: warning: 'vector' defined as a struct template here but previously declared as a class template; this is valid, but may result in linker errors under the Microsoft C++ ABI [-Wmismatched-tags]
   64 | struct vector {
      | ^
praat.github.io/melder/melder_tensor.h:52:23: note: did you mean struct here?
   52 | template <typename T> class vector;
      |                       ^~~~~
      |                       struct
praat.github.io/melder/melder_tensor.h:104:1: warning: 'constvector' defined as a struct template here but previously declared as a class template; this is valid, but may result in linker errors under the Microsoft C++ ABI [-Wmismatched-tags]
  104 | struct constvector {
      | ^
praat.github.io/melder/melder_tensor.h:53:23: note: did you mean struct here?
   53 | template <typename T> class constvector;
      |                       ^~~~~
      |                       struct
praat.github.io/melder/melder_tensor.h:137:1: warning: 'vectorview' defined as a struct template here but previously declared as a class template; this is valid, but may result in linker errors under the Microsoft C++ ABI [-Wmismatched-tags]
  137 | struct vectorview {
      | ^
praat.github.io/melder/melder_tensor.h:54:23: note: did you mean struct here?
   54 | template <typename T> class vectorview;
      |                       ^~~~~
      |                       struct
praat.github.io/melder/melder_tensor.h:167:1: warning: 'constvectorview' defined as a struct template here but previously declared as a class template; this is valid, but may result in linker errors under the Microsoft C++ ABI [-Wmismatched-tags]
  167 | struct constvectorview {
      | ^
praat.github.io/melder/melder_tensor.h:55:23: note: did you mean struct here?
   55 | template <typename T> class constvectorview;
      |                       ^~~~~
      |                       struct
praat.github.io/melder/melder_tensor.h:207:1: warning: 'autovector' defined as a struct template here but previously declared as a class template; this is valid, but may result in linker errors under the Microsoft C++ ABI [-Wmismatched-tags]
  207 | struct autovector {
      | ^
praat.github.io/melder/melder_tensor.h:56:23: note: did you mean struct here?
   56 | template <typename T> class autovector;
      |                       ^~~~~
      |                       struct
praat.github.io/melder/melder_tensor.h:388:1: warning: 'matrix' defined as a struct template here but previously declared as a class template; this is valid, but may result in linker errors under the Microsoft C++ ABI [-Wmismatched-tags]
  388 | struct matrix {
      | ^
praat.github.io/melder/melder_tensor.h:57:23: note: did you mean struct here?
   57 | template <typename T> class matrix;
      |                       ^~~~~
      |                       struct
praat.github.io/melder/melder_tensor.h:461:1: warning: 'constmatrix' defined as a struct template here but previously declared as a class template; this is valid, but may result in linker errors under the Microsoft C++ ABI [-Wmismatched-tags]
  461 | struct constmatrix {
      | ^
praat.github.io/melder/melder_tensor.h:58:23: note: did you mean struct here?
   58 | template <typename T> class constmatrix;
      |                       ^~~~~
      |                       struct
praat.github.io/melder/melder_tensor.h:532:1: warning: 'matrixview' defined as a struct template here but previously declared as a class template; this is valid, but may result in linker errors under the Microsoft C++ ABI [-Wmismatched-tags]
  532 | struct matrixview {
      | ^
praat.github.io/melder/melder_tensor.h:59:23: note: did you mean struct here?
   59 | template <typename T> class matrixview;
      |                       ^~~~~
      |                       struct
praat.github.io/melder/melder_tensor.h:612:1: warning: 'constmatrixview' defined as a struct template here but previously declared as a class template; this is valid, but may result in linker errors under the Microsoft C++ ABI [-Wmismatched-tags]
  612 | struct constmatrixview {
      | ^
praat.github.io/melder/melder_tensor.h:60:23: note: did you mean struct here?
   60 | template <typename T> class constmatrixview;
      |                       ^~~~~
      |                       struct
praat.github.io/melder/melder_tensor.h:683:1: warning: 'automatrix' defined as a struct template here but previously declared as a class template; this is valid, but may result in linker errors under the Microsoft C++ ABI [-Wmismatched-tags]
  683 | struct automatrix {
      | ^
praat.github.io/melder/melder_tensor.h:61:23: note: did you mean struct here?
   61 | template <typename T> class automatrix;
      |                       ^~~~~
      |                       struct
praat.github.io/melder/melder_tensor.h:703:18: warning: unused variable 'numberOfColumnsInThisRow' [-Wunused-variable]
  703 |                         const integer numberOfColumnsInThisRow = uinteger_to_integer_a (row.size());
      |                                       ^~~~~~~~~~~~~~~~~~~~~~~~
melder/melder_files.cpp:244:25: warning: variable 'pathIsAbsolute' set but not used [-Wunused-but-set-variable]
  244 |                 } else if (const bool pathIsAbsolute = (
      |                                       ^
melder/melder_files.cpp:242:18: warning: variable 'pathIsHomeRelative' set but not used [-Wunused-but-set-variable]
  242 |                 if (const bool pathIsHomeRelative = ( path [0] == U'~' && (path [1] == U'/' || path [1] == U'\0') )) {
      |                                ^
13 warnings generated.
clang++ -arch arm64 -std=gnu++17 -I"/Library/Frameworks/R.framework/Resources/include" -DNDEBUG -I. -Ipraat.github.io -Ipraat.github.io/kar -Ipraat.github.io/melder -Ipraat.github.io/sys -Ipraat.github.io/dwsys -Ipraat.github.io/dwtools -Ipraat.github.io/stat -Ipraat.github.io/fon -Ipraat.github.io/foned -Ipraat.github.io/LPC -Ipraat.github.io/sensors -Ipraat.github.io/external/portaudio -Ipraat.github.io/external/flac -Ipraat.github.io/external/mp3 -Ipraat.github.io/external/espeak -Ipraat.github.io/external/gsl -Ipraat.github.io/external/glpk -I'/Library/Frameworks/R.framework/Versions/4.4-arm64/Resources/library/Rcpp/include' -I/opt/R/arm64/include -I/opt/homebrew/opt/libomp/include -Xclang -fopenmp   -DPRAAT_LIB -DNO_GUI -DNO_AUDIO -DNO_GRAPHICS -DNO_NETWORK -DUNIX -pthread -ffp-contract=off -Wno-unused-parameter -Wno-sign-compare -Wno-unused-variable -Wno-deprecated-declarations -Wno-trigraphs -Wno-logical-op-parentheses -Wno-shift-op-parentheses -Wno-mismatched-tags -Wno-unused-const-variable -Wno-c++11-narrowing -fPIC  -falign-functions=64 -Wall -g -O2   -c melder/melder_sort.cpp -o melder/melder_sort.o
In file included from melder/melder_sort.cpp:19:
In file included from praat.github.io/melder/melder.h:76:
praat.github.io/melder/melder_tensor.h:64:1: warning: 'vector' defined as a struct template here but previously declared as a class template; this is valid, but may result in linker errors under the Microsoft C++ ABI [-Wmismatched-tags]
   64 | struct vector {
      | ^
praat.github.io/melder/melder_tensor.h:52:23: note: did you mean struct here?
   52 | template <typename T> class vector;
      |                       ^~~~~
      |                       struct
praat.github.io/melder/melder_tensor.h:104:1: warning: 'constvector' defined as a struct template here but previously declared as a class template; this is valid, but may result in linker errors under the Microsoft C++ ABI [-Wmismatched-tags]
  104 | struct constvector {
      | ^
praat.github.io/melder/melder_tensor.h:53:23: note: did you mean struct here?
   53 | template <typename T> class constvector;
      |                       ^~~~~
      |                       struct
praat.github.io/melder/melder_tensor.h:137:1: warning: 'vectorview' defined as a struct template here but previously declared as a class template; this is valid, but may result in linker errors under the Microsoft C++ ABI [-Wmismatched-tags]
  137 | struct vectorview {
      | ^
praat.github.io/melder/melder_tensor.h:54:23: note: did you mean struct here?
   54 | template <typename T> class vectorview;
      |                       ^~~~~
      |                       struct
praat.github.io/melder/melder_tensor.h:167:1: warning: 'constvectorview' defined as a struct template here but previously declared as a class template; this is valid, but may result in linker errors under the Microsoft C++ ABI [-Wmismatched-tags]
  167 | struct constvectorview {
      | ^
praat.github.io/melder/melder_tensor.h:55:23: note: did you mean struct here?
   55 | template <typename T> class constvectorview;
      |                       ^~~~~
      |                       struct
praat.github.io/melder/melder_tensor.h:207:1: warning: 'autovector' defined as a struct template here but previously declared as a class template; this is valid, but may result in linker errors under the Microsoft C++ ABI [-Wmismatched-tags]
  207 | struct autovector {
      | ^
praat.github.io/melder/melder_tensor.h:56:23: note: did you mean struct here?
   56 | template <typename T> class autovector;
      |                       ^~~~~
      |                       struct
praat.github.io/melder/melder_tensor.h:388:1: warning: 'matrix' defined as a struct template here but previously declared as a class template; this is valid, but may result in linker errors under the Microsoft C++ ABI [-Wmismatched-tags]
  388 | struct matrix {
      | ^
praat.github.io/melder/melder_tensor.h:57:23: note: did you mean struct here?
   57 | template <typename T> class matrix;
      |                       ^~~~~
      |                       struct
praat.github.io/melder/melder_tensor.h:461:1: warning: 'constmatrix' defined as a struct template here but previously declared as a class template; this is valid, but may result in linker errors under the Microsoft C++ ABI [-Wmismatched-tags]
  461 | struct constmatrix {
      | ^
praat.github.io/melder/melder_tensor.h:58:23: note: did you mean struct here?
   58 | template <typename T> class constmatrix;
      |                       ^~~~~
      |                       struct
praat.github.io/melder/melder_tensor.h:532:1: warning: 'matrixview' defined as a struct template here but previously declared as a class template; this is valid, but may result in linker errors under the Microsoft C++ ABI [-Wmismatched-tags]
  532 | struct matrixview {
      | ^
praat.github.io/melder/melder_tensor.h:59:23: note: did you mean struct here?
   59 | template <typename T> class matrixview;
      |                       ^~~~~
      |                       struct
praat.github.io/melder/melder_tensor.h:612:1: warning: 'constmatrixview' defined as a struct template here but previously declared as a class template; this is valid, but may result in linker errors under the Microsoft C++ ABI [-Wmismatched-tags]
  612 | struct constmatrixview {
      | ^
praat.github.io/melder/melder_tensor.h:60:23: note: did you mean struct here?
   60 | template <typename T> class constmatrixview;
      |                       ^~~~~
      |                       struct
praat.github.io/melder/melder_tensor.h:683:1: warning: 'automatrix' defined as a struct template here but previously declared as a class template; this is valid, but may result in linker errors under the Microsoft C++ ABI [-Wmismatched-tags]
  683 | struct automatrix {
      | ^
praat.github.io/melder/melder_tensor.h:61:23: note: did you mean struct here?
   61 | template <typename T> class automatrix;
      |                       ^~~~~
      |                       struct
praat.github.io/melder/melder_tensor.h:703:18: warning: unused variable 'numberOfColumnsInThisRow' [-Wunused-variable]
  703 |                         const integer numberOfColumnsInThisRow = uinteger_to_integer_a (row.size());
      |                                       ^~~~~~~~~~~~~~~~~~~~~~~~
11 warnings generated.
clang++ -arch arm64 -std=gnu++17 -I"/Library/Frameworks/R.framework/Resources/include" -DNDEBUG -I. -Ipraat.github.io -Ipraat.github.io/kar -Ipraat.github.io/melder -Ipraat.github.io/sys -Ipraat.github.io/dwsys -Ipraat.github.io/dwtools -Ipraat.github.io/stat -Ipraat.github.io/fon -Ipraat.github.io/foned -Ipraat.github.io/LPC -Ipraat.github.io/sensors -Ipraat.github.io/external/portaudio -Ipraat.github.io/external/flac -Ipraat.github.io/external/mp3 -Ipraat.github.io/external/espeak -Ipraat.github.io/external/gsl -Ipraat.github.io/external/glpk -I'/Library/Frameworks/R.framework/Versions/4.4-arm64/Resources/library/Rcpp/include' -I/opt/R/arm64/include -I/opt/homebrew/opt/libomp/include -Xclang -fopenmp   -DPRAAT_LIB -DNO_GUI -DNO_AUDIO -DNO_GRAPHICS -DNO_NETWORK -DUNIX -pthread -ffp-contract=off -Wno-unused-parameter -Wno-sign-compare -Wno-unused-variable -Wno-deprecated-declarations -Wno-trigraphs -Wno-logical-op-parentheses -Wno-shift-op-parentheses -Wno-mismatched-tags -Wno-unused-const-variable -Wno-c++11-narrowing -fPIC  -falign-functions=64 -Wall -g -O2   -c melder/melder_debug.cpp -o melder/melder_debug.o
In file included from melder/melder_debug.cpp:19:
In file included from praat.github.io/melder/melder.h:76:
praat.github.io/melder/melder_tensor.h:64:1: warning: 'vector' defined as a struct template here but previously declared as a class template; this is valid, but may result in linker errors under the Microsoft C++ ABI [-Wmismatched-tags]
   64 | struct vector {
      | ^
praat.github.io/melder/melder_tensor.h:52:23: note: did you mean struct here?
   52 | template <typename T> class vector;
      |                       ^~~~~
      |                       struct
praat.github.io/melder/melder_tensor.h:104:1: warning: 'constvector' defined as a struct template here but previously declared as a class template; this is valid, but may result in linker errors under the Microsoft C++ ABI [-Wmismatched-tags]
  104 | struct constvector {
      | ^
praat.github.io/melder/melder_tensor.h:53:23: note: did you mean struct here?
   53 | template <typename T> class constvector;
      |                       ^~~~~
      |                       struct
praat.github.io/melder/melder_tensor.h:137:1: warning: 'vectorview' defined as a struct template here but previously declared as a class template; this is valid, but may result in linker errors under the Microsoft C++ ABI [-Wmismatched-tags]
  137 | struct vectorview {
      | ^
praat.github.io/melder/melder_tensor.h:54:23: note: did you mean struct here?
   54 | template <typename T> class vectorview;
      |                       ^~~~~
      |                       struct
praat.github.io/melder/melder_tensor.h:167:1: warning: 'constvectorview' defined as a struct template here but previously declared as a class template; this is valid, but may result in linker errors under the Microsoft C++ ABI [-Wmismatched-tags]
  167 | struct constvectorview {
      | ^
praat.github.io/melder/melder_tensor.h:55:23: note: did you mean struct here?
   55 | template <typename T> class constvectorview;
      |                       ^~~~~
      |                       struct
praat.github.io/melder/melder_tensor.h:207:1: warning: 'autovector' defined as a struct template here but previously declared as a class template; this is valid, but may result in linker errors under the Microsoft C++ ABI [-Wmismatched-tags]
  207 | struct autovector {
      | ^
praat.github.io/melder/melder_tensor.h:56:23: note: did you mean struct here?
   56 | template <typename T> class autovector;
      |                       ^~~~~
      |                       struct
praat.github.io/melder/melder_tensor.h:388:1: warning: 'matrix' defined as a struct template here but previously declared as a class template; this is valid, but may result in linker errors under the Microsoft C++ ABI [-Wmismatched-tags]
  388 | struct matrix {
      | ^
praat.github.io/melder/melder_tensor.h:57:23: note: did you mean struct here?
   57 | template <typename T> class matrix;
      |                       ^~~~~
      |                       struct
praat.github.io/melder/melder_tensor.h:461:1: warning: 'constmatrix' defined as a struct template here but previously declared as a class template; this is valid, but may result in linker errors under the Microsoft C++ ABI [-Wmismatched-tags]
  461 | struct constmatrix {
      | ^
praat.github.io/melder/melder_tensor.h:58:23: note: did you mean struct here?
   58 | template <typename T> class constmatrix;
      |                       ^~~~~
      |                       struct
praat.github.io/melder/melder_tensor.h:532:1: warning: 'matrixview' defined as a struct template here but previously declared as a class template; this is valid, but may result in linker errors under the Microsoft C++ ABI [-Wmismatched-tags]
  532 | struct matrixview {
      | ^
praat.github.io/melder/melder_tensor.h:59:23: note: did you mean struct here?
   59 | template <typename T> class matrixview;
      |                       ^~~~~
      |                       struct
praat.github.io/melder/melder_tensor.h:612:1: warning: 'constmatrixview' defined as a struct template here but previously declared as a class template; this is valid, but may result in linker errors under the Microsoft C++ ABI [-Wmismatched-tags]
  612 | struct constmatrixview {
      | ^
praat.github.io/melder/melder_tensor.h:60:23: note: did you mean struct here?
   60 | template <typename T> class constmatrixview;
      |                       ^~~~~
      |                       struct
praat.github.io/melder/melder_tensor.h:683:1: warning: 'automatrix' defined as a struct template here but previously declared as a class template; this is valid, but may result in linker errors under the Microsoft C++ ABI [-Wmismatched-tags]
  683 | struct automatrix {
      | ^
praat.github.io/melder/melder_tensor.h:61:23: note: did you mean struct here?
   61 | template <typename T> class automatrix;
      |                       ^~~~~
      |                       struct
praat.github.io/melder/melder_tensor.h:703:18: warning: unused variable 'numberOfColumnsInThisRow' [-Wunused-variable]
  703 |                         const integer numberOfColumnsInThisRow = uinteger_to_integer_a (row.size());
      |                                       ^~~~~~~~~~~~~~~~~~~~~~~~
melder/melder_debug.cpp:256:9: warning: unused variable 'today' [-Wunused-variable]
  256 |         time_t today = time (nullptr);
      |                ^~~~~
12 warnings generated.
clang++ -arch arm64 -std=gnu++17 -I"/Library/Frameworks/R.framework/Resources/include" -DNDEBUG -I. -Ipraat.github.io -Ipraat.github.io/kar -Ipraat.github.io/melder -Ipraat.github.io/sys -Ipraat.github.io/dwsys -Ipraat.github.io/dwtools -Ipraat.github.io/stat -Ipraat.github.io/fon -Ipraat.github.io/foned -Ipraat.github.io/LPC -Ipraat.github.io/sensors -Ipraat.github.io/external/portaudio -Ipraat.github.io/external/flac -Ipraat.github.io/external/mp3 -Ipraat.github.io/external/espeak -Ipraat.github.io/external/gsl -Ipraat.github.io/external/glpk -I'/Library/Frameworks/R.framework/Versions/4.4-arm64/Resources/library/Rcpp/include' -I/opt/R/arm64/include -I/opt/homebrew/opt/libomp/include -Xclang -fopenmp   -DPRAAT_LIB -DNO_GUI -DNO_AUDIO -DNO_GRAPHICS -DNO_NETWORK -DUNIX -pthread -ffp-contract=off -Wno-unused-parameter -Wno-sign-compare -Wno-unused-variable -Wno-deprecated-declarations -Wno-trigraphs -Wno-logical-op-parentheses -Wno-shift-op-parentheses -Wno-mismatched-tags -Wno-unused-const-variable -Wno-c++11-narrowing -fPIC  -falign-functions=64 -Wall -g -O2   -c melder/MelderString.cpp -o melder/MelderString.o
In file included from melder/MelderString.cpp:19:
In file included from praat.github.io/melder/melder.h:76:
praat.github.io/melder/melder_tensor.h:64:1: warning: 'vector' defined as a struct template here but previously declared as a class template; this is valid, but may result in linker errors under the Microsoft C++ ABI [-Wmismatched-tags]
   64 | struct vector {
      | ^
praat.github.io/melder/melder_tensor.h:52:23: note: did you mean struct here?
   52 | template <typename T> class vector;
      |                       ^~~~~
      |                       struct
praat.github.io/melder/melder_tensor.h:104:1: warning: 'constvector' defined as a struct template here but previously declared as a class template; this is valid, but may result in linker errors under the Microsoft C++ ABI [-Wmismatched-tags]
  104 | struct constvector {
      | ^
praat.github.io/melder/melder_tensor.h:53:23: note: did you mean struct here?
   53 | template <typename T> class constvector;
      |                       ^~~~~
      |                       struct
praat.github.io/melder/melder_tensor.h:137:1: warning: 'vectorview' defined as a struct template here but previously declared as a class template; this is valid, but may result in linker errors under the Microsoft C++ ABI [-Wmismatched-tags]
  137 | struct vectorview {
      | ^
praat.github.io/melder/melder_tensor.h:54:23: note: did you mean struct here?
   54 | template <typename T> class vectorview;
      |                       ^~~~~
      |                       struct
praat.github.io/melder/melder_tensor.h:167:1: warning: 'constvectorview' defined as a struct template here but previously declared as a class template; this is valid, but may result in linker errors under the Microsoft C++ ABI [-Wmismatched-tags]
  167 | struct constvectorview {
      | ^
praat.github.io/melder/melder_tensor.h:55:23: note: did you mean struct here?
   55 | template <typename T> class constvectorview;
      |                       ^~~~~
      |                       struct
praat.github.io/melder/melder_tensor.h:207:1: warning: 'autovector' defined as a struct template here but previously declared as a class template; this is valid, but may result in linker errors under the Microsoft C++ ABI [-Wmismatched-tags]
  207 | struct autovector {
      | ^
praat.github.io/melder/melder_tensor.h:56:23: note: did you mean struct here?
   56 | template <typename T> class autovector;
      |                       ^~~~~
      |                       struct
praat.github.io/melder/melder_tensor.h:388:1: warning: 'matrix' defined as a struct template here but previously declared as a class template; this is valid, but may result in linker errors under the Microsoft C++ ABI [-Wmismatched-tags]
  388 | struct matrix {
      | ^
praat.github.io/melder/melder_tensor.h:57:23: note: did you mean struct here?
   57 | template <typename T> class matrix;
      |                       ^~~~~
      |                       struct
praat.github.io/melder/melder_tensor.h:461:1: warning: 'constmatrix' defined as a struct template here but previously declared as a class template; this is valid, but may result in linker errors under the Microsoft C++ ABI [-Wmismatched-tags]
  461 | struct constmatrix {
      | ^
praat.github.io/melder/melder_tensor.h:58:23: note: did you mean struct here?
   58 | template <typename T> class constmatrix;
      |                       ^~~~~
      |                       struct
praat.github.io/melder/melder_tensor.h:532:1: warning: 'matrixview' defined as a struct template here but previously declared as a class template; this is valid, but may result in linker errors under the Microsoft C++ ABI [-Wmismatched-tags]
  532 | struct matrixview {
      | ^
praat.github.io/melder/melder_tensor.h:59:23: note: did you mean struct here?
   59 | template <typename T> class matrixview;
      |                       ^~~~~
      |                       struct
praat.github.io/melder/melder_tensor.h:612:1: warning: 'constmatrixview' defined as a struct template here but previously declared as a class template; this is valid, but may result in linker errors under the Microsoft C++ ABI [-Wmismatched-tags]
  612 | struct constmatrixview {
      | ^
praat.github.io/melder/melder_tensor.h:60:23: note: did you mean struct here?
   60 | template <typename T> class constmatrixview;
      |                       ^~~~~
      |                       struct
praat.github.io/melder/melder_tensor.h:683:1: warning: 'automatrix' defined as a struct template here but previously declared as a class template; this is valid, but may result in linker errors under the Microsoft C++ ABI [-Wmismatched-tags]
  683 | struct automatrix {
      | ^
praat.github.io/melder/melder_tensor.h:61:23: note: did you mean struct here?
   61 | template <typename T> class automatrix;
      |                       ^~~~~
      |                       struct
praat.github.io/melder/melder_tensor.h:703:18: warning: unused variable 'numberOfColumnsInThisRow' [-Wunused-variable]
  703 |                         const integer numberOfColumnsInThisRow = uinteger_to_integer_a (row.size());
      |                                       ^~~~~~~~~~~~~~~~~~~~~~~~
11 warnings generated.
clang++ -arch arm64 -std=gnu++17 -I"/Library/Frameworks/R.framework/Resources/include" -DNDEBUG -I. -Ipraat.github.io -Ipraat.github.io/kar -Ipraat.github.io/melder -Ipraat.github.io/sys -Ipraat.github.io/dwsys -Ipraat.github.io/dwtools -Ipraat.github.io/stat -Ipraat.github.io/fon -Ipraat.github.io/foned -Ipraat.github.io/LPC -Ipraat.github.io/sensors -Ipraat.github.io/external/portaudio -Ipraat.github.io/external/flac -Ipraat.github.io/external/mp3 -Ipraat.github.io/external/espeak -Ipraat.github.io/external/gsl -Ipraat.github.io/external/glpk -I'/Library/Frameworks/R.framework/Versions/4.4-arm64/Resources/library/Rcpp/include' -I/opt/R/arm64/include -I/opt/homebrew/opt/libomp/include -Xclang -fopenmp   -DPRAAT_LIB -DNO_GUI -DNO_AUDIO -DNO_GRAPHICS -DNO_NETWORK -DUNIX -pthread -ffp-contract=off -Wno-unused-parameter -Wno-sign-compare -Wno-unused-variable -Wno-deprecated-declarations -Wno-trigraphs -Wno-logical-op-parentheses -Wno-shift-op-parentheses -Wno-mismatched-tags -Wno-unused-const-variable -Wno-c++11-narrowing -fPIC  -falign-functions=64 -Wall -g -O2   -c melder/melder_search.cpp -o melder/melder_search.o
In file included from melder/melder_search.cpp:19:
In file included from praat.github.io/melder/melder.h:76:
praat.github.io/melder/melder_tensor.h:64:1: warning: 'vector' defined as a struct template here but previously declared as a class template; this is valid, but may result in linker errors under the Microsoft C++ ABI [-Wmismatched-tags]
   64 | struct vector {
      | ^
praat.github.io/melder/melder_tensor.h:52:23: note: did you mean struct here?
   52 | template <typename T> class vector;
      |                       ^~~~~
      |                       struct
praat.github.io/melder/melder_tensor.h:104:1: warning: 'constvector' defined as a struct template here but previously declared as a class template; this is valid, but may result in linker errors under the Microsoft C++ ABI [-Wmismatched-tags]
  104 | struct constvector {
      | ^
praat.github.io/melder/melder_tensor.h:53:23: note: did you mean struct here?
   53 | template <typename T> class constvector;
      |                       ^~~~~
      |                       struct
praat.github.io/melder/melder_tensor.h:137:1: warning: 'vectorview' defined as a struct template here but previously declared as a class template; this is valid, but may result in linker errors under the Microsoft C++ ABI [-Wmismatched-tags]
  137 | struct vectorview {
      | ^
praat.github.io/melder/melder_tensor.h:54:23: note: did you mean struct here?
   54 | template <typename T> class vectorview;
      |                       ^~~~~
      |                       struct
praat.github.io/melder/melder_tensor.h:167:1: warning: 'constvectorview' defined as a struct template here but previously declared as a class template; this is valid, but may result in linker errors under the Microsoft C++ ABI [-Wmismatched-tags]
  167 | struct constvectorview {
      | ^
praat.github.io/melder/melder_tensor.h:55:23: note: did you mean struct here?
   55 | template <typename T> class constvectorview;
      |                       ^~~~~
      |                       struct
praat.github.io/melder/melder_tensor.h:207:1: warning: 'autovector' defined as a struct template here but previously declared as a class template; this is valid, but may result in linker errors under the Microsoft C++ ABI [-Wmismatched-tags]
  207 | struct autovector {
      | ^
praat.github.io/melder/melder_tensor.h:56:23: note: did you mean struct here?
   56 | template <typename T> class autovector;
      |                       ^~~~~
      |                       struct
praat.github.io/melder/melder_tensor.h:388:1: warning: 'matrix' defined as a struct template here but previously declared as a class template; this is valid, but may result in linker errors under the Microsoft C++ ABI [-Wmismatched-tags]
  388 | struct matrix {
      | ^
praat.github.io/melder/melder_tensor.h:57:23: note: did you mean struct here?
   57 | template <typename T> class matrix;
      |                       ^~~~~
      |                       struct
praat.github.io/melder/melder_tensor.h:461:1: warning: 'constmatrix' defined as a struct template here but previously declared as a class template; this is valid, but may result in linker errors under the Microsoft C++ ABI [-Wmismatched-tags]
  461 | struct constmatrix {
      | ^
praat.github.io/melder/melder_tensor.h:58:23: note: did you mean struct here?
   58 | template <typename T> class constmatrix;
      |                       ^~~~~
      |                       struct
praat.github.io/melder/melder_tensor.h:532:1: warning: 'matrixview' defined as a struct template here but previously declared as a class template; this is valid, but may result in linker errors under the Microsoft C++ ABI [-Wmismatched-tags]
  532 | struct matrixview {
      | ^
praat.github.io/melder/melder_tensor.h:59:23: note: did you mean struct here?
   59 | template <typename T> class matrixview;
      |                       ^~~~~
      |                       struct
praat.github.io/melder/melder_tensor.h:612:1: warning: 'constmatrixview' defined as a struct template here but previously declared as a class template; this is valid, but may result in linker errors under the Microsoft C++ ABI [-Wmismatched-tags]
  612 | struct constmatrixview {
      | ^
praat.github.io/melder/melder_tensor.h:60:23: note: did you mean struct here?
   60 | template <typename T> class constmatrixview;
      |                       ^~~~~
      |                       struct
praat.github.io/melder/melder_tensor.h:683:1: warning: 'automatrix' defined as a struct template here but previously declared as a class template; this is valid, but may result in linker errors under the Microsoft C++ ABI [-Wmismatched-tags]
  683 | struct automatrix {
      | ^
praat.github.io/melder/melder_tensor.h:61:23: note: did you mean struct here?
   61 | template <typename T> class automatrix;
      |                       ^~~~~
      |                       struct
praat.github.io/melder/melder_tensor.h:703:18: warning: unused variable 'numberOfColumnsInThisRow' [-Wunused-variable]
  703 |                         const integer numberOfColumnsInThisRow = uinteger_to_integer_a (row.size());
      |                                       ^~~~~~~~~~~~~~~~~~~~~~~~
11 warnings generated.
clang++ -arch arm64 -std=gnu++17 -I"/Library/Frameworks/R.framework/Resources/include" -DNDEBUG -I. -Ipraat.github.io -Ipraat.github.io/kar -Ipraat.github.io/melder -Ipraat.github.io/sys -Ipraat.github.io/dwsys -Ipraat.github.io/dwtools -Ipraat.github.io/stat -Ipraat.github.io/fon -Ipraat.github.io/foned -Ipraat.github.io/LPC -Ipraat.github.io/sensors -Ipraat.github.io/external/portaudio -Ipraat.github.io/external/flac -Ipraat.github.io/external/mp3 -Ipraat.github.io/external/espeak -Ipraat.github.io/external/gsl -Ipraat.github.io/external/glpk -I'/Library/Frameworks/R.framework/Versions/4.4-arm64/Resources/library/Rcpp/include' -I/opt/R/arm64/include -I/opt/homebrew/opt/libomp/include -Xclang -fopenmp   -DPRAAT_LIB -DNO_GUI -DNO_AUDIO -DNO_GRAPHICS -DNO_NETWORK -DUNIX -pthread -ffp-contract=off -Wno-unused-parameter -Wno-sign-compare -Wno-unused-variable -Wno-deprecated-declarations -Wno-trigraphs -Wno-logical-op-parentheses -Wno-shift-op-parentheses -Wno-mismatched-tags -Wno-unused-const-variable -Wno-c++11-narrowing -fPIC  -falign-functions=64 -Wall -g -O2   -c melder/melder_info.cpp -o melder/melder_info.o
In file included from melder/melder_info.cpp:19:
In file included from praat.github.io/melder/melder.h:76:
praat.github.io/melder/melder_tensor.h:64:1: warning: 'vector' defined as a struct template here but previously declared as a class template; this is valid, but may result in linker errors under the Microsoft C++ ABI [-Wmismatched-tags]
   64 | struct vector {
      | ^
praat.github.io/melder/melder_tensor.h:52:23: note: did you mean struct here?
   52 | template <typename T> class vector;
      |                       ^~~~~
      |                       struct
praat.github.io/melder/melder_tensor.h:104:1: warning: 'constvector' defined as a struct template here but previously declared as a class template; this is valid, but may result in linker errors under the Microsoft C++ ABI [-Wmismatched-tags]
  104 | struct constvector {
      | ^
praat.github.io/melder/melder_tensor.h:53:23: note: did you mean struct here?
   53 | template <typename T> class constvector;
      |                       ^~~~~
      |                       struct
praat.github.io/melder/melder_tensor.h:137:1: warning: 'vectorview' defined as a struct template here but previously declared as a class template; this is valid, but may result in linker errors under the Microsoft C++ ABI [-Wmismatched-tags]
  137 | struct vectorview {
      | ^
praat.github.io/melder/melder_tensor.h:54:23: note: did you mean struct here?
   54 | template <typename T> class vectorview;
      |                       ^~~~~
      |                       struct
praat.github.io/melder/melder_tensor.h:167:1: warning: 'constvectorview' defined as a struct template here but previously declared as a class template; this is valid, but may result in linker errors under the Microsoft C++ ABI [-Wmismatched-tags]
  167 | struct constvectorview {
      | ^
praat.github.io/melder/melder_tensor.h:55:23: note: did you mean struct here?
   55 | template <typename T> class constvectorview;
      |                       ^~~~~
      |                       struct
praat.github.io/melder/melder_tensor.h:207:1: warning: 'autovector' defined as a struct template here but previously declared as a class template; this is valid, but may result in linker errors under the Microsoft C++ ABI [-Wmismatched-tags]
  207 | struct autovector {
      | ^
praat.github.io/melder/melder_tensor.h:56:23: note: did you mean struct here?
   56 | template <typename T> class autovector;
      |                       ^~~~~
      |                       struct
praat.github.io/melder/melder_tensor.h:388:1: warning: 'matrix' defined as a struct template here but previously declared as a class template; this is valid, but may result in linker errors under the Microsoft C++ ABI [-Wmismatched-tags]
  388 | struct matrix {
      | ^
praat.github.io/melder/melder_tensor.h:57:23: note: did you mean struct here?
   57 | template <typename T> class matrix;
      |                       ^~~~~
      |                       struct
praat.github.io/melder/melder_tensor.h:461:1: warning: 'constmatrix' defined as a struct template here but previously declared as a class template; this is valid, but may result in linker errors under the Microsoft C++ ABI [-Wmismatched-tags]
  461 | struct constmatrix {
      | ^
praat.github.io/melder/melder_tensor.h:58:23: note: did you mean struct here?
   58 | template <typename T> class constmatrix;
      |                       ^~~~~
      |                       struct
praat.github.io/melder/melder_tensor.h:532:1: warning: 'matrixview' defined as a struct template here but previously declared as a class template; this is valid, but may result in linker errors under the Microsoft C++ ABI [-Wmismatched-tags]
  532 | struct matrixview {
      | ^
praat.github.io/melder/melder_tensor.h:59:23: note: did you mean struct here?
   59 | template <typename T> class matrixview;
      |                       ^~~~~
      |                       struct
praat.github.io/melder/melder_tensor.h:612:1: warning: 'constmatrixview' defined as a struct template here but previously declared as a class template; this is valid, but may result in linker errors under the Microsoft C++ ABI [-Wmismatched-tags]
  612 | struct constmatrixview {
      | ^
praat.github.io/melder/melder_tensor.h:60:23: note: did you mean struct here?
   60 | template <typename T> class constmatrixview;
      |                       ^~~~~
      |                       struct
praat.github.io/melder/melder_tensor.h:683:1: warning: 'automatrix' defined as a struct template here but previously declared as a class template; this is valid, but may result in linker errors under the Microsoft C++ ABI [-Wmismatched-tags]
  683 | struct automatrix {
      | ^
praat.github.io/melder/melder_tensor.h:61:23: note: did you mean struct here?
   61 | template <typename T> class automatrix;
      |                       ^~~~~
      |                       struct
praat.github.io/melder/melder_tensor.h:703:18: warning: unused variable 'numberOfColumnsInThisRow' [-Wunused-variable]
  703 |                         const integer numberOfColumnsInThisRow = uinteger_to_integer_a (row.size());
      |                                       ^~~~~~~~~~~~~~~~~~~~~~~~
11 warnings generated.
clang++ -arch arm64 -std=gnu++17 -I"/Library/Frameworks/R.framework/Resources/include" -DNDEBUG -I. -Ipraat.github.io -Ipraat.github.io/kar -Ipraat.github.io/melder -Ipraat.github.io/sys -Ipraat.github.io/dwsys -Ipraat.github.io/dwtools -Ipraat.github.io/stat -Ipraat.github.io/fon -Ipraat.github.io/foned -Ipraat.github.io/LPC -Ipraat.github.io/sensors -Ipraat.github.io/external/portaudio -Ipraat.github.io/external/flac -Ipraat.github.io/external/mp3 -Ipraat.github.io/external/espeak -Ipraat.github.io/external/gsl -Ipraat.github.io/external/glpk -I'/Library/Frameworks/R.framework/Versions/4.4-arm64/Resources/library/Rcpp/include' -I/opt/R/arm64/include -I/opt/homebrew/opt/libomp/include -Xclang -fopenmp   -DPRAAT_LIB -DNO_GUI -DNO_AUDIO -DNO_GRAPHICS -DNO_NETWORK -DUNIX -pthread -ffp-contract=off -Wno-unused-parameter -Wno-sign-compare -Wno-unused-variable -Wno-deprecated-declarations -Wno-trigraphs -Wno-logical-op-parentheses -Wno-shift-op-parentheses -Wno-mismatched-tags -Wno-unused-const-variable -Wno-c++11-narrowing -fPIC  -falign-functions=64 -Wall -g -O2   -c melder/melder_error.cpp -o melder/melder_error.o
In file included from melder/melder_error.cpp:19:
In file included from praat.github.io/melder/melder.h:76:
praat.github.io/melder/melder_tensor.h:64:1: warning: 'vector' defined as a struct template here but previously declared as a class template; this is valid, but may result in linker errors under the Microsoft C++ ABI [-Wmismatched-tags]
   64 | struct vector {
      | ^
praat.github.io/melder/melder_tensor.h:52:23: note: did you mean struct here?
   52 | template <typename T> class vector;
      |                       ^~~~~
      |                       struct
praat.github.io/melder/melder_tensor.h:104:1: warning: 'constvector' defined as a struct template here but previously declared as a class template; this is valid, but may result in linker errors under the Microsoft C++ ABI [-Wmismatched-tags]
  104 | struct constvector {
      | ^
praat.github.io/melder/melder_tensor.h:53:23: note: did you mean struct here?
   53 | template <typename T> class constvector;
      |                       ^~~~~
      |                       struct
praat.github.io/melder/melder_tensor.h:137:1: warning: 'vectorview' defined as a struct template here but previously declared as a class template; this is valid, but may result in linker errors under the Microsoft C++ ABI [-Wmismatched-tags]
  137 | struct vectorview {
      | ^
praat.github.io/melder/melder_tensor.h:54:23: note: did you mean struct here?
   54 | template <typename T> class vectorview;
      |                       ^~~~~
      |                       struct
praat.github.io/melder/melder_tensor.h:167:1: warning: 'constvectorview' defined as a struct template here but previously declared as a class template; this is valid, but may result in linker errors under the Microsoft C++ ABI [-Wmismatched-tags]
  167 | struct constvectorview {
      | ^
praat.github.io/melder/melder_tensor.h:55:23: note: did you mean struct here?
   55 | template <typename T> class constvectorview;
      |                       ^~~~~
      |                       struct
praat.github.io/melder/melder_tensor.h:207:1: warning: 'autovector' defined as a struct template here but previously declared as a class template; this is valid, but may result in linker errors under the Microsoft C++ ABI [-Wmismatched-tags]
  207 | struct autovector {
      | ^
praat.github.io/melder/melder_tensor.h:56:23: note: did you mean struct here?
   56 | template <typename T> class autovector;
      |                       ^~~~~
      |                       struct
praat.github.io/melder/melder_tensor.h:388:1: warning: 'matrix' defined as a struct template here but previously declared as a class template; this is valid, but may result in linker errors under the Microsoft C++ ABI [-Wmismatched-tags]
  388 | struct matrix {
      | ^
praat.github.io/melder/melder_tensor.h:57:23: note: did you mean struct here?
   57 | template <typename T> class matrix;
      |                       ^~~~~
      |                       struct
praat.github.io/melder/melder_tensor.h:461:1: warning: 'constmatrix' defined as a struct template here but previously declared as a class template; this is valid, but may result in linker errors under the Microsoft C++ ABI [-Wmismatched-tags]
  461 | struct constmatrix {
      | ^
praat.github.io/melder/melder_tensor.h:58:23: note: did you mean struct here?
   58 | template <typename T> class constmatrix;
      |                       ^~~~~
      |                       struct
praat.github.io/melder/melder_tensor.h:532:1: warning: 'matrixview' defined as a struct template here but previously declared as a class template; this is valid, but may result in linker errors under the Microsoft C++ ABI [-Wmismatched-tags]
  532 | struct matrixview {
      | ^
praat.github.io/melder/melder_tensor.h:59:23: note: did you mean struct here?
   59 | template <typename T> class matrixview;
      |                       ^~~~~
      |                       struct
praat.github.io/melder/melder_tensor.h:612:1: warning: 'constmatrixview' defined as a struct template here but previously declared as a class template; this is valid, but may result in linker errors under the Microsoft C++ ABI [-Wmismatched-tags]
  612 | struct constmatrixview {
      | ^
praat.github.io/melder/melder_tensor.h:60:23: note: did you mean struct here?
   60 | template <typename T> class constmatrixview;
      |                       ^~~~~
      |                       struct
praat.github.io/melder/melder_tensor.h:683:1: warning: 'automatrix' defined as a struct template here but previously declared as a class template; this is valid, but may result in linker errors under the Microsoft C++ ABI [-Wmismatched-tags]
  683 | struct automatrix {
      | ^
praat.github.io/melder/melder_tensor.h:61:23: note: did you mean struct here?
   61 | template <typename T> class automatrix;
      |                       ^~~~~
      |                       struct
praat.github.io/melder/melder_tensor.h:703:18: warning: unused variable 'numberOfColumnsInThisRow' [-Wunused-variable]
  703 |                         const integer numberOfColumnsInThisRow = uinteger_to_integer_a (row.size());
      |                                       ^~~~~~~~~~~~~~~~~~~~~~~~
11 warnings generated.
clang++ -arch arm64 -std=gnu++17 -I"/Library/Frameworks/R.framework/Resources/include" -DNDEBUG -I. -Ipraat.github.io -Ipraat.github.io/kar -Ipraat.github.io/melder -Ipraat.github.io/sys -Ipraat.github.io/dwsys -Ipraat.github.io/dwtools -Ipraat.github.io/stat -Ipraat.github.io/fon -Ipraat.github.io/foned -Ipraat.github.io/LPC -Ipraat.github.io/sensors -Ipraat.github.io/external/portaudio -Ipraat.github.io/external/flac -Ipraat.github.io/external/mp3 -Ipraat.github.io/external/espeak -Ipraat.github.io/external/gsl -Ipraat.github.io/external/glpk -I'/Library/Frameworks/R.framework/Versions/4.4-arm64/Resources/library/Rcpp/include' -I/opt/R/arm64/include -I/opt/homebrew/opt/libomp/include -Xclang -fopenmp   -DPRAAT_LIB -DNO_GUI -DNO_AUDIO -DNO_GRAPHICS -DNO_NETWORK -DUNIX -pthread -ffp-contract=off -Wno-unused-parameter -Wno-sign-compare -Wno-unused-variable -Wno-deprecated-declarations -Wno-trigraphs -Wno-logical-op-parentheses -Wno-shift-op-parentheses -Wno-mismatched-tags -Wno-unused-const-variable -Wno-c++11-narrowing -fPIC  -falign-functions=64 -Wall -g -O2   -c melder/melder_warning.cpp -o melder/melder_warning.o
In file included from melder/melder_warning.cpp:19:
In file included from praat.github.io/melder/melder.h:76:
praat.github.io/melder/melder_tensor.h:64:1: warning: 'vector' defined as a struct template here but previously declared as a class template; this is valid, but may result in linker errors under the Microsoft C++ ABI [-Wmismatched-tags]
   64 | struct vector {
      | ^
praat.github.io/melder/melder_tensor.h:52:23: note: did you mean struct here?
   52 | template <typename T> class vector;
      |                       ^~~~~
      |                       struct
praat.github.io/melder/melder_tensor.h:104:1: warning: 'constvector' defined as a struct template here but previously declared as a class template; this is valid, but may result in linker errors under the Microsoft C++ ABI [-Wmismatched-tags]
  104 | struct constvector {
      | ^
praat.github.io/melder/melder_tensor.h:53:23: note: did you mean struct here?
   53 | template <typename T> class constvector;
      |                       ^~~~~
      |                       struct
praat.github.io/melder/melder_tensor.h:137:1: warning: 'vectorview' defined as a struct template here but previously declared as a class template; this is valid, but may result in linker errors under the Microsoft C++ ABI [-Wmismatched-tags]
  137 | struct vectorview {
      | ^
praat.github.io/melder/melder_tensor.h:54:23: note: did you mean struct here?
   54 | template <typename T> class vectorview;
      |                       ^~~~~
      |                       struct
praat.github.io/melder/melder_tensor.h:167:1: warning: 'constvectorview' defined as a struct template here but previously declared as a class template; this is valid, but may result in linker errors under the Microsoft C++ ABI [-Wmismatched-tags]
  167 | struct constvectorview {
      | ^
praat.github.io/melder/melder_tensor.h:55:23: note: did you mean struct here?
   55 | template <typename T> class constvectorview;
      |                       ^~~~~
      |                       struct
praat.github.io/melder/melder_tensor.h:207:1: warning: 'autovector' defined as a struct template here but previously declared as a class template; this is valid, but may result in linker errors under the Microsoft C++ ABI [-Wmismatched-tags]
  207 | struct autovector {
      | ^
praat.github.io/melder/melder_tensor.h:56:23: note: did you mean struct here?
   56 | template <typename T> class autovector;
      |                       ^~~~~
      |                       struct
praat.github.io/melder/melder_tensor.h:388:1: warning: 'matrix' defined as a struct template here but previously declared as a class template; this is valid, but may result in linker errors under the Microsoft C++ ABI [-Wmismatched-tags]
  388 | struct matrix {
      | ^
praat.github.io/melder/melder_tensor.h:57:23: note: did you mean struct here?
   57 | template <typename T> class matrix;
      |                       ^~~~~
      |                       struct
praat.github.io/melder/melder_tensor.h:461:1: warning: 'constmatrix' defined as a struct template here but previously declared as a class template; this is valid, but may result in linker errors under the Microsoft C++ ABI [-Wmismatched-tags]
  461 | struct constmatrix {
      | ^
praat.github.io/melder/melder_tensor.h:58:23: note: did you mean struct here?
   58 | template <typename T> class constmatrix;
      |                       ^~~~~
      |                       struct
praat.github.io/melder/melder_tensor.h:532:1: warning: 'matrixview' defined as a struct template here but previously declared as a class template; this is valid, but may result in linker errors under the Microsoft C++ ABI [-Wmismatched-tags]
  532 | struct matrixview {
      | ^
praat.github.io/melder/melder_tensor.h:59:23: note: did you mean struct here?
   59 | template <typename T> class matrixview;
      |                       ^~~~~
      |                       struct
praat.github.io/melder/melder_tensor.h:612:1: warning: 'constmatrixview' defined as a struct template here but previously declared as a class template; this is valid, but may result in linker errors under the Microsoft C++ ABI [-Wmismatched-tags]
  612 | struct constmatrixview {
      | ^
praat.github.io/melder/melder_tensor.h:60:23: note: did you mean struct here?
   60 | template <typename T> class constmatrixview;
      |                       ^~~~~
      |                       struct
praat.github.io/melder/melder_tensor.h:683:1: warning: 'automatrix' defined as a struct template here but previously declared as a class template; this is valid, but may result in linker errors under the Microsoft C++ ABI [-Wmismatched-tags]
  683 | struct automatrix {
      | ^
praat.github.io/melder/melder_tensor.h:61:23: note: did you mean struct here?
   61 | template <typename T> class automatrix;
      |                       ^~~~~
      |                       struct
praat.github.io/melder/melder_tensor.h:703:18: warning: unused variable 'numberOfColumnsInThisRow' [-Wunused-variable]
  703 |                         const integer numberOfColumnsInThisRow = uinteger_to_integer_a (row.size());
      |                                       ^~~~~~~~~~~~~~~~~~~~~~~~
11 warnings generated.
clang++ -arch arm64 -std=gnu++17 -I"/Library/Frameworks/R.framework/Resources/include" -DNDEBUG -I. -Ipraat.github.io -Ipraat.github.io/kar -Ipraat.github.io/melder -Ipraat.github.io/sys -Ipraat.github.io/dwsys -Ipraat.github.io/dwtools -Ipraat.github.io/stat -Ipraat.github.io/fon -Ipraat.github.io/foned -Ipraat.github.io/LPC -Ipraat.github.io/sensors -Ipraat.github.io/external/portaudio -Ipraat.github.io/external/flac -Ipraat.github.io/external/mp3 -Ipraat.github.io/external/espeak -Ipraat.github.io/external/gsl -Ipraat.github.io/external/glpk -I'/Library/Frameworks/R.framework/Versions/4.4-arm64/Resources/library/Rcpp/include' -I/opt/R/arm64/include -I/opt/homebrew/opt/libomp/include -Xclang -fopenmp   -DPRAAT_LIB -DNO_GUI -DNO_AUDIO -DNO_GRAPHICS -DNO_NETWORK -DUNIX -pthread -ffp-contract=off -Wno-unused-parameter -Wno-sign-compare -Wno-unused-variable -Wno-deprecated-declarations -Wno-trigraphs -Wno-logical-op-parentheses -Wno-shift-op-parentheses -Wno-mismatched-tags -Wno-unused-const-variable -Wno-c++11-narrowing -fPIC  -falign-functions=64 -Wall -g -O2   -c melder/melder_progress.cpp -o melder/melder_progress.o
In file included from melder/melder_progress.cpp:19:
In file included from praat.github.io/melder/melder.h:76:
praat.github.io/melder/melder_tensor.h:64:1: warning: 'vector' defined as a struct template here but previously declared as a class template; this is valid, but may result in linker errors under the Microsoft C++ ABI [-Wmismatched-tags]
   64 | struct vector {
      | ^
praat.github.io/melder/melder_tensor.h:52:23: note: did you mean struct here?
   52 | template <typename T> class vector;
      |                       ^~~~~
      |                       struct
praat.github.io/melder/melder_tensor.h:104:1: warning: 'constvector' defined as a struct template here but previously declared as a class template; this is valid, but may result in linker errors under the Microsoft C++ ABI [-Wmismatched-tags]
  104 | struct constvector {
      | ^
praat.github.io/melder/melder_tensor.h:53:23: note: did you mean struct here?
   53 | template <typename T> class constvector;
      |                       ^~~~~
      |                       struct
praat.github.io/melder/melder_tensor.h:137:1: warning: 'vectorview' defined as a struct template here but previously declared as a class template; this is valid, but may result in linker errors under the Microsoft C++ ABI [-Wmismatched-tags]
  137 | struct vectorview {
      | ^
praat.github.io/melder/melder_tensor.h:54:23: note: did you mean struct here?
   54 | template <typename T> class vectorview;
      |                       ^~~~~
      |                       struct
praat.github.io/melder/melder_tensor.h:167:1: warning: 'constvectorview' defined as a struct template here but previously declared as a class template; this is valid, but may result in linker errors under the Microsoft C++ ABI [-Wmismatched-tags]
  167 | struct constvectorview {
      | ^
praat.github.io/melder/melder_tensor.h:55:23: note: did you mean struct here?
   55 | template <typename T> class constvectorview;
      |                       ^~~~~
      |                       struct
praat.github.io/melder/melder_tensor.h:207:1: warning: 'autovector' defined as a struct template here but previously declared as a class template; this is valid, but may result in linker errors under the Microsoft C++ ABI [-Wmismatched-tags]
  207 | struct autovector {
      | ^
praat.github.io/melder/melder_tensor.h:56:23: note: did you mean struct here?
   56 | template <typename T> class autovector;
      |                       ^~~~~
      |                       struct
praat.github.io/melder/melder_tensor.h:388:1: warning: 'matrix' defined as a struct template here but previously declared as a class template; this is valid, but may result in linker errors under the Microsoft C++ ABI [-Wmismatched-tags]
  388 | struct matrix {
      | ^
praat.github.io/melder/melder_tensor.h:57:23: note: did you mean struct here?
   57 | template <typename T> class matrix;
      |                       ^~~~~
      |                       struct
praat.github.io/melder/melder_tensor.h:461:1: warning: 'constmatrix' defined as a struct template here but previously declared as a class template; this is valid, but may result in linker errors under the Microsoft C++ ABI [-Wmismatched-tags]
  461 | struct constmatrix {
      | ^
praat.github.io/melder/melder_tensor.h:58:23: note: did you mean struct here?
   58 | template <typename T> class constmatrix;
      |                       ^~~~~
      |                       struct
praat.github.io/melder/melder_tensor.h:532:1: warning: 'matrixview' defined as a struct template here but previously declared as a class template; this is valid, but may result in linker errors under the Microsoft C++ ABI [-Wmismatched-tags]
  532 | struct matrixview {
      | ^
praat.github.io/melder/melder_tensor.h:59:23: note: did you mean struct here?
   59 | template <typename T> class matrixview;
      |                       ^~~~~
      |                       struct
praat.github.io/melder/melder_tensor.h:612:1: warning: 'constmatrixview' defined as a struct template here but previously declared as a class template; this is valid, but may result in linker errors under the Microsoft C++ ABI [-Wmismatched-tags]
  612 | struct constmatrixview {
      | ^
praat.github.io/melder/melder_tensor.h:60:23: note: did you mean struct here?
   60 | template <typename T> class constmatrixview;
      |                       ^~~~~
      |                       struct
praat.github.io/melder/melder_tensor.h:683:1: warning: 'automatrix' defined as a struct template here but previously declared as a class template; this is valid, but may result in linker errors under the Microsoft C++ ABI [-Wmismatched-tags]
  683 | struct automatrix {
      | ^
praat.github.io/melder/melder_tensor.h:61:23: note: did you mean struct here?
   61 | template <typename T> class automatrix;
      |                       ^~~~~
      |                       struct
praat.github.io/melder/melder_tensor.h:703:18: warning: unused variable 'numberOfColumnsInThisRow' [-Wunused-variable]
  703 |                         const integer numberOfColumnsInThisRow = uinteger_to_integer_a (row.size());
      |                                       ^~~~~~~~~~~~~~~~~~~~~~~~
11 warnings generated.
clang++ -arch arm64 -std=gnu++17 -I"/Library/Frameworks/R.framework/Resources/include" -DNDEBUG -I. -Ipraat.github.io -Ipraat.github.io/kar -Ipraat.github.io/melder -Ipraat.github.io/sys -Ipraat.github.io/dwsys -Ipraat.github.io/dwtools -Ipraat.github.io/stat -Ipraat.github.io/fon -Ipraat.github.io/foned -Ipraat.github.io/LPC -Ipraat.github.io/sensors -Ipraat.github.io/external/portaudio -Ipraat.github.io/external/flac -Ipraat.github.io/external/mp3 -Ipraat.github.io/external/espeak -Ipraat.github.io/external/gsl -Ipraat.github.io/external/glpk -I'/Library/Frameworks/R.framework/Versions/4.4-arm64/Resources/library/Rcpp/include' -I/opt/R/arm64/include -I/opt/homebrew/opt/libomp/include -Xclang -fopenmp   -DPRAAT_LIB -DNO_GUI -DNO_AUDIO -DNO_GRAPHICS -DNO_NETWORK -DUNIX -pthread -ffp-contract=off -Wno-unused-parameter -Wno-sign-compare -Wno-unused-variable -Wno-deprecated-declarations -Wno-trigraphs -Wno-logical-op-parentheses -Wno-shift-op-parentheses -Wno-mismatched-tags -Wno-unused-const-variable -Wno-c++11-narrowing -fPIC  -falign-functions=64 -Wall -g -O2   -c melder/melder_play.cpp -o melder/melder_play.o
In file included from melder/melder_play.cpp:19:
In file included from praat.github.io/melder/melder.h:76:
praat.github.io/melder/melder_tensor.h:64:1: warning: 'vector' defined as a struct template here but previously declared as a class template; this is valid, but may result in linker errors under the Microsoft C++ ABI [-Wmismatched-tags]
   64 | struct vector {
      | ^
praat.github.io/melder/melder_tensor.h:52:23: note: did you mean struct here?
   52 | template <typename T> class vector;
      |                       ^~~~~
      |                       struct
praat.github.io/melder/melder_tensor.h:104:1: warning: 'constvector' defined as a struct template here but previously declared as a class template; this is valid, but may result in linker errors under the Microsoft C++ ABI [-Wmismatched-tags]
  104 | struct constvector {
      | ^
praat.github.io/melder/melder_tensor.h:53:23: note: did you mean struct here?
   53 | template <typename T> class constvector;
      |                       ^~~~~
      |                       struct
praat.github.io/melder/melder_tensor.h:137:1: warning: 'vectorview' defined as a struct template here but previously declared as a class template; this is valid, but may result in linker errors under the Microsoft C++ ABI [-Wmismatched-tags]
  137 | struct vectorview {
      | ^
praat.github.io/melder/melder_tensor.h:54:23: note: did you mean struct here?
   54 | template <typename T> class vectorview;
      |                       ^~~~~
      |                       struct
praat.github.io/melder/melder_tensor.h:167:1: warning: 'constvectorview' defined as a struct template here but previously declared as a class template; this is valid, but may result in linker errors under the Microsoft C++ ABI [-Wmismatched-tags]
  167 | struct constvectorview {
      | ^
praat.github.io/melder/melder_tensor.h:55:23: note: did you mean struct here?
   55 | template <typename T> class constvectorview;
      |                       ^~~~~
      |                       struct
praat.github.io/melder/melder_tensor.h:207:1: warning: 'autovector' defined as a struct template here but previously declared as a class template; this is valid, but may result in linker errors under the Microsoft C++ ABI [-Wmismatched-tags]
  207 | struct autovector {
      | ^
praat.github.io/melder/melder_tensor.h:56:23: note: did you mean struct here?
   56 | template <typename T> class autovector;
      |                       ^~~~~
      |                       struct
praat.github.io/melder/melder_tensor.h:388:1: warning: 'matrix' defined as a struct template here but previously declared as a class template; this is valid, but may result in linker errors under the Microsoft C++ ABI [-Wmismatched-tags]
  388 | struct matrix {
      | ^
praat.github.io/melder/melder_tensor.h:57:23: note: did you mean struct here?
   57 | template <typename T> class matrix;
      |                       ^~~~~
      |                       struct
praat.github.io/melder/melder_tensor.h:461:1: warning: 'constmatrix' defined as a struct template here but previously declared as a class template; this is valid, but may result in linker errors under the Microsoft C++ ABI [-Wmismatched-tags]
  461 | struct constmatrix {
      | ^
praat.github.io/melder/melder_tensor.h:58:23: note: did you mean struct here?
   58 | template <typename T> class constmatrix;
      |                       ^~~~~
      |                       struct
praat.github.io/melder/melder_tensor.h:532:1: warning: 'matrixview' defined as a struct template here but previously declared as a class template; this is valid, but may result in linker errors under the Microsoft C++ ABI [-Wmismatched-tags]
  532 | struct matrixview {
      | ^
praat.github.io/melder/melder_tensor.h:59:23: note: did you mean struct here?
   59 | template <typename T> class matrixview;
      |                       ^~~~~
      |                       struct
praat.github.io/melder/melder_tensor.h:612:1: warning: 'constmatrixview' defined as a struct template here but previously declared as a class template; this is valid, but may result in linker errors under the Microsoft C++ ABI [-Wmismatched-tags]
  612 | struct constmatrixview {
      | ^
praat.github.io/melder/melder_tensor.h:60:23: note: did you mean struct here?
   60 | template <typename T> class constmatrixview;
      |                       ^~~~~
      |                       struct
praat.github.io/melder/melder_tensor.h:683:1: warning: 'automatrix' defined as a struct template here but previously declared as a class template; this is valid, but may result in linker errors under the Microsoft C++ ABI [-Wmismatched-tags]
  683 | struct automatrix {
      | ^
praat.github.io/melder/melder_tensor.h:61:23: note: did you mean struct here?
   61 | template <typename T> class automatrix;
      |                       ^~~~~
      |                       struct
praat.github.io/melder/melder_tensor.h:703:18: warning: unused variable 'numberOfColumnsInThisRow' [-Wunused-variable]
  703 |                         const integer numberOfColumnsInThisRow = uinteger_to_integer_a (row.size());
      |                                       ^~~~~~~~~~~~~~~~~~~~~~~~
11 warnings generated.
clang++ -arch arm64 -std=gnu++17 -I"/Library/Frameworks/R.framework/Resources/include" -DNDEBUG -I. -Ipraat.github.io -Ipraat.github.io/kar -Ipraat.github.io/melder -Ipraat.github.io/sys -Ipraat.github.io/dwsys -Ipraat.github.io/dwtools -Ipraat.github.io/stat -Ipraat.github.io/fon -Ipraat.github.io/foned -Ipraat.github.io/LPC -Ipraat.github.io/sensors -Ipraat.github.io/external/portaudio -Ipraat.github.io/external/flac -Ipraat.github.io/external/mp3 -Ipraat.github.io/external/espeak -Ipraat.github.io/external/gsl -Ipraat.github.io/external/glpk -I'/Library/Frameworks/R.framework/Versions/4.4-arm64/Resources/library/Rcpp/include' -I/opt/R/arm64/include -I/opt/homebrew/opt/libomp/include -Xclang -fopenmp   -DPRAAT_LIB -DNO_GUI -DNO_AUDIO -DNO_GRAPHICS -DNO_NETWORK -DUNIX -pthread -ffp-contract=off -Wno-unused-parameter -Wno-sign-compare -Wno-unused-variable -Wno-deprecated-declarations -Wno-trigraphs -Wno-logical-op-parentheses -Wno-shift-op-parentheses -Wno-mismatched-tags -Wno-unused-const-variable -Wno-c++11-narrowing -fPIC  -falign-functions=64 -Wall -g -O2   -c melder/melder_help.cpp -o melder/melder_help.o
In file included from melder/melder_help.cpp:19:
In file included from praat.github.io/melder/melder.h:76:
praat.github.io/melder/melder_tensor.h:64:1: warning: 'vector' defined as a struct template here but previously declared as a class template; this is valid, but may result in linker errors under the Microsoft C++ ABI [-Wmismatched-tags]
   64 | struct vector {
      | ^
praat.github.io/melder/melder_tensor.h:52:23: note: did you mean struct here?
   52 | template <typename T> class vector;
      |                       ^~~~~
      |                       struct
praat.github.io/melder/melder_tensor.h:104:1: warning: 'constvector' defined as a struct template here but previously declared as a class template; this is valid, but may result in linker errors under the Microsoft C++ ABI [-Wmismatched-tags]
  104 | struct constvector {
      | ^
praat.github.io/melder/melder_tensor.h:53:23: note: did you mean struct here?
   53 | template <typename T> class constvector;
      |                       ^~~~~
      |                       struct
praat.github.io/melder/melder_tensor.h:137:1: warning: 'vectorview' defined as a struct template here but previously declared as a class template; this is valid, but may result in linker errors under the Microsoft C++ ABI [-Wmismatched-tags]
  137 | struct vectorview {
      | ^
praat.github.io/melder/melder_tensor.h:54:23: note: did you mean struct here?
   54 | template <typename T> class vectorview;
      |                       ^~~~~
      |                       struct
praat.github.io/melder/melder_tensor.h:167:1: warning: 'constvectorview' defined as a struct template here but previously declared as a class template; this is valid, but may result in linker errors under the Microsoft C++ ABI [-Wmismatched-tags]
  167 | struct constvectorview {
      | ^
praat.github.io/melder/melder_tensor.h:55:23: note: did you mean struct here?
   55 | template <typename T> class constvectorview;
      |                       ^~~~~
      |                       struct
praat.github.io/melder/melder_tensor.h:207:1: warning: 'autovector' defined as a struct template here but previously declared as a class template; this is valid, but may result in linker errors under the Microsoft C++ ABI [-Wmismatched-tags]
  207 | struct autovector {
      | ^
praat.github.io/melder/melder_tensor.h:56:23: note: did you mean struct here?
   56 | template <typename T> class autovector;
      |                       ^~~~~
      |                       struct
praat.github.io/melder/melder_tensor.h:388:1: warning: 'matrix' defined as a struct template here but previously declared as a class template; this is valid, but may result in linker errors under the Microsoft C++ ABI [-Wmismatched-tags]
  388 | struct matrix {
      | ^
praat.github.io/melder/melder_tensor.h:57:23: note: did you mean struct here?
   57 | template <typename T> class matrix;
      |                       ^~~~~
      |                       struct
praat.github.io/melder/melder_tensor.h:461:1: warning: 'constmatrix' defined as a struct template here but previously declared as a class template; this is valid, but may result in linker errors under the Microsoft C++ ABI [-Wmismatched-tags]
  461 | struct constmatrix {
      | ^
praat.github.io/melder/melder_tensor.h:58:23: note: did you mean struct here?
   58 | template <typename T> class constmatrix;
      |                       ^~~~~
      |                       struct
praat.github.io/melder/melder_tensor.h:532:1: warning: 'matrixview' defined as a struct template here but previously declared as a class template; this is valid, but may result in linker errors under the Microsoft C++ ABI [-Wmismatched-tags]
  532 | struct matrixview {
      | ^
praat.github.io/melder/melder_tensor.h:59:23: note: did you mean struct here?
   59 | template <typename T> class matrixview;
      |                       ^~~~~
      |                       struct
praat.github.io/melder/melder_tensor.h:612:1: warning: 'constmatrixview' defined as a struct template here but previously declared as a class template; this is valid, but may result in linker errors under the Microsoft C++ ABI [-Wmismatched-tags]
  612 | struct constmatrixview {
      | ^
praat.github.io/melder/melder_tensor.h:60:23: note: did you mean struct here?
   60 | template <typename T> class constmatrixview;
      |                       ^~~~~
      |                       struct
praat.github.io/melder/melder_tensor.h:683:1: warning: 'automatrix' defined as a struct template here but previously declared as a class template; this is valid, but may result in linker errors under the Microsoft C++ ABI [-Wmismatched-tags]
  683 | struct automatrix {
      | ^
praat.github.io/melder/melder_tensor.h:61:23: note: did you mean struct here?
   61 | template <typename T> class automatrix;
      |                       ^~~~~
      |                       struct
praat.github.io/melder/melder_tensor.h:703:18: warning: unused variable 'numberOfColumnsInThisRow' [-Wunused-variable]
  703 |                         const integer numberOfColumnsInThisRow = uinteger_to_integer_a (row.size());
      |                                       ^~~~~~~~~~~~~~~~~~~~~~~~
11 warnings generated.
clang++ -arch arm64 -std=gnu++17 -I"/Library/Frameworks/R.framework/Resources/include" -DNDEBUG -I. -Ipraat.github.io -Ipraat.github.io/kar -Ipraat.github.io/melder -Ipraat.github.io/sys -Ipraat.github.io/dwsys -Ipraat.github.io/dwtools -Ipraat.github.io/stat -Ipraat.github.io/fon -Ipraat.github.io/foned -Ipraat.github.io/LPC -Ipraat.github.io/sensors -Ipraat.github.io/external/portaudio -Ipraat.github.io/external/flac -Ipraat.github.io/external/mp3 -Ipraat.github.io/external/espeak -Ipraat.github.io/external/gsl -Ipraat.github.io/external/glpk -I'/Library/Frameworks/R.framework/Versions/4.4-arm64/Resources/library/Rcpp/include' -I/opt/R/arm64/include -I/opt/homebrew/opt/libomp/include -Xclang -fopenmp   -DPRAAT_LIB -DNO_GUI -DNO_AUDIO -DNO_GRAPHICS -DNO_NETWORK -DUNIX -pthread -ffp-contract=off -Wno-unused-parameter -Wno-sign-compare -Wno-unused-variable -Wno-deprecated-declarations -Wno-trigraphs -Wno-logical-op-parentheses -Wno-shift-op-parentheses -Wno-mismatched-tags -Wno-unused-const-variable -Wno-c++11-narrowing -fPIC  -falign-functions=64 -Wall -g -O2   -c melder/melder_time.cpp -o melder/melder_time.o
In file included from melder/melder_time.cpp:19:
In file included from praat.github.io/melder/melder.h:76:
praat.github.io/melder/melder_tensor.h:64:1: warning: 'vector' defined as a struct template here but previously declared as a class template; this is valid, but may result in linker errors under the Microsoft C++ ABI [-Wmismatched-tags]
   64 | struct vector {
      | ^
praat.github.io/melder/melder_tensor.h:52:23: note: did you mean struct here?
   52 | template <typename T> class vector;
      |                       ^~~~~
      |                       struct
praat.github.io/melder/melder_tensor.h:104:1: warning: 'constvector' defined as a struct template here but previously declared as a class template; this is valid, but may result in linker errors under the Microsoft C++ ABI [-Wmismatched-tags]
  104 | struct constvector {
      | ^
praat.github.io/melder/melder_tensor.h:53:23: note: did you mean struct here?
   53 | template <typename T> class constvector;
      |                       ^~~~~
      |                       struct
praat.github.io/melder/melder_tensor.h:137:1: warning: 'vectorview' defined as a struct template here but previously declared as a class template; this is valid, but may result in linker errors under the Microsoft C++ ABI [-Wmismatched-tags]
  137 | struct vectorview {
      | ^
praat.github.io/melder/melder_tensor.h:54:23: note: did you mean struct here?
   54 | template <typename T> class vectorview;
      |                       ^~~~~
      |                       struct
praat.github.io/melder/melder_tensor.h:167:1: warning: 'constvectorview' defined as a struct template here but previously declared as a class template; this is valid, but may result in linker errors under the Microsoft C++ ABI [-Wmismatched-tags]
  167 | struct constvectorview {
      | ^
praat.github.io/melder/melder_tensor.h:55:23: note: did you mean struct here?
   55 | template <typename T> class constvectorview;
      |                       ^~~~~
      |                       struct
praat.github.io/melder/melder_tensor.h:207:1: warning: 'autovector' defined as a struct template here but previously declared as a class template; this is valid, but may result in linker errors under the Microsoft C++ ABI [-Wmismatched-tags]
  207 | struct autovector {
      | ^
praat.github.io/melder/melder_tensor.h:56:23: note: did you mean struct here?
   56 | template <typename T> class autovector;
      |                       ^~~~~
      |                       struct
praat.github.io/melder/melder_tensor.h:388:1: warning: 'matrix' defined as a struct template here but previously declared as a class template; this is valid, but may result in linker errors under the Microsoft C++ ABI [-Wmismatched-tags]
  388 | struct matrix {
      | ^
praat.github.io/melder/melder_tensor.h:57:23: note: did you mean struct here?
   57 | template <typename T> class matrix;
      |                       ^~~~~
      |                       struct
praat.github.io/melder/melder_tensor.h:461:1: warning: 'constmatrix' defined as a struct template here but previously declared as a class template; this is valid, but may result in linker errors under the Microsoft C++ ABI [-Wmismatched-tags]
  461 | struct constmatrix {
      | ^
praat.github.io/melder/melder_tensor.h:58:23: note: did you mean struct here?
   58 | template <typename T> class constmatrix;
      |                       ^~~~~
      |                       struct
praat.github.io/melder/melder_tensor.h:532:1: warning: 'matrixview' defined as a struct template here but previously declared as a class template; this is valid, but may result in linker errors under the Microsoft C++ ABI [-Wmismatched-tags]
  532 | struct matrixview {
      | ^
praat.github.io/melder/melder_tensor.h:59:23: note: did you mean struct here?
   59 | template <typename T> class matrixview;
      |                       ^~~~~
      |                       struct
praat.github.io/melder/melder_tensor.h:612:1: warning: 'constmatrixview' defined as a struct template here but previously declared as a class template; this is valid, but may result in linker errors under the Microsoft C++ ABI [-Wmismatched-tags]
  612 | struct constmatrixview {
      | ^
praat.github.io/melder/melder_tensor.h:60:23: note: did you mean struct here?
   60 | template <typename T> class constmatrixview;
      |                       ^~~~~
      |                       struct
praat.github.io/melder/melder_tensor.h:683:1: warning: 'automatrix' defined as a struct template here but previously declared as a class template; this is valid, but may result in linker errors under the Microsoft C++ ABI [-Wmismatched-tags]
  683 | struct automatrix {
      | ^
praat.github.io/melder/melder_tensor.h:61:23: note: did you mean struct here?
   61 | template <typename T> class automatrix;
      |                       ^~~~~
      |                       struct
praat.github.io/melder/melder_tensor.h:703:18: warning: unused variable 'numberOfColumnsInThisRow' [-Wunused-variable]
  703 |                         const integer numberOfColumnsInThisRow = uinteger_to_integer_a (row.size());
      |                                       ^~~~~~~~~~~~~~~~~~~~~~~~
11 warnings generated.
clang++ -arch arm64 -std=gnu++17 -I"/Library/Frameworks/R.framework/Resources/include" -DNDEBUG -I. -Ipraat.github.io -Ipraat.github.io/kar -Ipraat.github.io/melder -Ipraat.github.io/sys -Ipraat.github.io/dwsys -Ipraat.github.io/dwtools -Ipraat.github.io/stat -Ipraat.github.io/fon -Ipraat.github.io/foned -Ipraat.github.io/LPC -Ipraat.github.io/sensors -Ipraat.github.io/external/portaudio -Ipraat.github.io/external/flac -Ipraat.github.io/external/mp3 -Ipraat.github.io/external/espeak -Ipraat.github.io/external/gsl -Ipraat.github.io/external/glpk -I'/Library/Frameworks/R.framework/Versions/4.4-arm64/Resources/library/Rcpp/include' -I/opt/R/arm64/include -I/opt/homebrew/opt/libomp/include -Xclang -fopenmp   -DPRAAT_LIB -DNO_GUI -DNO_AUDIO -DNO_GRAPHICS -DNO_NETWORK -DUNIX -pthread -ffp-contract=off -Wno-unused-parameter -Wno-sign-compare -Wno-unused-variable -Wno-deprecated-declarations -Wno-trigraphs -Wno-logical-op-parentheses -Wno-shift-op-parentheses -Wno-mismatched-tags -Wno-unused-const-variable -Wno-c++11-narrowing -fPIC  -falign-functions=64 -Wall -g -O2   -c melder/melder_quantity.cpp -o melder/melder_quantity.o
In file included from melder/melder_quantity.cpp:19:
In file included from praat.github.io/melder/melder.h:76:
praat.github.io/melder/melder_tensor.h:64:1: warning: 'vector' defined as a struct template here but previously declared as a class template; this is valid, but may result in linker errors under the Microsoft C++ ABI [-Wmismatched-tags]
   64 | struct vector {
      | ^
praat.github.io/melder/melder_tensor.h:52:23: note: did you mean struct here?
   52 | template <typename T> class vector;
      |                       ^~~~~
      |                       struct
praat.github.io/melder/melder_tensor.h:104:1: warning: 'constvector' defined as a struct template here but previously declared as a class template; this is valid, but may result in linker errors under the Microsoft C++ ABI [-Wmismatched-tags]
  104 | struct constvector {
      | ^
praat.github.io/melder/melder_tensor.h:53:23: note: did you mean struct here?
   53 | template <typename T> class constvector;
      |                       ^~~~~
      |                       struct
praat.github.io/melder/melder_tensor.h:137:1: warning: 'vectorview' defined as a struct template here but previously declared as a class template; this is valid, but may result in linker errors under the Microsoft C++ ABI [-Wmismatched-tags]
  137 | struct vectorview {
      | ^
praat.github.io/melder/melder_tensor.h:54:23: note: did you mean struct here?
   54 | template <typename T> class vectorview;
      |                       ^~~~~
      |                       struct
praat.github.io/melder/melder_tensor.h:167:1: warning: 'constvectorview' defined as a struct template here but previously declared as a class template; this is valid, but may result in linker errors under the Microsoft C++ ABI [-Wmismatched-tags]
  167 | struct constvectorview {
      | ^
praat.github.io/melder/melder_tensor.h:55:23: note: did you mean struct here?
   55 | template <typename T> class constvectorview;
      |                       ^~~~~
      |                       struct
praat.github.io/melder/melder_tensor.h:207:1: warning: 'autovector' defined as a struct template here but previously declared as a class template; this is valid, but may result in linker errors under the Microsoft C++ ABI [-Wmismatched-tags]
  207 | struct autovector {
      | ^
praat.github.io/melder/melder_tensor.h:56:23: note: did you mean struct here?
   56 | template <typename T> class autovector;
      |                       ^~~~~
      |                       struct
praat.github.io/melder/melder_tensor.h:388:1: warning: 'matrix' defined as a struct template here but previously declared as a class template; this is valid, but may result in linker errors under the Microsoft C++ ABI [-Wmismatched-tags]
  388 | struct matrix {
      | ^
praat.github.io/melder/melder_tensor.h:57:23: note: did you mean struct here?
   57 | template <typename T> class matrix;
      |                       ^~~~~
      |                       struct
praat.github.io/melder/melder_tensor.h:461:1: warning: 'constmatrix' defined as a struct template here but previously declared as a class template; this is valid, but may result in linker errors under the Microsoft C++ ABI [-Wmismatched-tags]
  461 | struct constmatrix {
      | ^
praat.github.io/melder/melder_tensor.h:58:23: note: did you mean struct here?
   58 | template <typename T> class constmatrix;
      |                       ^~~~~
      |                       struct
praat.github.io/melder/melder_tensor.h:532:1: warning: 'matrixview' defined as a struct template here but previously declared as a class template; this is valid, but may result in linker errors under the Microsoft C++ ABI [-Wmismatched-tags]
  532 | struct matrixview {
      | ^
praat.github.io/melder/melder_tensor.h:59:23: note: did you mean struct here?
   59 | template <typename T> class matrixview;
      |                       ^~~~~
      |                       struct
praat.github.io/melder/melder_tensor.h:612:1: warning: 'constmatrixview' defined as a struct template here but previously declared as a class template; this is valid, but may result in linker errors under the Microsoft C++ ABI [-Wmismatched-tags]
  612 | struct constmatrixview {
      | ^
praat.github.io/melder/melder_tensor.h:60:23: note: did you mean struct here?
   60 | template <typename T> class constmatrixview;
      |                       ^~~~~
      |                       struct
praat.github.io/melder/melder_tensor.h:683:1: warning: 'automatrix' defined as a struct template here but previously declared as a class template; this is valid, but may result in linker errors under the Microsoft C++ ABI [-Wmismatched-tags]
  683 | struct automatrix {
      | ^
praat.github.io/melder/melder_tensor.h:61:23: note: did you mean struct here?
   61 | template <typename T> class automatrix;
      |                       ^~~~~
      |                       struct
praat.github.io/melder/melder_tensor.h:703:18: warning: unused variable 'numberOfColumnsInThisRow' [-Wunused-variable]
  703 |                         const integer numberOfColumnsInThisRow = uinteger_to_integer_a (row.size());
      |                                       ^~~~~~~~~~~~~~~~~~~~~~~~
11 warnings generated.
clang++ -arch arm64 -std=gnu++17 -I"/Library/Frameworks/R.framework/Resources/include" -DNDEBUG -I. -Ipraat.github.io -Ipraat.github.io/kar -Ipraat.github.io/melder -Ipraat.github.io/sys -Ipraat.github.io/dwsys -Ipraat.github.io/dwtools -Ipraat.github.io/stat -Ipraat.github.io/fon -Ipraat.github.io/foned -Ipraat.github.io/LPC -Ipraat.github.io/sensors -Ipraat.github.io/external/portaudio -Ipraat.github.io/external/flac -Ipraat.github.io/external/mp3 -Ipraat.github.io/external/espeak -Ipraat.github.io/external/gsl -Ipraat.github.io/external/glpk -I'/Library/Frameworks/R.framework/Versions/4.4-arm64/Resources/library/Rcpp/include' -I/opt/R/arm64/include -I/opt/homebrew/opt/libomp/include -Xclang -fopenmp   -DPRAAT_LIB -DNO_GUI -DNO_AUDIO -DNO_GRAPHICS -DNO_NETWORK -DUNIX -pthread -ffp-contract=off -Wno-unused-parameter -Wno-sign-compare -Wno-unused-variable -Wno-deprecated-declarations -Wno-trigraphs -Wno-logical-op-parentheses -Wno-shift-op-parentheses -Wno-mismatched-tags -Wno-unused-const-variable -Wno-c++11-narrowing -fPIC  -falign-functions=64 -Wall -g -O2   -c melder/MelderReadText.cpp -o melder/MelderReadText.o
In file included from melder/MelderReadText.cpp:19:
In file included from praat.github.io/melder/melder.h:76:
praat.github.io/melder/melder_tensor.h:64:1: warning: 'vector' defined as a struct template here but previously declared as a class template; this is valid, but may result in linker errors under the Microsoft C++ ABI [-Wmismatched-tags]
   64 | struct vector {
      | ^
praat.github.io/melder/melder_tensor.h:52:23: note: did you mean struct here?
   52 | template <typename T> class vector;
      |                       ^~~~~
      |                       struct
praat.github.io/melder/melder_tensor.h:104:1: warning: 'constvector' defined as a struct template here but previously declared as a class template; this is valid, but may result in linker errors under the Microsoft C++ ABI [-Wmismatched-tags]
  104 | struct constvector {
      | ^
praat.github.io/melder/melder_tensor.h:53:23: note: did you mean struct here?
   53 | template <typename T> class constvector;
      |                       ^~~~~
      |                       struct
praat.github.io/melder/melder_tensor.h:137:1: warning: 'vectorview' defined as a struct template here but previously declared as a class template; this is valid, but may result in linker errors under the Microsoft C++ ABI [-Wmismatched-tags]
  137 | struct vectorview {
      | ^
praat.github.io/melder/melder_tensor.h:54:23: note: did you mean struct here?
   54 | template <typename T> class vectorview;
      |                       ^~~~~
      |                       struct
praat.github.io/melder/melder_tensor.h:167:1: warning: 'constvectorview' defined as a struct template here but previously declared as a class template; this is valid, but may result in linker errors under the Microsoft C++ ABI [-Wmismatched-tags]
  167 | struct constvectorview {
      | ^
praat.github.io/melder/melder_tensor.h:55:23: note: did you mean struct here?
   55 | template <typename T> class constvectorview;
      |                       ^~~~~
      |                       struct
praat.github.io/melder/melder_tensor.h:207:1: warning: 'autovector' defined as a struct template here but previously declared as a class template; this is valid, but may result in linker errors under the Microsoft C++ ABI [-Wmismatched-tags]
  207 | struct autovector {
      | ^
praat.github.io/melder/melder_tensor.h:56:23: note: did you mean struct here?
   56 | template <typename T> class autovector;
      |                       ^~~~~
      |                       struct
praat.github.io/melder/melder_tensor.h:388:1: warning: 'matrix' defined as a struct template here but previously declared as a class template; this is valid, but may result in linker errors under the Microsoft C++ ABI [-Wmismatched-tags]
  388 | struct matrix {
      | ^
praat.github.io/melder/melder_tensor.h:57:23: note: did you mean struct here?
   57 | template <typename T> class matrix;
      |                       ^~~~~
      |                       struct
praat.github.io/melder/melder_tensor.h:461:1: warning: 'constmatrix' defined as a struct template here but previously declared as a class template; this is valid, but may result in linker errors under the Microsoft C++ ABI [-Wmismatched-tags]
  461 | struct constmatrix {
      | ^
praat.github.io/melder/melder_tensor.h:58:23: note: did you mean struct here?
   58 | template <typename T> class constmatrix;
      |                       ^~~~~
      |                       struct
praat.github.io/melder/melder_tensor.h:532:1: warning: 'matrixview' defined as a struct template here but previously declared as a class template; this is valid, but may result in linker errors under the Microsoft C++ ABI [-Wmismatched-tags]
  532 | struct matrixview {
      | ^
praat.github.io/melder/melder_tensor.h:59:23: note: did you mean struct here?
   59 | template <typename T> class matrixview;
      |                       ^~~~~
      |                       struct
praat.github.io/melder/melder_tensor.h:612:1: warning: 'constmatrixview' defined as a struct template here but previously declared as a class template; this is valid, but may result in linker errors under the Microsoft C++ ABI [-Wmismatched-tags]
  612 | struct constmatrixview {
      | ^
praat.github.io/melder/melder_tensor.h:60:23: note: did you mean struct here?
   60 | template <typename T> class constmatrixview;
      |                       ^~~~~
      |                       struct
praat.github.io/melder/melder_tensor.h:683:1: warning: 'automatrix' defined as a struct template here but previously declared as a class template; this is valid, but may result in linker errors under the Microsoft C++ ABI [-Wmismatched-tags]
  683 | struct automatrix {
      | ^
praat.github.io/melder/melder_tensor.h:61:23: note: did you mean struct here?
   61 | template <typename T> class automatrix;
      |                       ^~~~~
      |                       struct
praat.github.io/melder/melder_tensor.h:703:18: warning: unused variable 'numberOfColumnsInThisRow' [-Wunused-variable]
  703 |                         const integer numberOfColumnsInThisRow = uinteger_to_integer_a (row.size());
      |                                       ^~~~~~~~~~~~~~~~~~~~~~~~
11 warnings generated.
clang++ -arch arm64 -std=gnu++17 -I"/Library/Frameworks/R.framework/Resources/include" -DNDEBUG -I. -Ipraat.github.io -Ipraat.github.io/kar -Ipraat.github.io/melder -Ipraat.github.io/sys -Ipraat.github.io/dwsys -Ipraat.github.io/dwtools -Ipraat.github.io/stat -Ipraat.github.io/fon -Ipraat.github.io/foned -Ipraat.github.io/LPC -Ipraat.github.io/sensors -Ipraat.github.io/external/portaudio -Ipraat.github.io/external/flac -Ipraat.github.io/external/mp3 -Ipraat.github.io/external/espeak -Ipraat.github.io/external/gsl -Ipraat.github.io/external/glpk -I'/Library/Frameworks/R.framework/Versions/4.4-arm64/Resources/library/Rcpp/include' -I/opt/R/arm64/include -I/opt/homebrew/opt/libomp/include -Xclang -fopenmp   -DPRAAT_LIB -DNO_GUI -DNO_AUDIO -DNO_GRAPHICS -DNO_NETWORK -DUNIX -pthread -ffp-contract=off -Wno-unused-parameter -Wno-sign-compare -Wno-unused-variable -Wno-deprecated-declarations -Wno-trigraphs -Wno-logical-op-parentheses -Wno-shift-op-parentheses -Wno-mismatched-tags -Wno-unused-const-variable -Wno-c++11-narrowing -fPIC  -falign-functions=64 -Wall -g -O2   -c melder/melder_tensorio.cpp -o melder/melder_tensorio.o
In file included from melder/melder_tensorio.cpp:19:
In file included from praat.github.io/melder/melder.h:76:
praat.github.io/melder/melder_tensor.h:64:1: warning: 'vector' defined as a struct template here but previously declared as a class template; this is valid, but may result in linker errors under the Microsoft C++ ABI [-Wmismatched-tags]
   64 | struct vector {
      | ^
praat.github.io/melder/melder_tensor.h:52:23: note: did you mean struct here?
   52 | template <typename T> class vector;
      |                       ^~~~~
      |                       struct
praat.github.io/melder/melder_tensor.h:104:1: warning: 'constvector' defined as a struct template here but previously declared as a class template; this is valid, but may result in linker errors under the Microsoft C++ ABI [-Wmismatched-tags]
  104 | struct constvector {
      | ^
praat.github.io/melder/melder_tensor.h:53:23: note: did you mean struct here?
   53 | template <typename T> class constvector;
      |                       ^~~~~
      |                       struct
praat.github.io/melder/melder_tensor.h:137:1: warning: 'vectorview' defined as a struct template here but previously declared as a class template; this is valid, but may result in linker errors under the Microsoft C++ ABI [-Wmismatched-tags]
  137 | struct vectorview {
      | ^
praat.github.io/melder/melder_tensor.h:54:23: note: did you mean struct here?
   54 | template <typename T> class vectorview;
      |                       ^~~~~
      |                       struct
praat.github.io/melder/melder_tensor.h:167:1: warning: 'constvectorview' defined as a struct template here but previously declared as a class template; this is valid, but may result in linker errors under the Microsoft C++ ABI [-Wmismatched-tags]
  167 | struct constvectorview {
      | ^
praat.github.io/melder/melder_tensor.h:55:23: note: did you mean struct here?
   55 | template <typename T> class constvectorview;
      |                       ^~~~~
      |                       struct
praat.github.io/melder/melder_tensor.h:207:1: warning: 'autovector' defined as a struct template here but previously declared as a class template; this is valid, but may result in linker errors under the Microsoft C++ ABI [-Wmismatched-tags]
  207 | struct autovector {
      | ^
praat.github.io/melder/melder_tensor.h:56:23: note: did you mean struct here?
   56 | template <typename T> class autovector;
      |                       ^~~~~
      |                       struct
praat.github.io/melder/melder_tensor.h:388:1: warning: 'matrix' defined as a struct template here but previously declared as a class template; this is valid, but may result in linker errors under the Microsoft C++ ABI [-Wmismatched-tags]
  388 | struct matrix {
      | ^
praat.github.io/melder/melder_tensor.h:57:23: note: did you mean struct here?
   57 | template <typename T> class matrix;
      |                       ^~~~~
      |                       struct
praat.github.io/melder/melder_tensor.h:461:1: warning: 'constmatrix' defined as a struct template here but previously declared as a class template; this is valid, but may result in linker errors under the Microsoft C++ ABI [-Wmismatched-tags]
  461 | struct constmatrix {
      | ^
praat.github.io/melder/melder_tensor.h:58:23: note: did you mean struct here?
   58 | template <typename T> class constmatrix;
      |                       ^~~~~
      |                       struct
praat.github.io/melder/melder_tensor.h:532:1: warning: 'matrixview' defined as a struct template here but previously declared as a class template; this is valid, but may result in linker errors under the Microsoft C++ ABI [-Wmismatched-tags]
  532 | struct matrixview {
      | ^
praat.github.io/melder/melder_tensor.h:59:23: note: did you mean struct here?
   59 | template <typename T> class matrixview;
      |                       ^~~~~
      |                       struct
praat.github.io/melder/melder_tensor.h:612:1: warning: 'constmatrixview' defined as a struct template here but previously declared as a class template; this is valid, but may result in linker errors under the Microsoft C++ ABI [-Wmismatched-tags]
  612 | struct constmatrixview {
      | ^
praat.github.io/melder/melder_tensor.h:60:23: note: did you mean struct here?
   60 | template <typename T> class constmatrixview;
      |                       ^~~~~
      |                       struct
praat.github.io/melder/melder_tensor.h:683:1: warning: 'automatrix' defined as a struct template here but previously declared as a class template; this is valid, but may result in linker errors under the Microsoft C++ ABI [-Wmismatched-tags]
  683 | struct automatrix {
      | ^
praat.github.io/melder/melder_tensor.h:61:23: note: did you mean struct here?
   61 | template <typename T> class automatrix;
      |                       ^~~~~
      |                       struct
praat.github.io/melder/melder_tensor.h:703:18: warning: unused variable 'numberOfColumnsInThisRow' [-Wunused-variable]
  703 |                         const integer numberOfColumnsInThisRow = uinteger_to_integer_a (row.size());
      |                                       ^~~~~~~~~~~~~~~~~~~~~~~~
11 warnings generated.
clang++ -arch arm64 -std=gnu++17 -I"/Library/Frameworks/R.framework/Resources/include" -DNDEBUG -I. -Ipraat.github.io -Ipraat.github.io/kar -Ipraat.github.io/melder -Ipraat.github.io/sys -Ipraat.github.io/dwsys -Ipraat.github.io/dwtools -Ipraat.github.io/stat -Ipraat.github.io/fon -Ipraat.github.io/foned -Ipraat.github.io/LPC -Ipraat.github.io/sensors -Ipraat.github.io/external/portaudio -Ipraat.github.io/external/flac -Ipraat.github.io/external/mp3 -Ipraat.github.io/external/espeak -Ipraat.github.io/external/gsl -Ipraat.github.io/external/glpk -I'/Library/Frameworks/R.framework/Versions/4.4-arm64/Resources/library/Rcpp/include' -I/opt/R/arm64/include -I/opt/homebrew/opt/libomp/include -Xclang -fopenmp   -DPRAAT_LIB -DNO_GUI -DNO_AUDIO -DNO_GRAPHICS -DNO_NETWORK -DUNIX -pthread -ffp-contract=off -Wno-unused-parameter -Wno-sign-compare -Wno-unused-variable -Wno-deprecated-declarations -Wno-trigraphs -Wno-logical-op-parentheses -Wno-shift-op-parentheses -Wno-mismatched-tags -Wno-unused-const-variable -Wno-c++11-narrowing -fPIC  -falign-functions=64 -Wall -g -O2   -c melder/abcio.cpp -o melder/abcio.o
In file included from melder/abcio.cpp:19:
In file included from praat.github.io/melder/melder.h:76:
praat.github.io/melder/melder_tensor.h:64:1: warning: 'vector' defined as a struct template here but previously declared as a class template; this is valid, but may result in linker errors under the Microsoft C++ ABI [-Wmismatched-tags]
   64 | struct vector {
      | ^
praat.github.io/melder/melder_tensor.h:52:23: note: did you mean struct here?
   52 | template <typename T> class vector;
      |                       ^~~~~
      |                       struct
praat.github.io/melder/melder_tensor.h:104:1: warning: 'constvector' defined as a struct template here but previously declared as a class template; this is valid, but may result in linker errors under the Microsoft C++ ABI [-Wmismatched-tags]
  104 | struct constvector {
      | ^
praat.github.io/melder/melder_tensor.h:53:23: note: did you mean struct here?
   53 | template <typename T> class constvector;
      |                       ^~~~~
      |                       struct
praat.github.io/melder/melder_tensor.h:137:1: warning: 'vectorview' defined as a struct template here but previously declared as a class template; this is valid, but may result in linker errors under the Microsoft C++ ABI [-Wmismatched-tags]
  137 | struct vectorview {
      | ^
praat.github.io/melder/melder_tensor.h:54:23: note: did you mean struct here?
   54 | template <typename T> class vectorview;
      |                       ^~~~~
      |                       struct
praat.github.io/melder/melder_tensor.h:167:1: warning: 'constvectorview' defined as a struct template here but previously declared as a class template; this is valid, but may result in linker errors under the Microsoft C++ ABI [-Wmismatched-tags]
  167 | struct constvectorview {
      | ^
praat.github.io/melder/melder_tensor.h:55:23: note: did you mean struct here?
   55 | template <typename T> class constvectorview;
      |                       ^~~~~
      |                       struct
praat.github.io/melder/melder_tensor.h:207:1: warning: 'autovector' defined as a struct template here but previously declared as a class template; this is valid, but may result in linker errors under the Microsoft C++ ABI [-Wmismatched-tags]
  207 | struct autovector {
      | ^
praat.github.io/melder/melder_tensor.h:56:23: note: did you mean struct here?
   56 | template <typename T> class autovector;
      |                       ^~~~~
      |                       struct
praat.github.io/melder/melder_tensor.h:388:1: warning: 'matrix' defined as a struct template here but previously declared as a class template; this is valid, but may result in linker errors under the Microsoft C++ ABI [-Wmismatched-tags]
  388 | struct matrix {
      | ^
praat.github.io/melder/melder_tensor.h:57:23: note: did you mean struct here?
   57 | template <typename T> class matrix;
      |                       ^~~~~
      |                       struct
praat.github.io/melder/melder_tensor.h:461:1: warning: 'constmatrix' defined as a struct template here but previously declared as a class template; this is valid, but may result in linker errors under the Microsoft C++ ABI [-Wmismatched-tags]
  461 | struct constmatrix {
      | ^
praat.github.io/melder/melder_tensor.h:58:23: note: did you mean struct here?
   58 | template <typename T> class constmatrix;
      |                       ^~~~~
      |                       struct
praat.github.io/melder/melder_tensor.h:532:1: warning: 'matrixview' defined as a struct template here but previously declared as a class template; this is valid, but may result in linker errors under the Microsoft C++ ABI [-Wmismatched-tags]
  532 | struct matrixview {
      | ^
praat.github.io/melder/melder_tensor.h:59:23: note: did you mean struct here?
   59 | template <typename T> class matrixview;
      |                       ^~~~~
      |                       struct
praat.github.io/melder/melder_tensor.h:612:1: warning: 'constmatrixview' defined as a struct template here but previously declared as a class template; this is valid, but may result in linker errors under the Microsoft C++ ABI [-Wmismatched-tags]
  612 | struct constmatrixview {
      | ^
praat.github.io/melder/melder_tensor.h:60:23: note: did you mean struct here?
   60 | template <typename T> class constmatrixview;
      |                       ^~~~~
      |                       struct
praat.github.io/melder/melder_tensor.h:683:1: warning: 'automatrix' defined as a struct template here but previously declared as a class template; this is valid, but may result in linker errors under the Microsoft C++ ABI [-Wmismatched-tags]
  683 | struct automatrix {
      | ^
praat.github.io/melder/melder_tensor.h:61:23: note: did you mean struct here?
   61 | template <typename T> class automatrix;
      |                       ^~~~~
      |                       struct
praat.github.io/melder/melder_tensor.h:703:18: warning: unused variable 'numberOfColumnsInThisRow' [-Wunused-variable]
  703 |                         const integer numberOfColumnsInThisRow = uinteger_to_integer_a (row.size());
      |                                       ^~~~~~~~~~~~~~~~~~~~~~~~
melder/abcio.cpp:318:11: warning: variable 'i' set but not used [-Wunused-but-set-variable]
  318 |         for (int i = 0; 1; i ++) {
      |                  ^
melder/abcio.cpp:1124:30: warning: '&&' within '||' [-Wlogical-op-parentheses]
 1124 |                 if (binario_doubleIEEE8msb && ! (Melder_debug == 18) || Melder_debug == 181) {
      |                     ~~~~~~~~~~~~~~~~~~~~~~~^~~~~~~~~~~~~~~~~~~~~~~~~ ~~
melder/abcio.cpp:1124:30: note: place parentheses around the '&&' expression to silence this warning
 1124 |                 if (binario_doubleIEEE8msb && ! (Melder_debug == 18) || Melder_debug == 181) {
      |                     ~~~~~~~~~~~~~~~~~~~~~~~^~~~~~~~~~~~~~~~~~~~~~~~~
melder/abcio.cpp:1162:30: warning: '&&' within '||' [-Wlogical-op-parentheses]
 1162 |                 if (binario_doubleIEEE8lsb && ! (Melder_debug == 18) || Melder_debug == 181) {
      |                     ~~~~~~~~~~~~~~~~~~~~~~~^~~~~~~~~~~~~~~~~~~~~~~~~ ~~
melder/abcio.cpp:1162:30: note: place parentheses around the '&&' expression to silence this warning
 1162 |                 if (binario_doubleIEEE8lsb && ! (Melder_debug == 18) || Melder_debug == 181) {
      |                     ~~~~~~~~~~~~~~~~~~~~~~~^~~~~~~~~~~~~~~~~~~~~~~~~
melder/abcio.cpp:1543:30: warning: '&&' within '||' [-Wlogical-op-parentheses]
 1543 |                 if (binario_doubleIEEE8msb && ! (Melder_debug == 18) || Melder_debug == 181) {
      |                     ~~~~~~~~~~~~~~~~~~~~~~~^~~~~~~~~~~~~~~~~~~~~~~~~ ~~
melder/abcio.cpp:1543:30: note: place parentheses around the '&&' expression to silence this warning
 1543 |                 if (binario_doubleIEEE8msb && ! (Melder_debug == 18) || Melder_debug == 181) {
      |                     ~~~~~~~~~~~~~~~~~~~~~~~^~~~~~~~~~~~~~~~~~~~~~~~~
melder/abcio.cpp:1606:30: warning: '&&' within '||' [-Wlogical-op-parentheses]
 1606 |                 if (binario_doubleIEEE8lsb && ! (Melder_debug == 18) || Melder_debug == 181) {
      |                     ~~~~~~~~~~~~~~~~~~~~~~~^~~~~~~~~~~~~~~~~~~~~~~~~ ~~
melder/abcio.cpp:1606:30: note: place parentheses around the '&&' expression to silence this warning
 1606 |                 if (binario_doubleIEEE8lsb && ! (Melder_debug == 18) || Melder_debug == 181) {
      |                     ~~~~~~~~~~~~~~~~~~~~~~~^~~~~~~~~~~~~~~~~~~~~~~~~
16 warnings generated.
clang++ -arch arm64 -std=gnu++17 -I"/Library/Frameworks/R.framework/Resources/include" -DNDEBUG -I. -Ipraat.github.io -Ipraat.github.io/kar -Ipraat.github.io/melder -Ipraat.github.io/sys -Ipraat.github.io/dwsys -Ipraat.github.io/dwtools -Ipraat.github.io/stat -Ipraat.github.io/fon -Ipraat.github.io/foned -Ipraat.github.io/LPC -Ipraat.github.io/sensors -Ipraat.github.io/external/portaudio -Ipraat.github.io/external/flac -Ipraat.github.io/external/mp3 -Ipraat.github.io/external/espeak -Ipraat.github.io/external/gsl -Ipraat.github.io/external/glpk -I'/Library/Frameworks/R.framework/Versions/4.4-arm64/Resources/library/Rcpp/include' -I/opt/R/arm64/include -I/opt/homebrew/opt/libomp/include -Xclang -fopenmp   -DPRAAT_LIB -DNO_GUI -DNO_AUDIO -DNO_GRAPHICS -DNO_NETWORK -DUNIX -pthread -ffp-contract=off -Wno-unused-parameter -Wno-sign-compare -Wno-unused-variable -Wno-deprecated-declarations -Wno-trigraphs -Wno-logical-op-parentheses -Wno-shift-op-parentheses -Wno-mismatched-tags -Wno-unused-const-variable -Wno-c++11-narrowing -fPIC  -falign-functions=64 -Wall -g -O2   -c melder/melder_sysenv.cpp -o melder/melder_sysenv.o
In file included from melder/melder_sysenv.cpp:32:
In file included from praat.github.io/melder/melder.h:76:
praat.github.io/melder/melder_tensor.h:64:1: warning: 'vector' defined as a struct template here but previously declared as a class template; this is valid, but may result in linker errors under the Microsoft C++ ABI [-Wmismatched-tags]
   64 | struct vector {
      | ^
praat.github.io/melder/melder_tensor.h:52:23: note: did you mean struct here?
   52 | template <typename T> class vector;
      |                       ^~~~~
      |                       struct
praat.github.io/melder/melder_tensor.h:104:1: warning: 'constvector' defined as a struct template here but previously declared as a class template; this is valid, but may result in linker errors under the Microsoft C++ ABI [-Wmismatched-tags]
  104 | struct constvector {
      | ^
praat.github.io/melder/melder_tensor.h:53:23: note: did you mean struct here?
   53 | template <typename T> class constvector;
      |                       ^~~~~
      |                       struct
praat.github.io/melder/melder_tensor.h:137:1: warning: 'vectorview' defined as a struct template here but previously declared as a class template; this is valid, but may result in linker errors under the Microsoft C++ ABI [-Wmismatched-tags]
  137 | struct vectorview {
      | ^
praat.github.io/melder/melder_tensor.h:54:23: note: did you mean struct here?
   54 | template <typename T> class vectorview;
      |                       ^~~~~
      |                       struct
praat.github.io/melder/melder_tensor.h:167:1: warning: 'constvectorview' defined as a struct template here but previously declared as a class template; this is valid, but may result in linker errors under the Microsoft C++ ABI [-Wmismatched-tags]
  167 | struct constvectorview {
      | ^
praat.github.io/melder/melder_tensor.h:55:23: note: did you mean struct here?
   55 | template <typename T> class constvectorview;
      |                       ^~~~~
      |                       struct
praat.github.io/melder/melder_tensor.h:207:1: warning: 'autovector' defined as a struct template here but previously declared as a class template; this is valid, but may result in linker errors under the Microsoft C++ ABI [-Wmismatched-tags]
  207 | struct autovector {
      | ^
praat.github.io/melder/melder_tensor.h:56:23: note: did you mean struct here?
   56 | template <typename T> class autovector;
      |                       ^~~~~
      |                       struct
praat.github.io/melder/melder_tensor.h:388:1: warning: 'matrix' defined as a struct template here but previously declared as a class template; this is valid, but may result in linker errors under the Microsoft C++ ABI [-Wmismatched-tags]
  388 | struct matrix {
      | ^
praat.github.io/melder/melder_tensor.h:57:23: note: did you mean struct here?
   57 | template <typename T> class matrix;
      |                       ^~~~~
      |                       struct
praat.github.io/melder/melder_tensor.h:461:1: warning: 'constmatrix' defined as a struct template here but previously declared as a class template; this is valid, but may result in linker errors under the Microsoft C++ ABI [-Wmismatched-tags]
  461 | struct constmatrix {
      | ^
praat.github.io/melder/melder_tensor.h:58:23: note: did you mean struct here?
   58 | template <typename T> class constmatrix;
      |                       ^~~~~
      |                       struct
praat.github.io/melder/melder_tensor.h:532:1: warning: 'matrixview' defined as a struct template here but previously declared as a class template; this is valid, but may result in linker errors under the Microsoft C++ ABI [-Wmismatched-tags]
  532 | struct matrixview {
      | ^
praat.github.io/melder/melder_tensor.h:59:23: note: did you mean struct here?
   59 | template <typename T> class matrixview;
      |                       ^~~~~
      |                       struct
praat.github.io/melder/melder_tensor.h:612:1: warning: 'constmatrixview' defined as a struct template here but previously declared as a class template; this is valid, but may result in linker errors under the Microsoft C++ ABI [-Wmismatched-tags]
  612 | struct constmatrixview {
      | ^
praat.github.io/melder/melder_tensor.h:60:23: note: did you mean struct here?
   60 | template <typename T> class constmatrixview;
      |                       ^~~~~
      |                       struct
praat.github.io/melder/melder_tensor.h:683:1: warning: 'automatrix' defined as a struct template here but previously declared as a class template; this is valid, but may result in linker errors under the Microsoft C++ ABI [-Wmismatched-tags]
  683 | struct automatrix {
      | ^
praat.github.io/melder/melder_tensor.h:61:23: note: did you mean struct here?
   61 | template <typename T> class automatrix;
      |                       ^~~~~
      |                       struct
praat.github.io/melder/melder_tensor.h:703:18: warning: unused variable 'numberOfColumnsInThisRow' [-Wunused-variable]
  703 |                         const integer numberOfColumnsInThisRow = uinteger_to_integer_a (row.size());
      |                                       ^~~~~~~~~~~~~~~~~~~~~~~~
11 warnings generated.
clang++ -arch arm64 -std=gnu++17 -I"/Library/Frameworks/R.framework/Resources/include" -DNDEBUG -I. -Ipraat.github.io -Ipraat.github.io/kar -Ipraat.github.io/melder -Ipraat.github.io/sys -Ipraat.github.io/dwsys -Ipraat.github.io/dwtools -Ipraat.github.io/stat -Ipraat.github.io/fon -Ipraat.github.io/foned -Ipraat.github.io/LPC -Ipraat.github.io/sensors -Ipraat.github.io/external/portaudio -Ipraat.github.io/external/flac -Ipraat.github.io/external/mp3 -Ipraat.github.io/external/espeak -Ipraat.github.io/external/gsl -Ipraat.github.io/external/glpk -I'/Library/Frameworks/R.framework/Versions/4.4-arm64/Resources/library/Rcpp/include' -I/opt/R/arm64/include -I/opt/homebrew/opt/libomp/include -Xclang -fopenmp   -DPRAAT_LIB -DNO_GUI -DNO_AUDIO -DNO_GRAPHICS -DNO_NETWORK -DUNIX -pthread -ffp-contract=off -Wno-unused-parameter -Wno-sign-compare -Wno-unused-variable -Wno-deprecated-declarations -Wno-trigraphs -Wno-logical-op-parentheses -Wno-shift-op-parentheses -Wno-mismatched-tags -Wno-unused-const-variable -Wno-c++11-narrowing -fPIC  -falign-functions=64 -Wall -g -O2   -c melder/regularExp.cpp -o melder/regularExp.o
In file included from melder/regularExp.cpp:92:
In file included from praat.github.io/melder/melder.h:76:
praat.github.io/melder/melder_tensor.h:64:1: warning: 'vector' defined as a struct template here but previously declared as a class template; this is valid, but may result in linker errors under the Microsoft C++ ABI [-Wmismatched-tags]
   64 | struct vector {
      | ^
praat.github.io/melder/melder_tensor.h:52:23: note: did you mean struct here?
   52 | template <typename T> class vector;
      |                       ^~~~~
      |                       struct
praat.github.io/melder/melder_tensor.h:104:1: warning: 'constvector' defined as a struct template here but previously declared as a class template; this is valid, but may result in linker errors under the Microsoft C++ ABI [-Wmismatched-tags]
  104 | struct constvector {
      | ^
praat.github.io/melder/melder_tensor.h:53:23: note: did you mean struct here?
   53 | template <typename T> class constvector;
      |                       ^~~~~
      |                       struct
praat.github.io/melder/melder_tensor.h:137:1: warning: 'vectorview' defined as a struct template here but previously declared as a class template; this is valid, but may result in linker errors under the Microsoft C++ ABI [-Wmismatched-tags]
  137 | struct vectorview {
      | ^
praat.github.io/melder/melder_tensor.h:54:23: note: did you mean struct here?
   54 | template <typename T> class vectorview;
      |                       ^~~~~
      |                       struct
praat.github.io/melder/melder_tensor.h:167:1: warning: 'constvectorview' defined as a struct template here but previously declared as a class template; this is valid, but may result in linker errors under the Microsoft C++ ABI [-Wmismatched-tags]
  167 | struct constvectorview {
      | ^
praat.github.io/melder/melder_tensor.h:55:23: note: did you mean struct here?
   55 | template <typename T> class constvectorview;
      |                       ^~~~~
      |                       struct
praat.github.io/melder/melder_tensor.h:207:1: warning: 'autovector' defined as a struct template here but previously declared as a class template; this is valid, but may result in linker errors under the Microsoft C++ ABI [-Wmismatched-tags]
  207 | struct autovector {
      | ^
praat.github.io/melder/melder_tensor.h:56:23: note: did you mean struct here?
   56 | template <typename T> class autovector;
      |                       ^~~~~
      |                       struct
praat.github.io/melder/melder_tensor.h:388:1: warning: 'matrix' defined as a struct template here but previously declared as a class template; this is valid, but may result in linker errors under the Microsoft C++ ABI [-Wmismatched-tags]
  388 | struct matrix {
      | ^
praat.github.io/melder/melder_tensor.h:57:23: note: did you mean struct here?
   57 | template <typename T> class matrix;
      |                       ^~~~~
      |                       struct
praat.github.io/melder/melder_tensor.h:461:1: warning: 'constmatrix' defined as a struct template here but previously declared as a class template; this is valid, but may result in linker errors under the Microsoft C++ ABI [-Wmismatched-tags]
  461 | struct constmatrix {
      | ^
praat.github.io/melder/melder_tensor.h:58:23: note: did you mean struct here?
   58 | template <typename T> class constmatrix;
      |                       ^~~~~
      |                       struct
praat.github.io/melder/melder_tensor.h:532:1: warning: 'matrixview' defined as a struct template here but previously declared as a class template; this is valid, but may result in linker errors under the Microsoft C++ ABI [-Wmismatched-tags]
  532 | struct matrixview {
      | ^
praat.github.io/melder/melder_tensor.h:59:23: note: did you mean struct here?
   59 | template <typename T> class matrixview;
      |                       ^~~~~
      |                       struct
praat.github.io/melder/melder_tensor.h:612:1: warning: 'constmatrixview' defined as a struct template here but previously declared as a class template; this is valid, but may result in linker errors under the Microsoft C++ ABI [-Wmismatched-tags]
  612 | struct constmatrixview {
      | ^
praat.github.io/melder/melder_tensor.h:60:23: note: did you mean struct here?
   60 | template <typename T> class constmatrixview;
      |                       ^~~~~
      |                       struct
praat.github.io/melder/melder_tensor.h:683:1: warning: 'automatrix' defined as a struct template here but previously declared as a class template; this is valid, but may result in linker errors under the Microsoft C++ ABI [-Wmismatched-tags]
  683 | struct automatrix {
      | ^
praat.github.io/melder/melder_tensor.h:61:23: note: did you mean struct here?
   61 | template <typename T> class automatrix;
      |                       ^~~~~
      |                       struct
praat.github.io/melder/melder_tensor.h:703:18: warning: unused variable 'numberOfColumnsInThisRow' [-Wunused-variable]
  703 |                         const integer numberOfColumnsInThisRow = uinteger_to_integer_a (row.size());
      |                                       ^~~~~~~~~~~~~~~~~~~~~~~~
11 warnings generated.
clang++ -arch arm64 -std=gnu++17 -I"/Library/Frameworks/R.framework/Resources/include" -DNDEBUG -I. -Ipraat.github.io -Ipraat.github.io/kar -Ipraat.github.io/melder -Ipraat.github.io/sys -Ipraat.github.io/dwsys -Ipraat.github.io/dwtools -Ipraat.github.io/stat -Ipraat.github.io/fon -Ipraat.github.io/foned -Ipraat.github.io/LPC -Ipraat.github.io/sensors -Ipraat.github.io/external/portaudio -Ipraat.github.io/external/flac -Ipraat.github.io/external/mp3 -Ipraat.github.io/external/espeak -Ipraat.github.io/external/gsl -Ipraat.github.io/external/glpk -I'/Library/Frameworks/R.framework/Versions/4.4-arm64/Resources/library/Rcpp/include' -I/opt/R/arm64/include -I/opt/homebrew/opt/libomp/include -Xclang -fopenmp   -DPRAAT_LIB -DNO_GUI -DNO_AUDIO -DNO_GRAPHICS -DNO_NETWORK -DUNIX -pthread -ffp-contract=off -Wno-unused-parameter -Wno-sign-compare -Wno-unused-variable -Wno-deprecated-declarations -Wno-trigraphs -Wno-logical-op-parentheses -Wno-shift-op-parentheses -Wno-mismatched-tags -Wno-unused-const-variable -Wno-c++11-narrowing -fPIC  -falign-functions=64 -Wall -g -O2   -c melder/NUMmath.cpp -o melder/NUMmath.o
In file included from melder/NUMmath.cpp:19:
In file included from praat.github.io/melder/melder.h:76:
praat.github.io/melder/melder_tensor.h:64:1: warning: 'vector' defined as a struct template here but previously declared as a class template; this is valid, but may result in linker errors under the Microsoft C++ ABI [-Wmismatched-tags]
   64 | struct vector {
      | ^
praat.github.io/melder/melder_tensor.h:52:23: note: did you mean struct here?
   52 | template <typename T> class vector;
      |                       ^~~~~
      |                       struct
praat.github.io/melder/melder_tensor.h:104:1: warning: 'constvector' defined as a struct template here but previously declared as a class template; this is valid, but may result in linker errors under the Microsoft C++ ABI [-Wmismatched-tags]
  104 | struct constvector {
      | ^
praat.github.io/melder/melder_tensor.h:53:23: note: did you mean struct here?
   53 | template <typename T> class constvector;
      |                       ^~~~~
      |                       struct
praat.github.io/melder/melder_tensor.h:137:1: warning: 'vectorview' defined as a struct template here but previously declared as a class template; this is valid, but may result in linker errors under the Microsoft C++ ABI [-Wmismatched-tags]
  137 | struct vectorview {
      | ^
praat.github.io/melder/melder_tensor.h:54:23: note: did you mean struct here?
   54 | template <typename T> class vectorview;
      |                       ^~~~~
      |                       struct
praat.github.io/melder/melder_tensor.h:167:1: warning: 'constvectorview' defined as a struct template here but previously declared as a class template; this is valid, but may result in linker errors under the Microsoft C++ ABI [-Wmismatched-tags]
  167 | struct constvectorview {
      | ^
praat.github.io/melder/melder_tensor.h:55:23: note: did you mean struct here?
   55 | template <typename T> class constvectorview;
      |                       ^~~~~
      |                       struct
praat.github.io/melder/melder_tensor.h:207:1: warning: 'autovector' defined as a struct template here but previously declared as a class template; this is valid, but may result in linker errors under the Microsoft C++ ABI [-Wmismatched-tags]
  207 | struct autovector {
      | ^
praat.github.io/melder/melder_tensor.h:56:23: note: did you mean struct here?
   56 | template <typename T> class autovector;
      |                       ^~~~~
      |                       struct
praat.github.io/melder/melder_tensor.h:388:1: warning: 'matrix' defined as a struct template here but previously declared as a class template; this is valid, but may result in linker errors under the Microsoft C++ ABI [-Wmismatched-tags]
  388 | struct matrix {
      | ^
praat.github.io/melder/melder_tensor.h:57:23: note: did you mean struct here?
   57 | template <typename T> class matrix;
      |                       ^~~~~
      |                       struct
praat.github.io/melder/melder_tensor.h:461:1: warning: 'constmatrix' defined as a struct template here but previously declared as a class template; this is valid, but may result in linker errors under the Microsoft C++ ABI [-Wmismatched-tags]
  461 | struct constmatrix {
      | ^
praat.github.io/melder/melder_tensor.h:58:23: note: did you mean struct here?
   58 | template <typename T> class constmatrix;
      |                       ^~~~~
      |                       struct
praat.github.io/melder/melder_tensor.h:532:1: warning: 'matrixview' defined as a struct template here but previously declared as a class template; this is valid, but may result in linker errors under the Microsoft C++ ABI [-Wmismatched-tags]
  532 | struct matrixview {
      | ^
praat.github.io/melder/melder_tensor.h:59:23: note: did you mean struct here?
   59 | template <typename T> class matrixview;
      |                       ^~~~~
      |                       struct
praat.github.io/melder/melder_tensor.h:612:1: warning: 'constmatrixview' defined as a struct template here but previously declared as a class template; this is valid, but may result in linker errors under the Microsoft C++ ABI [-Wmismatched-tags]
  612 | struct constmatrixview {
      | ^
praat.github.io/melder/melder_tensor.h:60:23: note: did you mean struct here?
   60 | template <typename T> class constmatrixview;
      |                       ^~~~~
      |                       struct
praat.github.io/melder/melder_tensor.h:683:1: warning: 'automatrix' defined as a struct template here but previously declared as a class template; this is valid, but may result in linker errors under the Microsoft C++ ABI [-Wmismatched-tags]
  683 | struct automatrix {
      | ^
praat.github.io/melder/melder_tensor.h:61:23: note: did you mean struct here?
   61 | template <typename T> class automatrix;
      |                       ^~~~~
      |                       struct
praat.github.io/melder/melder_tensor.h:703:18: warning: unused variable 'numberOfColumnsInThisRow' [-Wunused-variable]
  703 |                         const integer numberOfColumnsInThisRow = uinteger_to_integer_a (row.size());
      |                                       ^~~~~~~~~~~~~~~~~~~~~~~~
11 warnings generated.
clang++ -arch arm64 -std=gnu++17 -I"/Library/Frameworks/R.framework/Resources/include" -DNDEBUG -I. -Ipraat.github.io -Ipraat.github.io/kar -Ipraat.github.io/melder -Ipraat.github.io/sys -Ipraat.github.io/dwsys -Ipraat.github.io/dwtools -Ipraat.github.io/stat -Ipraat.github.io/fon -Ipraat.github.io/foned -Ipraat.github.io/LPC -Ipraat.github.io/sensors -Ipraat.github.io/external/portaudio -Ipraat.github.io/external/flac -Ipraat.github.io/external/mp3 -Ipraat.github.io/external/espeak -Ipraat.github.io/external/gsl -Ipraat.github.io/external/glpk -I'/Library/Frameworks/R.framework/Versions/4.4-arm64/Resources/library/Rcpp/include' -I/opt/R/arm64/include -I/opt/homebrew/opt/libomp/include -Xclang -fopenmp   -DPRAAT_LIB -DNO_GUI -DNO_AUDIO -DNO_GRAPHICS -DNO_NETWORK -DUNIX -pthread -ffp-contract=off -Wno-unused-parameter -Wno-sign-compare -Wno-unused-variable -Wno-deprecated-declarations -Wno-trigraphs -Wno-logical-op-parentheses -Wno-shift-op-parentheses -Wno-mismatched-tags -Wno-unused-const-variable -Wno-c++11-narrowing -fPIC  -falign-functions=64 -Wall -g -O2   -c melder/NUMspecfunc.cpp -o melder/NUMspecfunc.o
In file included from melder/NUMspecfunc.cpp:31:
In file included from praat.github.io/melder/melder.h:76:
praat.github.io/melder/melder_tensor.h:64:1: warning: 'vector' defined as a struct template here but previously declared as a class template; this is valid, but may result in linker errors under the Microsoft C++ ABI [-Wmismatched-tags]
   64 | struct vector {
      | ^
praat.github.io/melder/melder_tensor.h:52:23: note: did you mean struct here?
   52 | template <typename T> class vector;
      |                       ^~~~~
      |                       struct
praat.github.io/melder/melder_tensor.h:104:1: warning: 'constvector' defined as a struct template here but previously declared as a class template; this is valid, but may result in linker errors under the Microsoft C++ ABI [-Wmismatched-tags]
  104 | struct constvector {
      | ^
praat.github.io/melder/melder_tensor.h:53:23: note: did you mean struct here?
   53 | template <typename T> class constvector;
      |                       ^~~~~
      |                       struct
praat.github.io/melder/melder_tensor.h:137:1: warning: 'vectorview' defined as a struct template here but previously declared as a class template; this is valid, but may result in linker errors under the Microsoft C++ ABI [-Wmismatched-tags]
  137 | struct vectorview {
      | ^
praat.github.io/melder/melder_tensor.h:54:23: note: did you mean struct here?
   54 | template <typename T> class vectorview;
      |                       ^~~~~
      |                       struct
praat.github.io/melder/melder_tensor.h:167:1: warning: 'constvectorview' defined as a struct template here but previously declared as a class template; this is valid, but may result in linker errors under the Microsoft C++ ABI [-Wmismatched-tags]
  167 | struct constvectorview {
      | ^
praat.github.io/melder/melder_tensor.h:55:23: note: did you mean struct here?
   55 | template <typename T> class constvectorview;
      |                       ^~~~~
      |                       struct
praat.github.io/melder/melder_tensor.h:207:1: warning: 'autovector' defined as a struct template here but previously declared as a class template; this is valid, but may result in linker errors under the Microsoft C++ ABI [-Wmismatched-tags]
  207 | struct autovector {
      | ^
praat.github.io/melder/melder_tensor.h:56:23: note: did you mean struct here?
   56 | template <typename T> class autovector;
      |                       ^~~~~
      |                       struct
praat.github.io/melder/melder_tensor.h:388:1: warning: 'matrix' defined as a struct template here but previously declared as a class template; this is valid, but may result in linker errors under the Microsoft C++ ABI [-Wmismatched-tags]
  388 | struct matrix {
      | ^
praat.github.io/melder/melder_tensor.h:57:23: note: did you mean struct here?
   57 | template <typename T> class matrix;
      |                       ^~~~~
      |                       struct
praat.github.io/melder/melder_tensor.h:461:1: warning: 'constmatrix' defined as a struct template here but previously declared as a class template; this is valid, but may result in linker errors under the Microsoft C++ ABI [-Wmismatched-tags]
  461 | struct constmatrix {
      | ^
praat.github.io/melder/melder_tensor.h:58:23: note: did you mean struct here?
   58 | template <typename T> class constmatrix;
      |                       ^~~~~
      |                       struct
praat.github.io/melder/melder_tensor.h:532:1: warning: 'matrixview' defined as a struct template here but previously declared as a class template; this is valid, but may result in linker errors under the Microsoft C++ ABI [-Wmismatched-tags]
  532 | struct matrixview {
      | ^
praat.github.io/melder/melder_tensor.h:59:23: note: did you mean struct here?
   59 | template <typename T> class matrixview;
      |                       ^~~~~
      |                       struct
praat.github.io/melder/melder_tensor.h:612:1: warning: 'constmatrixview' defined as a struct template here but previously declared as a class template; this is valid, but may result in linker errors under the Microsoft C++ ABI [-Wmismatched-tags]
  612 | struct constmatrixview {
      | ^
praat.github.io/melder/melder_tensor.h:60:23: note: did you mean struct here?
   60 | template <typename T> class constmatrixview;
      |                       ^~~~~
      |                       struct
praat.github.io/melder/melder_tensor.h:683:1: warning: 'automatrix' defined as a struct template here but previously declared as a class template; this is valid, but may result in linker errors under the Microsoft C++ ABI [-Wmismatched-tags]
  683 | struct automatrix {
      | ^
praat.github.io/melder/melder_tensor.h:61:23: note: did you mean struct here?
   61 | template <typename T> class automatrix;
      |                       ^~~~~
      |                       struct
praat.github.io/melder/melder_tensor.h:703:18: warning: unused variable 'numberOfColumnsInThisRow' [-Wunused-variable]
  703 |                         const integer numberOfColumnsInThisRow = uinteger_to_integer_a (row.size());
      |                                       ^~~~~~~~~~~~~~~~~~~~~~~~
In file included from melder/NUMspecfunc.cpp:32:
In file included from praat.github.io/kar/../dwsys/NUM2.h:21:
In file included from praat.github.io/kar/../dwsys/ExtendedReal.h:37:
In file included from praat.github.io/sys/Data.h:23:
praat.github.io/sys/Thing.h:77:9: warning: struct 'structThing' was previously declared as a class; this is valid, but may result in linker errors under the Microsoft C++ ABI [-Wmismatched-tags]
   77 | typedef struct structThing *Thing;   // we need an explicit "struct" here, because this is a forward declaration
      |         ^
praat.github.io/melder/MelderArg.h:21:15: note: previous use is here
   21 | typedef class structThing *Thing;   // forward declaration
      |               ^
In file included from melder/NUMspecfunc.cpp:32:
In file included from praat.github.io/kar/../dwsys/NUM2.h:21:
In file included from praat.github.io/kar/../dwsys/ExtendedReal.h:37:
In file included from praat.github.io/sys/Data.h:23:
praat.github.io/sys/Thing.h:78:9: warning: struct 'structThing' was previously declared as a class; this is valid, but may result in linker errors under the Microsoft C++ ABI [-Wmismatched-tags]
   78 | typedef struct structThing *mutableThing;
      |         ^
praat.github.io/melder/MelderArg.h:21:15: note: previous use is here
   21 | typedef class structThing *Thing;   // forward declaration
      |               ^
In file included from melder/NUMspecfunc.cpp:32:
In file included from praat.github.io/kar/../dwsys/NUM2.h:21:
In file included from praat.github.io/kar/../dwsys/ExtendedReal.h:37:
In file included from praat.github.io/sys/Data.h:23:
praat.github.io/sys/Thing.h:79:15: warning: struct 'structThing' was previously declared as a class; this is valid, but may result in linker errors under the Microsoft C++ ABI [-Wmismatched-tags]
   79 | typedef const struct structThing *constThing;
      |               ^
praat.github.io/melder/MelderArg.h:21:15: note: previous use is here
   21 | typedef class structThing *Thing;   // forward declaration
      |               ^
In file included from melder/NUMspecfunc.cpp:32:
In file included from praat.github.io/kar/../dwsys/NUM2.h:21:
In file included from praat.github.io/kar/../dwsys/ExtendedReal.h:37:
In file included from praat.github.io/sys/Data.h:23:
praat.github.io/sys/Thing.h:82:1: warning: 'structThing' defined as a struct here but previously declared as a class; this is valid, but may result in linker errors under the Microsoft C++ ABI [-Wmismatched-tags]
   82 | struct structThing {
      | ^
praat.github.io/melder/MelderArg.h:21:9: note: did you mean struct here?
   21 | typedef class structThing *Thing;   // forward declaration
      |         ^~~~~
      |         struct
15 warnings generated.
clang++ -arch arm64 -std=gnu++17 -I"/Library/Frameworks/R.framework/Resources/include" -DNDEBUG -I. -Ipraat.github.io -Ipraat.github.io/kar -Ipraat.github.io/melder -Ipraat.github.io/sys -Ipraat.github.io/dwsys -Ipraat.github.io/dwtools -Ipraat.github.io/stat -Ipraat.github.io/fon -Ipraat.github.io/foned -Ipraat.github.io/LPC -Ipraat.github.io/sensors -Ipraat.github.io/external/portaudio -Ipraat.github.io/external/flac -Ipraat.github.io/external/mp3 -Ipraat.github.io/external/espeak -Ipraat.github.io/external/gsl -Ipraat.github.io/external/glpk -I'/Library/Frameworks/R.framework/Versions/4.4-arm64/Resources/library/Rcpp/include' -I/opt/R/arm64/include -I/opt/homebrew/opt/libomp/include -Xclang -fopenmp   -DPRAAT_LIB -DNO_GUI -DNO_AUDIO -DNO_GRAPHICS -DNO_NETWORK -DUNIX -pthread -ffp-contract=off -Wno-unused-parameter -Wno-sign-compare -Wno-unused-variable -Wno-deprecated-declarations -Wno-trigraphs -Wno-logical-op-parentheses -Wno-shift-op-parentheses -Wno-mismatched-tags -Wno-unused-const-variable -Wno-c++11-narrowing -fPIC  -falign-functions=64 -Wall -g -O2   -c melder/NUMear.cpp -o melder/NUMear.o
In file included from melder/NUMear.cpp:19:
In file included from praat.github.io/melder/melder.h:76:
praat.github.io/melder/melder_tensor.h:64:1: warning: 'vector' defined as a struct template here but previously declared as a class template; this is valid, but may result in linker errors under the Microsoft C++ ABI [-Wmismatched-tags]
   64 | struct vector {
      | ^
praat.github.io/melder/melder_tensor.h:52:23: note: did you mean struct here?
   52 | template <typename T> class vector;
      |                       ^~~~~
      |                       struct
praat.github.io/melder/melder_tensor.h:104:1: warning: 'constvector' defined as a struct template here but previously declared as a class template; this is valid, but may result in linker errors under the Microsoft C++ ABI [-Wmismatched-tags]
  104 | struct constvector {
      | ^
praat.github.io/melder/melder_tensor.h:53:23: note: did you mean struct here?
   53 | template <typename T> class constvector;
      |                       ^~~~~
      |                       struct
praat.github.io/melder/melder_tensor.h:137:1: warning: 'vectorview' defined as a struct template here but previously declared as a class template; this is valid, but may result in linker errors under the Microsoft C++ ABI [-Wmismatched-tags]
  137 | struct vectorview {
      | ^
praat.github.io/melder/melder_tensor.h:54:23: note: did you mean struct here?
   54 | template <typename T> class vectorview;
      |                       ^~~~~
      |                       struct
praat.github.io/melder/melder_tensor.h:167:1: warning: 'constvectorview' defined as a struct template here but previously declared as a class template; this is valid, but may result in linker errors under the Microsoft C++ ABI [-Wmismatched-tags]
  167 | struct constvectorview {
      | ^
praat.github.io/melder/melder_tensor.h:55:23: note: did you mean struct here?
   55 | template <typename T> class constvectorview;
      |                       ^~~~~
      |                       struct
praat.github.io/melder/melder_tensor.h:207:1: warning: 'autovector' defined as a struct template here but previously declared as a class template; this is valid, but may result in linker errors under the Microsoft C++ ABI [-Wmismatched-tags]
  207 | struct autovector {
      | ^
praat.github.io/melder/melder_tensor.h:56:23: note: did you mean struct here?
   56 | template <typename T> class autovector;
      |                       ^~~~~
      |                       struct
praat.github.io/melder/melder_tensor.h:388:1: warning: 'matrix' defined as a struct template here but previously declared as a class template; this is valid, but may result in linker errors under the Microsoft C++ ABI [-Wmismatched-tags]
  388 | struct matrix {
      | ^
praat.github.io/melder/melder_tensor.h:57:23: note: did you mean struct here?
   57 | template <typename T> class matrix;
      |                       ^~~~~
      |                       struct
praat.github.io/melder/melder_tensor.h:461:1: warning: 'constmatrix' defined as a struct template here but previously declared as a class template; this is valid, but may result in linker errors under the Microsoft C++ ABI [-Wmismatched-tags]
  461 | struct constmatrix {
      | ^
praat.github.io/melder/melder_tensor.h:58:23: note: did you mean struct here?
   58 | template <typename T> class constmatrix;
      |                       ^~~~~
      |                       struct
praat.github.io/melder/melder_tensor.h:532:1: warning: 'matrixview' defined as a struct template here but previously declared as a class template; this is valid, but may result in linker errors under the Microsoft C++ ABI [-Wmismatched-tags]
  532 | struct matrixview {
      | ^
praat.github.io/melder/melder_tensor.h:59:23: note: did you mean struct here?
   59 | template <typename T> class matrixview;
      |                       ^~~~~
      |                       struct
praat.github.io/melder/melder_tensor.h:612:1: warning: 'constmatrixview' defined as a struct template here but previously declared as a class template; this is valid, but may result in linker errors under the Microsoft C++ ABI [-Wmismatched-tags]
  612 | struct constmatrixview {
      | ^
praat.github.io/melder/melder_tensor.h:60:23: note: did you mean struct here?
   60 | template <typename T> class constmatrixview;
      |                       ^~~~~
      |                       struct
praat.github.io/melder/melder_tensor.h:683:1: warning: 'automatrix' defined as a struct template here but previously declared as a class template; this is valid, but may result in linker errors under the Microsoft C++ ABI [-Wmismatched-tags]
  683 | struct automatrix {
      | ^
praat.github.io/melder/melder_tensor.h:61:23: note: did you mean struct here?
   61 | template <typename T> class automatrix;
      |                       ^~~~~
      |                       struct
praat.github.io/melder/melder_tensor.h:703:18: warning: unused variable 'numberOfColumnsInThisRow' [-Wunused-variable]
  703 |                         const integer numberOfColumnsInThisRow = uinteger_to_integer_a (row.size());
      |                                       ^~~~~~~~~~~~~~~~~~~~~~~~
11 warnings generated.
clang++ -arch arm64 -std=gnu++17 -I"/Library/Frameworks/R.framework/Resources/include" -DNDEBUG -I. -Ipraat.github.io -Ipraat.github.io/kar -Ipraat.github.io/melder -Ipraat.github.io/sys -Ipraat.github.io/dwsys -Ipraat.github.io/dwtools -Ipraat.github.io/stat -Ipraat.github.io/fon -Ipraat.github.io/foned -Ipraat.github.io/LPC -Ipraat.github.io/sensors -Ipraat.github.io/external/portaudio -Ipraat.github.io/external/flac -Ipraat.github.io/external/mp3 -Ipraat.github.io/external/espeak -Ipraat.github.io/external/gsl -Ipraat.github.io/external/glpk -I'/Library/Frameworks/R.framework/Versions/4.4-arm64/Resources/library/Rcpp/include' -I/opt/R/arm64/include -I/opt/homebrew/opt/libomp/include -Xclang -fopenmp   -DPRAAT_LIB -DNO_GUI -DNO_AUDIO -DNO_GRAPHICS -DNO_NETWORK -DUNIX -pthread -ffp-contract=off -Wno-unused-parameter -Wno-sign-compare -Wno-unused-variable -Wno-deprecated-declarations -Wno-trigraphs -Wno-logical-op-parentheses -Wno-shift-op-parentheses -Wno-mismatched-tags -Wno-unused-const-variable -Wno-c++11-narrowing -fPIC  -falign-functions=64 -Wall -g -O2   -c melder/NUMinterpol.cpp -o melder/NUMinterpol.o
In file included from melder/NUMinterpol.cpp:28:
In file included from praat.github.io/melder/melder.h:76:
praat.github.io/melder/melder_tensor.h:64:1: warning: 'vector' defined as a struct template here but previously declared as a class template; this is valid, but may result in linker errors under the Microsoft C++ ABI [-Wmismatched-tags]
   64 | struct vector {
      | ^
praat.github.io/melder/melder_tensor.h:52:23: note: did you mean struct here?
   52 | template <typename T> class vector;
      |                       ^~~~~
      |                       struct
praat.github.io/melder/melder_tensor.h:104:1: warning: 'constvector' defined as a struct template here but previously declared as a class template; this is valid, but may result in linker errors under the Microsoft C++ ABI [-Wmismatched-tags]
  104 | struct constvector {
      | ^
praat.github.io/melder/melder_tensor.h:53:23: note: did you mean struct here?
   53 | template <typename T> class constvector;
      |                       ^~~~~
      |                       struct
praat.github.io/melder/melder_tensor.h:137:1: warning: 'vectorview' defined as a struct template here but previously declared as a class template; this is valid, but may result in linker errors under the Microsoft C++ ABI [-Wmismatched-tags]
  137 | struct vectorview {
      | ^
praat.github.io/melder/melder_tensor.h:54:23: note: did you mean struct here?
   54 | template <typename T> class vectorview;
      |                       ^~~~~
      |                       struct
praat.github.io/melder/melder_tensor.h:167:1: warning: 'constvectorview' defined as a struct template here but previously declared as a class template; this is valid, but may result in linker errors under the Microsoft C++ ABI [-Wmismatched-tags]
  167 | struct constvectorview {
      | ^
praat.github.io/melder/melder_tensor.h:55:23: note: did you mean struct here?
   55 | template <typename T> class constvectorview;
      |                       ^~~~~
      |                       struct
praat.github.io/melder/melder_tensor.h:207:1: warning: 'autovector' defined as a struct template here but previously declared as a class template; this is valid, but may result in linker errors under the Microsoft C++ ABI [-Wmismatched-tags]
  207 | struct autovector {
      | ^
praat.github.io/melder/melder_tensor.h:56:23: note: did you mean struct here?
   56 | template <typename T> class autovector;
      |                       ^~~~~
      |                       struct
praat.github.io/melder/melder_tensor.h:388:1: warning: 'matrix' defined as a struct template here but previously declared as a class template; this is valid, but may result in linker errors under the Microsoft C++ ABI [-Wmismatched-tags]
  388 | struct matrix {
      | ^
praat.github.io/melder/melder_tensor.h:57:23: note: did you mean struct here?
   57 | template <typename T> class matrix;
      |                       ^~~~~
      |                       struct
praat.github.io/melder/melder_tensor.h:461:1: warning: 'constmatrix' defined as a struct template here but previously declared as a class template; this is valid, but may result in linker errors under the Microsoft C++ ABI [-Wmismatched-tags]
  461 | struct constmatrix {
      | ^
praat.github.io/melder/melder_tensor.h:58:23: note: did you mean struct here?
   58 | template <typename T> class constmatrix;
      |                       ^~~~~
      |                       struct
praat.github.io/melder/melder_tensor.h:532:1: warning: 'matrixview' defined as a struct template here but previously declared as a class template; this is valid, but may result in linker errors under the Microsoft C++ ABI [-Wmismatched-tags]
  532 | struct matrixview {
      | ^
praat.github.io/melder/melder_tensor.h:59:23: note: did you mean struct here?
   59 | template <typename T> class matrixview;
      |                       ^~~~~
      |                       struct
praat.github.io/melder/melder_tensor.h:612:1: warning: 'constmatrixview' defined as a struct template here but previously declared as a class template; this is valid, but may result in linker errors under the Microsoft C++ ABI [-Wmismatched-tags]
  612 | struct constmatrixview {
      | ^
praat.github.io/melder/melder_tensor.h:60:23: note: did you mean struct here?
   60 | template <typename T> class constmatrixview;
      |                       ^~~~~
      |                       struct
praat.github.io/melder/melder_tensor.h:683:1: warning: 'automatrix' defined as a struct template here but previously declared as a class template; this is valid, but may result in linker errors under the Microsoft C++ ABI [-Wmismatched-tags]
  683 | struct automatrix {
      | ^
praat.github.io/melder/melder_tensor.h:61:23: note: did you mean struct here?
   61 | template <typename T> class automatrix;
      |                       ^~~~~
      |                       struct
praat.github.io/melder/melder_tensor.h:703:18: warning: unused variable 'numberOfColumnsInThisRow' [-Wunused-variable]
  703 |                         const integer numberOfColumnsInThisRow = uinteger_to_integer_a (row.size());
      |                                       ^~~~~~~~~~~~~~~~~~~~~~~~
In file included from melder/NUMinterpol.cpp:29:
In file included from praat.github.io/kar/../dwsys/NUM2.h:21:
In file included from praat.github.io/kar/../dwsys/ExtendedReal.h:37:
In file included from praat.github.io/sys/Data.h:23:
praat.github.io/sys/Thing.h:77:9: warning: struct 'structThing' was previously declared as a class; this is valid, but may result in linker errors under the Microsoft C++ ABI [-Wmismatched-tags]
   77 | typedef struct structThing *Thing;   // we need an explicit "struct" here, because this is a forward declaration
      |         ^
praat.github.io/melder/MelderArg.h:21:15: note: previous use is here
   21 | typedef class structThing *Thing;   // forward declaration
      |               ^
In file included from melder/NUMinterpol.cpp:29:
In file included from praat.github.io/kar/../dwsys/NUM2.h:21:
In file included from praat.github.io/kar/../dwsys/ExtendedReal.h:37:
In file included from praat.github.io/sys/Data.h:23:
praat.github.io/sys/Thing.h:78:9: warning: struct 'structThing' was previously declared as a class; this is valid, but may result in linker errors under the Microsoft C++ ABI [-Wmismatched-tags]
   78 | typedef struct structThing *mutableThing;
      |         ^
praat.github.io/melder/MelderArg.h:21:15: note: previous use is here
   21 | typedef class structThing *Thing;   // forward declaration
      |               ^
In file included from melder/NUMinterpol.cpp:29:
In file included from praat.github.io/kar/../dwsys/NUM2.h:21:
In file included from praat.github.io/kar/../dwsys/ExtendedReal.h:37:
In file included from praat.github.io/sys/Data.h:23:
praat.github.io/sys/Thing.h:79:15: warning: struct 'structThing' was previously declared as a class; this is valid, but may result in linker errors under the Microsoft C++ ABI [-Wmismatched-tags]
   79 | typedef const struct structThing *constThing;
      |               ^
praat.github.io/melder/MelderArg.h:21:15: note: previous use is here
   21 | typedef class structThing *Thing;   // forward declaration
      |               ^
In file included from melder/NUMinterpol.cpp:29:
In file included from praat.github.io/kar/../dwsys/NUM2.h:21:
In file included from praat.github.io/kar/../dwsys/ExtendedReal.h:37:
In file included from praat.github.io/sys/Data.h:23:
praat.github.io/sys/Thing.h:82:1: warning: 'structThing' defined as a struct here but previously declared as a class; this is valid, but may result in linker errors under the Microsoft C++ ABI [-Wmismatched-tags]
   82 | struct structThing {
      | ^
praat.github.io/melder/MelderArg.h:21:9: note: did you mean struct here?
   21 | typedef class structThing *Thing;   // forward declaration
      |         ^~~~~
      |         struct
15 warnings generated.
clang++ -arch arm64 -std=gnu++17 -I"/Library/Frameworks/R.framework/Resources/include" -DNDEBUG -I. -Ipraat.github.io -Ipraat.github.io/kar -Ipraat.github.io/melder -Ipraat.github.io/sys -Ipraat.github.io/dwsys -Ipraat.github.io/dwtools -Ipraat.github.io/stat -Ipraat.github.io/fon -Ipraat.github.io/foned -Ipraat.github.io/LPC -Ipraat.github.io/sensors -Ipraat.github.io/external/portaudio -Ipraat.github.io/external/flac -Ipraat.github.io/external/mp3 -Ipraat.github.io/external/espeak -Ipraat.github.io/external/gsl -Ipraat.github.io/external/glpk -I'/Library/Frameworks/R.framework/Versions/4.4-arm64/Resources/library/Rcpp/include' -I/opt/R/arm64/include -I/opt/homebrew/opt/libomp/include -Xclang -fopenmp   -DPRAAT_LIB -DNO_GUI -DNO_AUDIO -DNO_GRAPHICS -DNO_NETWORK -DUNIX -pthread -ffp-contract=off -Wno-unused-parameter -Wno-sign-compare -Wno-unused-variable -Wno-deprecated-declarations -Wno-trigraphs -Wno-logical-op-parentheses -Wno-shift-op-parentheses -Wno-mismatched-tags -Wno-unused-const-variable -Wno-c++11-narrowing -fPIC  -falign-functions=64 -Wall -g -O2   -c melder/NUMmetrics.cpp -o melder/NUMmetrics.o
In file included from melder/NUMmetrics.cpp:19:
In file included from praat.github.io/melder/melder.h:76:
praat.github.io/melder/melder_tensor.h:64:1: warning: 'vector' defined as a struct template here but previously declared as a class template; this is valid, but may result in linker errors under the Microsoft C++ ABI [-Wmismatched-tags]
   64 | struct vector {
      | ^
praat.github.io/melder/melder_tensor.h:52:23: note: did you mean struct here?
   52 | template <typename T> class vector;
      |                       ^~~~~
      |                       struct
praat.github.io/melder/melder_tensor.h:104:1: warning: 'constvector' defined as a struct template here but previously declared as a class template; this is valid, but may result in linker errors under the Microsoft C++ ABI [-Wmismatched-tags]
  104 | struct constvector {
      | ^
praat.github.io/melder/melder_tensor.h:53:23: note: did you mean struct here?
   53 | template <typename T> class constvector;
      |                       ^~~~~
      |                       struct
praat.github.io/melder/melder_tensor.h:137:1: warning: 'vectorview' defined as a struct template here but previously declared as a class template; this is valid, but may result in linker errors under the Microsoft C++ ABI [-Wmismatched-tags]
  137 | struct vectorview {
      | ^
praat.github.io/melder/melder_tensor.h:54:23: note: did you mean struct here?
   54 | template <typename T> class vectorview;
      |                       ^~~~~
      |                       struct
praat.github.io/melder/melder_tensor.h:167:1: warning: 'constvectorview' defined as a struct template here but previously declared as a class template; this is valid, but may result in linker errors under the Microsoft C++ ABI [-Wmismatched-tags]
  167 | struct constvectorview {
      | ^
praat.github.io/melder/melder_tensor.h:55:23: note: did you mean struct here?
   55 | template <typename T> class constvectorview;
      |                       ^~~~~
      |                       struct
praat.github.io/melder/melder_tensor.h:207:1: warning: 'autovector' defined as a struct template here but previously declared as a class template; this is valid, but may result in linker errors under the Microsoft C++ ABI [-Wmismatched-tags]
  207 | struct autovector {
      | ^
praat.github.io/melder/melder_tensor.h:56:23: note: did you mean struct here?
   56 | template <typename T> class autovector;
      |                       ^~~~~
      |                       struct
praat.github.io/melder/melder_tensor.h:388:1: warning: 'matrix' defined as a struct template here but previously declared as a class template; this is valid, but may result in linker errors under the Microsoft C++ ABI [-Wmismatched-tags]
  388 | struct matrix {
      | ^
praat.github.io/melder/melder_tensor.h:57:23: note: did you mean struct here?
   57 | template <typename T> class matrix;
      |                       ^~~~~
      |                       struct
praat.github.io/melder/melder_tensor.h:461:1: warning: 'constmatrix' defined as a struct template here but previously declared as a class template; this is valid, but may result in linker errors under the Microsoft C++ ABI [-Wmismatched-tags]
  461 | struct constmatrix {
      | ^
praat.github.io/melder/melder_tensor.h:58:23: note: did you mean struct here?
   58 | template <typename T> class constmatrix;
      |                       ^~~~~
      |                       struct
praat.github.io/melder/melder_tensor.h:532:1: warning: 'matrixview' defined as a struct template here but previously declared as a class template; this is valid, but may result in linker errors under the Microsoft C++ ABI [-Wmismatched-tags]
  532 | struct matrixview {
      | ^
praat.github.io/melder/melder_tensor.h:59:23: note: did you mean struct here?
   59 | template <typename T> class matrixview;
      |                       ^~~~~
      |                       struct
praat.github.io/melder/melder_tensor.h:612:1: warning: 'constmatrixview' defined as a struct template here but previously declared as a class template; this is valid, but may result in linker errors under the Microsoft C++ ABI [-Wmismatched-tags]
  612 | struct constmatrixview {
      | ^
praat.github.io/melder/melder_tensor.h:60:23: note: did you mean struct here?
   60 | template <typename T> class constmatrixview;
      |                       ^~~~~
      |                       struct
praat.github.io/melder/melder_tensor.h:683:1: warning: 'automatrix' defined as a struct template here but previously declared as a class template; this is valid, but may result in linker errors under the Microsoft C++ ABI [-Wmismatched-tags]
  683 | struct automatrix {
      | ^
praat.github.io/melder/melder_tensor.h:61:23: note: did you mean struct here?
   61 | template <typename T> class automatrix;
      |                       ^~~~~
      |                       struct
praat.github.io/melder/melder_tensor.h:703:18: warning: unused variable 'numberOfColumnsInThisRow' [-Wunused-variable]
  703 |                         const integer numberOfColumnsInThisRow = uinteger_to_integer_a (row.size());
      |                                       ^~~~~~~~~~~~~~~~~~~~~~~~
11 warnings generated.
clang++ -arch arm64 -std=gnu++17 -I"/Library/Frameworks/R.framework/Resources/include" -DNDEBUG -I. -Ipraat.github.io -Ipraat.github.io/kar -Ipraat.github.io/melder -Ipraat.github.io/sys -Ipraat.github.io/dwsys -Ipraat.github.io/dwtools -Ipraat.github.io/stat -Ipraat.github.io/fon -Ipraat.github.io/foned -Ipraat.github.io/LPC -Ipraat.github.io/sensors -Ipraat.github.io/external/portaudio -Ipraat.github.io/external/flac -Ipraat.github.io/external/mp3 -Ipraat.github.io/external/espeak -Ipraat.github.io/external/gsl -Ipraat.github.io/external/glpk -I'/Library/Frameworks/R.framework/Versions/4.4-arm64/Resources/library/Rcpp/include' -I/opt/R/arm64/include -I/opt/homebrew/opt/libomp/include -Xclang -fopenmp   -DPRAAT_LIB -DNO_GUI -DNO_AUDIO -DNO_GRAPHICS -DNO_NETWORK -DUNIX -pthread -ffp-contract=off -Wno-unused-parameter -Wno-sign-compare -Wno-unused-variable -Wno-deprecated-declarations -Wno-trigraphs -Wno-logical-op-parentheses -Wno-shift-op-parentheses -Wno-mismatched-tags -Wno-unused-const-variable -Wno-c++11-narrowing -fPIC  -falign-functions=64 -Wall -g -O2   -c melder/NUMrandom.cpp -o melder/NUMrandom.o
In file included from melder/NUMrandom.cpp:78:
In file included from praat.github.io/melder/melder.h:76:
praat.github.io/melder/melder_tensor.h:64:1: warning: 'vector' defined as a struct template here but previously declared as a class template; this is valid, but may result in linker errors under the Microsoft C++ ABI [-Wmismatched-tags]
   64 | struct vector {
      | ^
praat.github.io/melder/melder_tensor.h:52:23: note: did you mean struct here?
   52 | template <typename T> class vector;
      |                       ^~~~~
      |                       struct
praat.github.io/melder/melder_tensor.h:104:1: warning: 'constvector' defined as a struct template here but previously declared as a class template; this is valid, but may result in linker errors under the Microsoft C++ ABI [-Wmismatched-tags]
  104 | struct constvector {
      | ^
praat.github.io/melder/melder_tensor.h:53:23: note: did you mean struct here?
   53 | template <typename T> class constvector;
      |                       ^~~~~
      |                       struct
praat.github.io/melder/melder_tensor.h:137:1: warning: 'vectorview' defined as a struct template here but previously declared as a class template; this is valid, but may result in linker errors under the Microsoft C++ ABI [-Wmismatched-tags]
  137 | struct vectorview {
      | ^
praat.github.io/melder/melder_tensor.h:54:23: note: did you mean struct here?
   54 | template <typename T> class vectorview;
      |                       ^~~~~
      |                       struct
praat.github.io/melder/melder_tensor.h:167:1: warning: 'constvectorview' defined as a struct template here but previously declared as a class template; this is valid, but may result in linker errors under the Microsoft C++ ABI [-Wmismatched-tags]
  167 | struct constvectorview {
      | ^
praat.github.io/melder/melder_tensor.h:55:23: note: did you mean struct here?
   55 | template <typename T> class constvectorview;
      |                       ^~~~~
      |                       struct
praat.github.io/melder/melder_tensor.h:207:1: warning: 'autovector' defined as a struct template here but previously declared as a class template; this is valid, but may result in linker errors under the Microsoft C++ ABI [-Wmismatched-tags]
  207 | struct autovector {
      | ^
praat.github.io/melder/melder_tensor.h:56:23: note: did you mean struct here?
   56 | template <typename T> class autovector;
      |                       ^~~~~
      |                       struct
praat.github.io/melder/melder_tensor.h:388:1: warning: 'matrix' defined as a struct template here but previously declared as a class template; this is valid, but may result in linker errors under the Microsoft C++ ABI [-Wmismatched-tags]
  388 | struct matrix {
      | ^
praat.github.io/melder/melder_tensor.h:57:23: note: did you mean struct here?
   57 | template <typename T> class matrix;
      |                       ^~~~~
      |                       struct
praat.github.io/melder/melder_tensor.h:461:1: warning: 'constmatrix' defined as a struct template here but previously declared as a class template; this is valid, but may result in linker errors under the Microsoft C++ ABI [-Wmismatched-tags]
  461 | struct constmatrix {
      | ^
praat.github.io/melder/melder_tensor.h:58:23: note: did you mean struct here?
   58 | template <typename T> class constmatrix;
      |                       ^~~~~
      |                       struct
praat.github.io/melder/melder_tensor.h:532:1: warning: 'matrixview' defined as a struct template here but previously declared as a class template; this is valid, but may result in linker errors under the Microsoft C++ ABI [-Wmismatched-tags]
  532 | struct matrixview {
      | ^
praat.github.io/melder/melder_tensor.h:59:23: note: did you mean struct here?
   59 | template <typename T> class matrixview;
      |                       ^~~~~
      |                       struct
praat.github.io/melder/melder_tensor.h:612:1: warning: 'constmatrixview' defined as a struct template here but previously declared as a class template; this is valid, but may result in linker errors under the Microsoft C++ ABI [-Wmismatched-tags]
  612 | struct constmatrixview {
      | ^
praat.github.io/melder/melder_tensor.h:60:23: note: did you mean struct here?
   60 | template <typename T> class constmatrixview;
      |                       ^~~~~
      |                       struct
praat.github.io/melder/melder_tensor.h:683:1: warning: 'automatrix' defined as a struct template here but previously declared as a class template; this is valid, but may result in linker errors under the Microsoft C++ ABI [-Wmismatched-tags]
  683 | struct automatrix {
      | ^
praat.github.io/melder/melder_tensor.h:61:23: note: did you mean struct here?
   61 | template <typename T> class automatrix;
      |                       ^~~~~
      |                       struct
praat.github.io/melder/melder_tensor.h:703:18: warning: unused variable 'numberOfColumnsInThisRow' [-Wunused-variable]
  703 |                         const integer numberOfColumnsInThisRow = uinteger_to_integer_a (row.size());
      |                                       ^~~~~~~~~~~~~~~~~~~~~~~~
melder/NUMrandom.cpp:171:15: warning: unused variable 'startingTime' [-Wunused-variable]
  171 |         const double startingTime = Melder_clock();
      |                      ^~~~~~~~~~~~
12 warnings generated.
clang++ -arch arm64 -std=gnu++17 -I"/Library/Frameworks/R.framework/Resources/include" -DNDEBUG -I. -Ipraat.github.io -Ipraat.github.io/kar -Ipraat.github.io/melder -Ipraat.github.io/sys -Ipraat.github.io/dwsys -Ipraat.github.io/dwtools -Ipraat.github.io/stat -Ipraat.github.io/fon -Ipraat.github.io/foned -Ipraat.github.io/LPC -Ipraat.github.io/sensors -Ipraat.github.io/external/portaudio -Ipraat.github.io/external/flac -Ipraat.github.io/external/mp3 -Ipraat.github.io/external/espeak -Ipraat.github.io/external/gsl -Ipraat.github.io/external/glpk -I'/Library/Frameworks/R.framework/Versions/4.4-arm64/Resources/library/Rcpp/include' -I/opt/R/arm64/include -I/opt/homebrew/opt/libomp/include -Xclang -fopenmp   -DPRAAT_LIB -DNO_GUI -DNO_AUDIO -DNO_GRAPHICS -DNO_NETWORK -DUNIX -pthread -ffp-contract=off -Wno-unused-parameter -Wno-sign-compare -Wno-unused-variable -Wno-deprecated-declarations -Wno-trigraphs -Wno-logical-op-parentheses -Wno-shift-op-parentheses -Wno-mismatched-tags -Wno-unused-const-variable -Wno-c++11-narrowing -fPIC  -falign-functions=64 -Wall -g -O2   -c melder/NUMfilter.cpp -o melder/NUMfilter.o
In file included from melder/NUMfilter.cpp:19:
In file included from praat.github.io/melder/melder.h:76:
praat.github.io/melder/melder_tensor.h:64:1: warning: 'vector' defined as a struct template here but previously declared as a class template; this is valid, but may result in linker errors under the Microsoft C++ ABI [-Wmismatched-tags]
   64 | struct vector {
      | ^
praat.github.io/melder/melder_tensor.h:52:23: note: did you mean struct here?
   52 | template <typename T> class vector;
      |                       ^~~~~
      |                       struct
praat.github.io/melder/melder_tensor.h:104:1: warning: 'constvector' defined as a struct template here but previously declared as a class template; this is valid, but may result in linker errors under the Microsoft C++ ABI [-Wmismatched-tags]
  104 | struct constvector {
      | ^
praat.github.io/melder/melder_tensor.h:53:23: note: did you mean struct here?
   53 | template <typename T> class constvector;
      |                       ^~~~~
      |                       struct
praat.github.io/melder/melder_tensor.h:137:1: warning: 'vectorview' defined as a struct template here but previously declared as a class template; this is valid, but may result in linker errors under the Microsoft C++ ABI [-Wmismatched-tags]
  137 | struct vectorview {
      | ^
praat.github.io/melder/melder_tensor.h:54:23: note: did you mean struct here?
   54 | template <typename T> class vectorview;
      |                       ^~~~~
      |                       struct
praat.github.io/melder/melder_tensor.h:167:1: warning: 'constvectorview' defined as a struct template here but previously declared as a class template; this is valid, but may result in linker errors under the Microsoft C++ ABI [-Wmismatched-tags]
  167 | struct constvectorview {
      | ^
praat.github.io/melder/melder_tensor.h:55:23: note: did you mean struct here?
   55 | template <typename T> class constvectorview;
      |                       ^~~~~
      |                       struct
praat.github.io/melder/melder_tensor.h:207:1: warning: 'autovector' defined as a struct template here but previously declared as a class template; this is valid, but may result in linker errors under the Microsoft C++ ABI [-Wmismatched-tags]
  207 | struct autovector {
      | ^
praat.github.io/melder/melder_tensor.h:56:23: note: did you mean struct here?
   56 | template <typename T> class autovector;
      |                       ^~~~~
      |                       struct
praat.github.io/melder/melder_tensor.h:388:1: warning: 'matrix' defined as a struct template here but previously declared as a class template; this is valid, but may result in linker errors under the Microsoft C++ ABI [-Wmismatched-tags]
  388 | struct matrix {
      | ^
praat.github.io/melder/melder_tensor.h:57:23: note: did you mean struct here?
   57 | template <typename T> class matrix;
      |                       ^~~~~
      |                       struct
praat.github.io/melder/melder_tensor.h:461:1: warning: 'constmatrix' defined as a struct template here but previously declared as a class template; this is valid, but may result in linker errors under the Microsoft C++ ABI [-Wmismatched-tags]
  461 | struct constmatrix {
      | ^
praat.github.io/melder/melder_tensor.h:58:23: note: did you mean struct here?
   58 | template <typename T> class constmatrix;
      |                       ^~~~~
      |                       struct
praat.github.io/melder/melder_tensor.h:532:1: warning: 'matrixview' defined as a struct template here but previously declared as a class template; this is valid, but may result in linker errors under the Microsoft C++ ABI [-Wmismatched-tags]
  532 | struct matrixview {
      | ^
praat.github.io/melder/melder_tensor.h:59:23: note: did you mean struct here?
   59 | template <typename T> class matrixview;
      |                       ^~~~~
      |                       struct
praat.github.io/melder/melder_tensor.h:612:1: warning: 'constmatrixview' defined as a struct template here but previously declared as a class template; this is valid, but may result in linker errors under the Microsoft C++ ABI [-Wmismatched-tags]
  612 | struct constmatrixview {
      | ^
praat.github.io/melder/melder_tensor.h:60:23: note: did you mean struct here?
   60 | template <typename T> class constmatrixview;
      |                       ^~~~~
      |                       struct
praat.github.io/melder/melder_tensor.h:683:1: warning: 'automatrix' defined as a struct template here but previously declared as a class template; this is valid, but may result in linker errors under the Microsoft C++ ABI [-Wmismatched-tags]
  683 | struct automatrix {
      | ^
praat.github.io/melder/melder_tensor.h:61:23: note: did you mean struct here?
   61 | template <typename T> class automatrix;
      |                       ^~~~~
      |                       struct
praat.github.io/melder/melder_tensor.h:703:18: warning: unused variable 'numberOfColumnsInThisRow' [-Wunused-variable]
  703 |                         const integer numberOfColumnsInThisRow = uinteger_to_integer_a (row.size());
      |                                       ^~~~~~~~~~~~~~~~~~~~~~~~
11 warnings generated.
clang++ -arch arm64 -std=gnu++17 -I"/Library/Frameworks/R.framework/Resources/include" -DNDEBUG -I. -Ipraat.github.io -Ipraat.github.io/kar -Ipraat.github.io/melder -Ipraat.github.io/sys -Ipraat.github.io/dwsys -Ipraat.github.io/dwtools -Ipraat.github.io/stat -Ipraat.github.io/fon -Ipraat.github.io/foned -Ipraat.github.io/LPC -Ipraat.github.io/sensors -Ipraat.github.io/external/portaudio -Ipraat.github.io/external/flac -Ipraat.github.io/external/mp3 -Ipraat.github.io/external/espeak -Ipraat.github.io/external/gsl -Ipraat.github.io/external/glpk -I'/Library/Frameworks/R.framework/Versions/4.4-arm64/Resources/library/Rcpp/include' -I/opt/R/arm64/include -I/opt/homebrew/opt/libomp/include -Xclang -fopenmp   -DPRAAT_LIB -DNO_GUI -DNO_AUDIO -DNO_GRAPHICS -DNO_NETWORK -DUNIX -pthread -ffp-contract=off -Wno-unused-parameter -Wno-sign-compare -Wno-unused-variable -Wno-deprecated-declarations -Wno-trigraphs -Wno-logical-op-parentheses -Wno-shift-op-parentheses -Wno-mismatched-tags -Wno-unused-const-variable -Wno-c++11-narrowing -fPIC  -falign-functions=64 -Wall -g -O2   -c melder/NUMlinprog.cpp -o melder/NUMlinprog.o
In file included from melder/NUMlinprog.cpp:19:
In file included from praat.github.io/melder/melder.h:76:
praat.github.io/melder/melder_tensor.h:64:1: warning: 'vector' defined as a struct template here but previously declared as a class template; this is valid, but may result in linker errors under the Microsoft C++ ABI [-Wmismatched-tags]
   64 | struct vector {
      | ^
praat.github.io/melder/melder_tensor.h:52:23: note: did you mean struct here?
   52 | template <typename T> class vector;
      |                       ^~~~~
      |                       struct
praat.github.io/melder/melder_tensor.h:104:1: warning: 'constvector' defined as a struct template here but previously declared as a class template; this is valid, but may result in linker errors under the Microsoft C++ ABI [-Wmismatched-tags]
  104 | struct constvector {
      | ^
praat.github.io/melder/melder_tensor.h:53:23: note: did you mean struct here?
   53 | template <typename T> class constvector;
      |                       ^~~~~
      |                       struct
praat.github.io/melder/melder_tensor.h:137:1: warning: 'vectorview' defined as a struct template here but previously declared as a class template; this is valid, but may result in linker errors under the Microsoft C++ ABI [-Wmismatched-tags]
  137 | struct vectorview {
      | ^
praat.github.io/melder/melder_tensor.h:54:23: note: did you mean struct here?
   54 | template <typename T> class vectorview;
      |                       ^~~~~
      |                       struct
praat.github.io/melder/melder_tensor.h:167:1: warning: 'constvectorview' defined as a struct template here but previously declared as a class template; this is valid, but may result in linker errors under the Microsoft C++ ABI [-Wmismatched-tags]
  167 | struct constvectorview {
      | ^
praat.github.io/melder/melder_tensor.h:55:23: note: did you mean struct here?
   55 | template <typename T> class constvectorview;
      |                       ^~~~~
      |                       struct
praat.github.io/melder/melder_tensor.h:207:1: warning: 'autovector' defined as a struct template here but previously declared as a class template; this is valid, but may result in linker errors under the Microsoft C++ ABI [-Wmismatched-tags]
  207 | struct autovector {
      | ^
praat.github.io/melder/melder_tensor.h:56:23: note: did you mean struct here?
   56 | template <typename T> class autovector;
      |                       ^~~~~
      |                       struct
praat.github.io/melder/melder_tensor.h:388:1: warning: 'matrix' defined as a struct template here but previously declared as a class template; this is valid, but may result in linker errors under the Microsoft C++ ABI [-Wmismatched-tags]
  388 | struct matrix {
      | ^
praat.github.io/melder/melder_tensor.h:57:23: note: did you mean struct here?
   57 | template <typename T> class matrix;
      |                       ^~~~~
      |                       struct
praat.github.io/melder/melder_tensor.h:461:1: warning: 'constmatrix' defined as a struct template here but previously declared as a class template; this is valid, but may result in linker errors under the Microsoft C++ ABI [-Wmismatched-tags]
  461 | struct constmatrix {
      | ^
praat.github.io/melder/melder_tensor.h:58:23: note: did you mean struct here?
   58 | template <typename T> class constmatrix;
      |                       ^~~~~
      |                       struct
praat.github.io/melder/melder_tensor.h:532:1: warning: 'matrixview' defined as a struct template here but previously declared as a class template; this is valid, but may result in linker errors under the Microsoft C++ ABI [-Wmismatched-tags]
  532 | struct matrixview {
      | ^
praat.github.io/melder/melder_tensor.h:59:23: note: did you mean struct here?
   59 | template <typename T> class matrixview;
      |                       ^~~~~
      |                       struct
praat.github.io/melder/melder_tensor.h:612:1: warning: 'constmatrixview' defined as a struct template here but previously declared as a class template; this is valid, but may result in linker errors under the Microsoft C++ ABI [-Wmismatched-tags]
  612 | struct constmatrixview {
      | ^
praat.github.io/melder/melder_tensor.h:60:23: note: did you mean struct here?
   60 | template <typename T> class constmatrixview;
      |                       ^~~~~
      |                       struct
praat.github.io/melder/melder_tensor.h:683:1: warning: 'automatrix' defined as a struct template here but previously declared as a class template; this is valid, but may result in linker errors under the Microsoft C++ ABI [-Wmismatched-tags]
  683 | struct automatrix {
      | ^
praat.github.io/melder/melder_tensor.h:61:23: note: did you mean struct here?
   61 | template <typename T> class automatrix;
      |                       ^~~~~
      |                       struct
praat.github.io/melder/melder_tensor.h:703:18: warning: unused variable 'numberOfColumnsInThisRow' [-Wunused-variable]
  703 |                         const integer numberOfColumnsInThisRow = uinteger_to_integer_a (row.size());
      |                                       ^~~~~~~~~~~~~~~~~~~~~~~~
11 warnings generated.
clang++ -arch arm64 -std=gnu++17 -I"/Library/Frameworks/R.framework/Resources/include" -DNDEBUG -I. -Ipraat.github.io -Ipraat.github.io/kar -Ipraat.github.io/melder -Ipraat.github.io/sys -Ipraat.github.io/dwsys -Ipraat.github.io/dwtools -Ipraat.github.io/stat -Ipraat.github.io/fon -Ipraat.github.io/foned -Ipraat.github.io/LPC -Ipraat.github.io/sensors -Ipraat.github.io/external/portaudio -Ipraat.github.io/external/flac -Ipraat.github.io/external/mp3 -Ipraat.github.io/external/espeak -Ipraat.github.io/external/gsl -Ipraat.github.io/external/glpk -I'/Library/Frameworks/R.framework/Versions/4.4-arm64/Resources/library/Rcpp/include' -I/opt/R/arm64/include -I/opt/homebrew/opt/libomp/include -Xclang -fopenmp   -DPRAAT_LIB -DNO_GUI -DNO_AUDIO -DNO_GRAPHICS -DNO_NETWORK -DUNIX -pthread -ffp-contract=off -Wno-unused-parameter -Wno-sign-compare -Wno-unused-variable -Wno-deprecated-declarations -Wno-trigraphs -Wno-logical-op-parentheses -Wno-shift-op-parentheses -Wno-mismatched-tags -Wno-unused-const-variable -Wno-c++11-narrowing -fPIC  -falign-functions=64 -Wall -g -O2   -c melder/NUM.cpp -o melder/NUM.o
In file included from melder/NUM.cpp:19:
In file included from praat.github.io/melder/melder.h:76:
praat.github.io/melder/melder_tensor.h:64:1: warning: 'vector' defined as a struct template here but previously declared as a class template; this is valid, but may result in linker errors under the Microsoft C++ ABI [-Wmismatched-tags]
   64 | struct vector {
      | ^
praat.github.io/melder/melder_tensor.h:52:23: note: did you mean struct here?
   52 | template <typename T> class vector;
      |                       ^~~~~
      |                       struct
praat.github.io/melder/melder_tensor.h:104:1: warning: 'constvector' defined as a struct template here but previously declared as a class template; this is valid, but may result in linker errors under the Microsoft C++ ABI [-Wmismatched-tags]
  104 | struct constvector {
      | ^
praat.github.io/melder/melder_tensor.h:53:23: note: did you mean struct here?
   53 | template <typename T> class constvector;
      |                       ^~~~~
      |                       struct
praat.github.io/melder/melder_tensor.h:137:1: warning: 'vectorview' defined as a struct template here but previously declared as a class template; this is valid, but may result in linker errors under the Microsoft C++ ABI [-Wmismatched-tags]
  137 | struct vectorview {
      | ^
praat.github.io/melder/melder_tensor.h:54:23: note: did you mean struct here?
   54 | template <typename T> class vectorview;
      |                       ^~~~~
      |                       struct
praat.github.io/melder/melder_tensor.h:167:1: warning: 'constvectorview' defined as a struct template here but previously declared as a class template; this is valid, but may result in linker errors under the Microsoft C++ ABI [-Wmismatched-tags]
  167 | struct constvectorview {
      | ^
praat.github.io/melder/melder_tensor.h:55:23: note: did you mean struct here?
   55 | template <typename T> class constvectorview;
      |                       ^~~~~
      |                       struct
praat.github.io/melder/melder_tensor.h:207:1: warning: 'autovector' defined as a struct template here but previously declared as a class template; this is valid, but may result in linker errors under the Microsoft C++ ABI [-Wmismatched-tags]
  207 | struct autovector {
      | ^
praat.github.io/melder/melder_tensor.h:56:23: note: did you mean struct here?
   56 | template <typename T> class autovector;
      |                       ^~~~~
      |                       struct
praat.github.io/melder/melder_tensor.h:388:1: warning: 'matrix' defined as a struct template here but previously declared as a class template; this is valid, but may result in linker errors under the Microsoft C++ ABI [-Wmismatched-tags]
  388 | struct matrix {
      | ^
praat.github.io/melder/melder_tensor.h:57:23: note: did you mean struct here?
   57 | template <typename T> class matrix;
      |                       ^~~~~
      |                       struct
praat.github.io/melder/melder_tensor.h:461:1: warning: 'constmatrix' defined as a struct template here but previously declared as a class template; this is valid, but may result in linker errors under the Microsoft C++ ABI [-Wmismatched-tags]
  461 | struct constmatrix {
      | ^
praat.github.io/melder/melder_tensor.h:58:23: note: did you mean struct here?
   58 | template <typename T> class constmatrix;
      |                       ^~~~~
      |                       struct
praat.github.io/melder/melder_tensor.h:532:1: warning: 'matrixview' defined as a struct template here but previously declared as a class template; this is valid, but may result in linker errors under the Microsoft C++ ABI [-Wmismatched-tags]
  532 | struct matrixview {
      | ^
praat.github.io/melder/melder_tensor.h:59:23: note: did you mean struct here?
   59 | template <typename T> class matrixview;
      |                       ^~~~~
      |                       struct
praat.github.io/melder/melder_tensor.h:612:1: warning: 'constmatrixview' defined as a struct template here but previously declared as a class template; this is valid, but may result in linker errors under the Microsoft C++ ABI [-Wmismatched-tags]
  612 | struct constmatrixview {
      | ^
praat.github.io/melder/melder_tensor.h:60:23: note: did you mean struct here?
   60 | template <typename T> class constmatrixview;
      |                       ^~~~~
      |                       struct
praat.github.io/melder/melder_tensor.h:683:1: warning: 'automatrix' defined as a struct template here but previously declared as a class template; this is valid, but may result in linker errors under the Microsoft C++ ABI [-Wmismatched-tags]
  683 | struct automatrix {
      | ^
praat.github.io/melder/melder_tensor.h:61:23: note: did you mean struct here?
   61 | template <typename T> class automatrix;
      |                       ^~~~~
      |                       struct
praat.github.io/melder/melder_tensor.h:703:18: warning: unused variable 'numberOfColumnsInThisRow' [-Wunused-variable]
  703 |                         const integer numberOfColumnsInThisRow = uinteger_to_integer_a (row.size());
      |                                       ^~~~~~~~~~~~~~~~~~~~~~~~
11 warnings generated.
clang++ -arch arm64 -std=gnu++17 -I"/Library/Frameworks/R.framework/Resources/include" -DNDEBUG -I. -Ipraat.github.io -Ipraat.github.io/kar -Ipraat.github.io/melder -Ipraat.github.io/sys -Ipraat.github.io/dwsys -Ipraat.github.io/dwtools -Ipraat.github.io/stat -Ipraat.github.io/fon -Ipraat.github.io/foned -Ipraat.github.io/LPC -Ipraat.github.io/sensors -Ipraat.github.io/external/portaudio -Ipraat.github.io/external/flac -Ipraat.github.io/external/mp3 -Ipraat.github.io/external/espeak -Ipraat.github.io/external/gsl -Ipraat.github.io/external/glpk -I'/Library/Frameworks/R.framework/Versions/4.4-arm64/Resources/library/Rcpp/include' -I/opt/R/arm64/include -I/opt/homebrew/opt/libomp/include -Xclang -fopenmp   -DPRAAT_LIB -DNO_GUI -DNO_AUDIO -DNO_GRAPHICS -DNO_NETWORK -DUNIX -pthread -ffp-contract=off -Wno-unused-parameter -Wno-sign-compare -Wno-unused-variable -Wno-deprecated-declarations -Wno-trigraphs -Wno-logical-op-parentheses -Wno-shift-op-parentheses -Wno-mismatched-tags -Wno-unused-const-variable -Wno-c++11-narrowing -fPIC  -falign-functions=64 -Wall -g -O2   -c melder/STR.cpp -o melder/STR.o
In file included from melder/STR.cpp:19:
In file included from praat.github.io/melder/melder.h:76:
praat.github.io/melder/melder_tensor.h:64:1: warning: 'vector' defined as a struct template here but previously declared as a class template; this is valid, but may result in linker errors under the Microsoft C++ ABI [-Wmismatched-tags]
   64 | struct vector {
      | ^
praat.github.io/melder/melder_tensor.h:52:23: note: did you mean struct here?
   52 | template <typename T> class vector;
      |                       ^~~~~
      |                       struct
praat.github.io/melder/melder_tensor.h:104:1: warning: 'constvector' defined as a struct template here but previously declared as a class template; this is valid, but may result in linker errors under the Microsoft C++ ABI [-Wmismatched-tags]
  104 | struct constvector {
      | ^
praat.github.io/melder/melder_tensor.h:53:23: note: did you mean struct here?
   53 | template <typename T> class constvector;
      |                       ^~~~~
      |                       struct
praat.github.io/melder/melder_tensor.h:137:1: warning: 'vectorview' defined as a struct template here but previously declared as a class template; this is valid, but may result in linker errors under the Microsoft C++ ABI [-Wmismatched-tags]
  137 | struct vectorview {
      | ^
praat.github.io/melder/melder_tensor.h:54:23: note: did you mean struct here?
   54 | template <typename T> class vectorview;
      |                       ^~~~~
      |                       struct
praat.github.io/melder/melder_tensor.h:167:1: warning: 'constvectorview' defined as a struct template here but previously declared as a class template; this is valid, but may result in linker errors under the Microsoft C++ ABI [-Wmismatched-tags]
  167 | struct constvectorview {
      | ^
praat.github.io/melder/melder_tensor.h:55:23: note: did you mean struct here?
   55 | template <typename T> class constvectorview;
      |                       ^~~~~
      |                       struct
praat.github.io/melder/melder_tensor.h:207:1: warning: 'autovector' defined as a struct template here but previously declared as a class template; this is valid, but may result in linker errors under the Microsoft C++ ABI [-Wmismatched-tags]
  207 | struct autovector {
      | ^
praat.github.io/melder/melder_tensor.h:56:23: note: did you mean struct here?
   56 | template <typename T> class autovector;
      |                       ^~~~~
      |                       struct
praat.github.io/melder/melder_tensor.h:388:1: warning: 'matrix' defined as a struct template here but previously declared as a class template; this is valid, but may result in linker errors under the Microsoft C++ ABI [-Wmismatched-tags]
  388 | struct matrix {
      | ^
praat.github.io/melder/melder_tensor.h:57:23: note: did you mean struct here?
   57 | template <typename T> class matrix;
      |                       ^~~~~
      |                       struct
praat.github.io/melder/melder_tensor.h:461:1: warning: 'constmatrix' defined as a struct template here but previously declared as a class template; this is valid, but may result in linker errors under the Microsoft C++ ABI [-Wmismatched-tags]
  461 | struct constmatrix {
      | ^
praat.github.io/melder/melder_tensor.h:58:23: note: did you mean struct here?
   58 | template <typename T> class constmatrix;
      |                       ^~~~~
      |                       struct
praat.github.io/melder/melder_tensor.h:532:1: warning: 'matrixview' defined as a struct template here but previously declared as a class template; this is valid, but may result in linker errors under the Microsoft C++ ABI [-Wmismatched-tags]
  532 | struct matrixview {
      | ^
praat.github.io/melder/melder_tensor.h:59:23: note: did you mean struct here?
   59 | template <typename T> class matrixview;
      |                       ^~~~~
      |                       struct
praat.github.io/melder/melder_tensor.h:612:1: warning: 'constmatrixview' defined as a struct template here but previously declared as a class template; this is valid, but may result in linker errors under the Microsoft C++ ABI [-Wmismatched-tags]
  612 | struct constmatrixview {
      | ^
praat.github.io/melder/melder_tensor.h:60:23: note: did you mean struct here?
   60 | template <typename T> class constmatrixview;
      |                       ^~~~~
      |                       struct
praat.github.io/melder/melder_tensor.h:683:1: warning: 'automatrix' defined as a struct template here but previously declared as a class template; this is valid, but may result in linker errors under the Microsoft C++ ABI [-Wmismatched-tags]
  683 | struct automatrix {
      | ^
praat.github.io/melder/melder_tensor.h:61:23: note: did you mean struct here?
   61 | template <typename T> class automatrix;
      |                       ^~~~~
      |                       struct
praat.github.io/melder/melder_tensor.h:703:18: warning: unused variable 'numberOfColumnsInThisRow' [-Wunused-variable]
  703 |                         const integer numberOfColumnsInThisRow = uinteger_to_integer_a (row.size());
      |                                       ^~~~~~~~~~~~~~~~~~~~~~~~
11 warnings generated.
clang++ -arch arm64 -std=gnu++17 -I"/Library/Frameworks/R.framework/Resources/include" -DNDEBUG -I. -Ipraat.github.io -Ipraat.github.io/kar -Ipraat.github.io/melder -Ipraat.github.io/sys -Ipraat.github.io/dwsys -Ipraat.github.io/dwtools -Ipraat.github.io/stat -Ipraat.github.io/fon -Ipraat.github.io/foned -Ipraat.github.io/LPC -Ipraat.github.io/sensors -Ipraat.github.io/external/portaudio -Ipraat.github.io/external/flac -Ipraat.github.io/external/mp3 -Ipraat.github.io/external/espeak -Ipraat.github.io/external/gsl -Ipraat.github.io/external/glpk -I'/Library/Frameworks/R.framework/Versions/4.4-arm64/Resources/library/Rcpp/include' -I/opt/R/arm64/include -I/opt/homebrew/opt/libomp/include -Xclang -fopenmp   -DPRAAT_LIB -DNO_GUI -DNO_AUDIO -DNO_GRAPHICS -DNO_NETWORK -DUNIX -pthread -ffp-contract=off -Wno-unused-parameter -Wno-sign-compare -Wno-unused-variable -Wno-deprecated-declarations -Wno-trigraphs -Wno-logical-op-parentheses -Wno-shift-op-parentheses -Wno-mismatched-tags -Wno-unused-const-variable -Wno-c++11-narrowing -fPIC  -falign-functions=64 -Wall -g -O2   -c melder/VEC.cpp -o melder/VEC.o
In file included from melder/VEC.cpp:19:
In file included from praat.github.io/melder/melder.h:76:
praat.github.io/melder/melder_tensor.h:64:1: warning: 'vector' defined as a struct template here but previously declared as a class template; this is valid, but may result in linker errors under the Microsoft C++ ABI [-Wmismatched-tags]
   64 | struct vector {
      | ^
praat.github.io/melder/melder_tensor.h:52:23: note: did you mean struct here?
   52 | template <typename T> class vector;
      |                       ^~~~~
      |                       struct
praat.github.io/melder/melder_tensor.h:104:1: warning: 'constvector' defined as a struct template here but previously declared as a class template; this is valid, but may result in linker errors under the Microsoft C++ ABI [-Wmismatched-tags]
  104 | struct constvector {
      | ^
praat.github.io/melder/melder_tensor.h:53:23: note: did you mean struct here?
   53 | template <typename T> class constvector;
      |                       ^~~~~
      |                       struct
praat.github.io/melder/melder_tensor.h:137:1: warning: 'vectorview' defined as a struct template here but previously declared as a class template; this is valid, but may result in linker errors under the Microsoft C++ ABI [-Wmismatched-tags]
  137 | struct vectorview {
      | ^
praat.github.io/melder/melder_tensor.h:54:23: note: did you mean struct here?
   54 | template <typename T> class vectorview;
      |                       ^~~~~
      |                       struct
praat.github.io/melder/melder_tensor.h:167:1: warning: 'constvectorview' defined as a struct template here but previously declared as a class template; this is valid, but may result in linker errors under the Microsoft C++ ABI [-Wmismatched-tags]
  167 | struct constvectorview {
      | ^
praat.github.io/melder/melder_tensor.h:55:23: note: did you mean struct here?
   55 | template <typename T> class constvectorview;
      |                       ^~~~~
      |                       struct
praat.github.io/melder/melder_tensor.h:207:1: warning: 'autovector' defined as a struct template here but previously declared as a class template; this is valid, but may result in linker errors under the Microsoft C++ ABI [-Wmismatched-tags]
  207 | struct autovector {
      | ^
praat.github.io/melder/melder_tensor.h:56:23: note: did you mean struct here?
   56 | template <typename T> class autovector;
      |                       ^~~~~
      |                       struct
praat.github.io/melder/melder_tensor.h:388:1: warning: 'matrix' defined as a struct template here but previously declared as a class template; this is valid, but may result in linker errors under the Microsoft C++ ABI [-Wmismatched-tags]
  388 | struct matrix {
      | ^
praat.github.io/melder/melder_tensor.h:57:23: note: did you mean struct here?
   57 | template <typename T> class matrix;
      |                       ^~~~~
      |                       struct
praat.github.io/melder/melder_tensor.h:461:1: warning: 'constmatrix' defined as a struct template here but previously declared as a class template; this is valid, but may result in linker errors under the Microsoft C++ ABI [-Wmismatched-tags]
  461 | struct constmatrix {
      | ^
praat.github.io/melder/melder_tensor.h:58:23: note: did you mean struct here?
   58 | template <typename T> class constmatrix;
      |                       ^~~~~
      |                       struct
praat.github.io/melder/melder_tensor.h:532:1: warning: 'matrixview' defined as a struct template here but previously declared as a class template; this is valid, but may result in linker errors under the Microsoft C++ ABI [-Wmismatched-tags]
  532 | struct matrixview {
      | ^
praat.github.io/melder/melder_tensor.h:59:23: note: did you mean struct here?
   59 | template <typename T> class matrixview;
      |                       ^~~~~
      |                       struct
praat.github.io/melder/melder_tensor.h:612:1: warning: 'constmatrixview' defined as a struct template here but previously declared as a class template; this is valid, but may result in linker errors under the Microsoft C++ ABI [-Wmismatched-tags]
  612 | struct constmatrixview {
      | ^
praat.github.io/melder/melder_tensor.h:60:23: note: did you mean struct here?
   60 | template <typename T> class constmatrixview;
      |                       ^~~~~
      |                       struct
praat.github.io/melder/melder_tensor.h:683:1: warning: 'automatrix' defined as a struct template here but previously declared as a class template; this is valid, but may result in linker errors under the Microsoft C++ ABI [-Wmismatched-tags]
  683 | struct automatrix {
      | ^
praat.github.io/melder/melder_tensor.h:61:23: note: did you mean struct here?
   61 | template <typename T> class automatrix;
      |                       ^~~~~
      |                       struct
praat.github.io/melder/melder_tensor.h:703:18: warning: unused variable 'numberOfColumnsInThisRow' [-Wunused-variable]
  703 |                         const integer numberOfColumnsInThisRow = uinteger_to_integer_a (row.size());
      |                                       ^~~~~~~~~~~~~~~~~~~~~~~~
In file included from melder/VEC.cpp:20:
In file included from praat.github.io/kar/../dwsys/NUM2.h:21:
In file included from praat.github.io/kar/../dwsys/ExtendedReal.h:37:
In file included from praat.github.io/sys/Data.h:23:
praat.github.io/sys/Thing.h:77:9: warning: struct 'structThing' was previously declared as a class; this is valid, but may result in linker errors under the Microsoft C++ ABI [-Wmismatched-tags]
   77 | typedef struct structThing *Thing;   // we need an explicit "struct" here, because this is a forward declaration
      |         ^
praat.github.io/melder/MelderArg.h:21:15: note: previous use is here
   21 | typedef class structThing *Thing;   // forward declaration
      |               ^
In file included from melder/VEC.cpp:20:
In file included from praat.github.io/kar/../dwsys/NUM2.h:21:
In file included from praat.github.io/kar/../dwsys/ExtendedReal.h:37:
In file included from praat.github.io/sys/Data.h:23:
praat.github.io/sys/Thing.h:78:9: warning: struct 'structThing' was previously declared as a class; this is valid, but may result in linker errors under the Microsoft C++ ABI [-Wmismatched-tags]
   78 | typedef struct structThing *mutableThing;
      |         ^
praat.github.io/melder/MelderArg.h:21:15: note: previous use is here
   21 | typedef class structThing *Thing;   // forward declaration
      |               ^
In file included from melder/VEC.cpp:20:
In file included from praat.github.io/kar/../dwsys/NUM2.h:21:
In file included from praat.github.io/kar/../dwsys/ExtendedReal.h:37:
In file included from praat.github.io/sys/Data.h:23:
praat.github.io/sys/Thing.h:79:15: warning: struct 'structThing' was previously declared as a class; this is valid, but may result in linker errors under the Microsoft C++ ABI [-Wmismatched-tags]
   79 | typedef const struct structThing *constThing;
      |               ^
praat.github.io/melder/MelderArg.h:21:15: note: previous use is here
   21 | typedef class structThing *Thing;   // forward declaration
      |               ^
In file included from melder/VEC.cpp:20:
In file included from praat.github.io/kar/../dwsys/NUM2.h:21:
In file included from praat.github.io/kar/../dwsys/ExtendedReal.h:37:
In file included from praat.github.io/sys/Data.h:23:
praat.github.io/sys/Thing.h:82:1: warning: 'structThing' defined as a struct here but previously declared as a class; this is valid, but may result in linker errors under the Microsoft C++ ABI [-Wmismatched-tags]
   82 | struct structThing {
      | ^
praat.github.io/melder/MelderArg.h:21:9: note: did you mean struct here?
   21 | typedef class structThing *Thing;   // forward declaration
      |         ^~~~~
      |         struct
melder/VEC.cpp:264:53: warning: '&&' within '||' [-Wlogical-op-parentheses]
  264 |                 if (Melder_isAsciiDecimalNumber (*p) || *p == '-' && Melder_isAsciiDecimalNumber (p [1])) {
      |                                                      ~~ ~~~~~~~~~~^~~~~~~~~~~~~~~~~~~~~~~~~~~~~~~~~~~~~~
melder/VEC.cpp:264:53: note: place parentheses around the '&&' expression to silence this warning
  264 |                 if (Melder_isAsciiDecimalNumber (*p) || *p == '-' && Melder_isAsciiDecimalNumber (p [1])) {
      |                                                                   ^                                     
      |                                                         (                                               )
16 warnings generated.
clang++ -arch arm64 -std=gnu++17 -I"/Library/Frameworks/R.framework/Resources/include" -DNDEBUG -I. -Ipraat.github.io -Ipraat.github.io/kar -Ipraat.github.io/melder -Ipraat.github.io/sys -Ipraat.github.io/dwsys -Ipraat.github.io/dwtools -Ipraat.github.io/stat -Ipraat.github.io/fon -Ipraat.github.io/foned -Ipraat.github.io/LPC -Ipraat.github.io/sensors -Ipraat.github.io/external/portaudio -Ipraat.github.io/external/flac -Ipraat.github.io/external/mp3 -Ipraat.github.io/external/espeak -Ipraat.github.io/external/gsl -Ipraat.github.io/external/glpk -I'/Library/Frameworks/R.framework/Versions/4.4-arm64/Resources/library/Rcpp/include' -I/opt/R/arm64/include -I/opt/homebrew/opt/libomp/include -Xclang -fopenmp   -DPRAAT_LIB -DNO_GUI -DNO_AUDIO -DNO_GRAPHICS -DNO_NETWORK -DUNIX -pthread -ffp-contract=off -Wno-unused-parameter -Wno-sign-compare -Wno-unused-variable -Wno-deprecated-declarations -Wno-trigraphs -Wno-logical-op-parentheses -Wno-shift-op-parentheses -Wno-mismatched-tags -Wno-unused-const-variable -Wno-c++11-narrowing -fPIC  -falign-functions=64 -Wall -g -O2   -c melder/MAT.cpp -o melder/MAT.o
In file included from melder/MAT.cpp:19:
In file included from praat.github.io/melder/melder.h:76:
praat.github.io/melder/melder_tensor.h:64:1: warning: 'vector' defined as a struct template here but previously declared as a class template; this is valid, but may result in linker errors under the Microsoft C++ ABI [-Wmismatched-tags]
   64 | struct vector {
      | ^
praat.github.io/melder/melder_tensor.h:52:23: note: did you mean struct here?
   52 | template <typename T> class vector;
      |                       ^~~~~
      |                       struct
praat.github.io/melder/melder_tensor.h:104:1: warning: 'constvector' defined as a struct template here but previously declared as a class template; this is valid, but may result in linker errors under the Microsoft C++ ABI [-Wmismatched-tags]
  104 | struct constvector {
      | ^
praat.github.io/melder/melder_tensor.h:53:23: note: did you mean struct here?
   53 | template <typename T> class constvector;
      |                       ^~~~~
      |                       struct
praat.github.io/melder/melder_tensor.h:137:1: warning: 'vectorview' defined as a struct template here but previously declared as a class template; this is valid, but may result in linker errors under the Microsoft C++ ABI [-Wmismatched-tags]
  137 | struct vectorview {
      | ^
praat.github.io/melder/melder_tensor.h:54:23: note: did you mean struct here?
   54 | template <typename T> class vectorview;
      |                       ^~~~~
      |                       struct
praat.github.io/melder/melder_tensor.h:167:1: warning: 'constvectorview' defined as a struct template here but previously declared as a class template; this is valid, but may result in linker errors under the Microsoft C++ ABI [-Wmismatched-tags]
  167 | struct constvectorview {
      | ^
praat.github.io/melder/melder_tensor.h:55:23: note: did you mean struct here?
   55 | template <typename T> class constvectorview;
      |                       ^~~~~
      |                       struct
praat.github.io/melder/melder_tensor.h:207:1: warning: 'autovector' defined as a struct template here but previously declared as a class template; this is valid, but may result in linker errors under the Microsoft C++ ABI [-Wmismatched-tags]
  207 | struct autovector {
      | ^
praat.github.io/melder/melder_tensor.h:56:23: note: did you mean struct here?
   56 | template <typename T> class autovector;
      |                       ^~~~~
      |                       struct
praat.github.io/melder/melder_tensor.h:388:1: warning: 'matrix' defined as a struct template here but previously declared as a class template; this is valid, but may result in linker errors under the Microsoft C++ ABI [-Wmismatched-tags]
  388 | struct matrix {
      | ^
praat.github.io/melder/melder_tensor.h:57:23: note: did you mean struct here?
   57 | template <typename T> class matrix;
      |                       ^~~~~
      |                       struct
praat.github.io/melder/melder_tensor.h:461:1: warning: 'constmatrix' defined as a struct template here but previously declared as a class template; this is valid, but may result in linker errors under the Microsoft C++ ABI [-Wmismatched-tags]
  461 | struct constmatrix {
      | ^
praat.github.io/melder/melder_tensor.h:58:23: note: did you mean struct here?
   58 | template <typename T> class constmatrix;
      |                       ^~~~~
      |                       struct
praat.github.io/melder/melder_tensor.h:532:1: warning: 'matrixview' defined as a struct template here but previously declared as a class template; this is valid, but may result in linker errors under the Microsoft C++ ABI [-Wmismatched-tags]
  532 | struct matrixview {
      | ^
praat.github.io/melder/melder_tensor.h:59:23: note: did you mean struct here?
   59 | template <typename T> class matrixview;
      |                       ^~~~~
      |                       struct
praat.github.io/melder/melder_tensor.h:612:1: warning: 'constmatrixview' defined as a struct template here but previously declared as a class template; this is valid, but may result in linker errors under the Microsoft C++ ABI [-Wmismatched-tags]
  612 | struct constmatrixview {
      | ^
praat.github.io/melder/melder_tensor.h:60:23: note: did you mean struct here?
   60 | template <typename T> class constmatrixview;
      |                       ^~~~~
      |                       struct
praat.github.io/melder/melder_tensor.h:683:1: warning: 'automatrix' defined as a struct template here but previously declared as a class template; this is valid, but may result in linker errors under the Microsoft C++ ABI [-Wmismatched-tags]
  683 | struct automatrix {
      | ^
praat.github.io/melder/melder_tensor.h:61:23: note: did you mean struct here?
   61 | template <typename T> class automatrix;
      |                       ^~~~~
      |                       struct
praat.github.io/melder/melder_tensor.h:703:18: warning: unused variable 'numberOfColumnsInThisRow' [-Wunused-variable]
  703 |                         const integer numberOfColumnsInThisRow = uinteger_to_integer_a (row.size());
      |                                       ^~~~~~~~~~~~~~~~~~~~~~~~
In file included from melder/MAT.cpp:20:
In file included from praat.github.io/kar/../dwsys/NUM2.h:21:
In file included from praat.github.io/kar/../dwsys/ExtendedReal.h:37:
In file included from praat.github.io/sys/Data.h:23:
praat.github.io/sys/Thing.h:77:9: warning: struct 'structThing' was previously declared as a class; this is valid, but may result in linker errors under the Microsoft C++ ABI [-Wmismatched-tags]
   77 | typedef struct structThing *Thing;   // we need an explicit "struct" here, because this is a forward declaration
      |         ^
praat.github.io/melder/MelderArg.h:21:15: note: previous use is here
   21 | typedef class structThing *Thing;   // forward declaration
      |               ^
In file included from melder/MAT.cpp:20:
In file included from praat.github.io/kar/../dwsys/NUM2.h:21:
In file included from praat.github.io/kar/../dwsys/ExtendedReal.h:37:
In file included from praat.github.io/sys/Data.h:23:
praat.github.io/sys/Thing.h:78:9: warning: struct 'structThing' was previously declared as a class; this is valid, but may result in linker errors under the Microsoft C++ ABI [-Wmismatched-tags]
   78 | typedef struct structThing *mutableThing;
      |         ^
praat.github.io/melder/MelderArg.h:21:15: note: previous use is here
   21 | typedef class structThing *Thing;   // forward declaration
      |               ^
In file included from melder/MAT.cpp:20:
In file included from praat.github.io/kar/../dwsys/NUM2.h:21:
In file included from praat.github.io/kar/../dwsys/ExtendedReal.h:37:
In file included from praat.github.io/sys/Data.h:23:
praat.github.io/sys/Thing.h:79:15: warning: struct 'structThing' was previously declared as a class; this is valid, but may result in linker errors under the Microsoft C++ ABI [-Wmismatched-tags]
   79 | typedef const struct structThing *constThing;
      |               ^
praat.github.io/melder/MelderArg.h:21:15: note: previous use is here
   21 | typedef class structThing *Thing;   // forward declaration
      |               ^
In file included from melder/MAT.cpp:20:
In file included from praat.github.io/kar/../dwsys/NUM2.h:21:
In file included from praat.github.io/kar/../dwsys/ExtendedReal.h:37:
In file included from praat.github.io/sys/Data.h:23:
praat.github.io/sys/Thing.h:82:1: warning: 'structThing' defined as a struct here but previously declared as a class; this is valid, but may result in linker errors under the Microsoft C++ ABI [-Wmismatched-tags]
   82 | struct structThing {
      | ^
praat.github.io/melder/MelderArg.h:21:9: note: did you mean struct here?
   21 | typedef class structThing *Thing;   // forward declaration
      |         ^~~~~
      |         struct
15 warnings generated.
clang++ -arch arm64 -std=gnu++17 -I"/Library/Frameworks/R.framework/Resources/include" -DNDEBUG -I. -Ipraat.github.io -Ipraat.github.io/kar -Ipraat.github.io/melder -Ipraat.github.io/sys -Ipraat.github.io/dwsys -Ipraat.github.io/dwtools -Ipraat.github.io/stat -Ipraat.github.io/fon -Ipraat.github.io/foned -Ipraat.github.io/LPC -Ipraat.github.io/sensors -Ipraat.github.io/external/portaudio -Ipraat.github.io/external/flac -Ipraat.github.io/external/mp3 -Ipraat.github.io/external/espeak -Ipraat.github.io/external/gsl -Ipraat.github.io/external/glpk -I'/Library/Frameworks/R.framework/Versions/4.4-arm64/Resources/library/Rcpp/include' -I/opt/R/arm64/include -I/opt/homebrew/opt/libomp/include -Xclang -fopenmp   -DPRAAT_LIB -DNO_GUI -DNO_AUDIO -DNO_GRAPHICS -DNO_NETWORK -DUNIX -pthread -ffp-contract=off -Wno-unused-parameter -Wno-sign-compare -Wno-unused-variable -Wno-deprecated-declarations -Wno-trigraphs -Wno-logical-op-parentheses -Wno-shift-op-parentheses -Wno-mismatched-tags -Wno-unused-const-variable -Wno-c++11-narrowing -fPIC  -falign-functions=64 -Wall -g -O2   -c melder/STRVEC.cpp -o melder/STRVEC.o
In file included from melder/STRVEC.cpp:29:
In file included from praat.github.io/melder/melder.h:76:
praat.github.io/melder/melder_tensor.h:64:1: warning: 'vector' defined as a struct template here but previously declared as a class template; this is valid, but may result in linker errors under the Microsoft C++ ABI [-Wmismatched-tags]
   64 | struct vector {
      | ^
praat.github.io/melder/melder_tensor.h:52:23: note: did you mean struct here?
   52 | template <typename T> class vector;
      |                       ^~~~~
      |                       struct
praat.github.io/melder/melder_tensor.h:104:1: warning: 'constvector' defined as a struct template here but previously declared as a class template; this is valid, but may result in linker errors under the Microsoft C++ ABI [-Wmismatched-tags]
  104 | struct constvector {
      | ^
praat.github.io/melder/melder_tensor.h:53:23: note: did you mean struct here?
   53 | template <typename T> class constvector;
      |                       ^~~~~
      |                       struct
praat.github.io/melder/melder_tensor.h:137:1: warning: 'vectorview' defined as a struct template here but previously declared as a class template; this is valid, but may result in linker errors under the Microsoft C++ ABI [-Wmismatched-tags]
  137 | struct vectorview {
      | ^
praat.github.io/melder/melder_tensor.h:54:23: note: did you mean struct here?
   54 | template <typename T> class vectorview;
      |                       ^~~~~
      |                       struct
praat.github.io/melder/melder_tensor.h:167:1: warning: 'constvectorview' defined as a struct template here but previously declared as a class template; this is valid, but may result in linker errors under the Microsoft C++ ABI [-Wmismatched-tags]
  167 | struct constvectorview {
      | ^
praat.github.io/melder/melder_tensor.h:55:23: note: did you mean struct here?
   55 | template <typename T> class constvectorview;
      |                       ^~~~~
      |                       struct
praat.github.io/melder/melder_tensor.h:207:1: warning: 'autovector' defined as a struct template here but previously declared as a class template; this is valid, but may result in linker errors under the Microsoft C++ ABI [-Wmismatched-tags]
  207 | struct autovector {
      | ^
praat.github.io/melder/melder_tensor.h:56:23: note: did you mean struct here?
   56 | template <typename T> class autovector;
      |                       ^~~~~
      |                       struct
praat.github.io/melder/melder_tensor.h:388:1: warning: 'matrix' defined as a struct template here but previously declared as a class template; this is valid, but may result in linker errors under the Microsoft C++ ABI [-Wmismatched-tags]
  388 | struct matrix {
      | ^
praat.github.io/melder/melder_tensor.h:57:23: note: did you mean struct here?
   57 | template <typename T> class matrix;
      |                       ^~~~~
      |                       struct
praat.github.io/melder/melder_tensor.h:461:1: warning: 'constmatrix' defined as a struct template here but previously declared as a class template; this is valid, but may result in linker errors under the Microsoft C++ ABI [-Wmismatched-tags]
  461 | struct constmatrix {
      | ^
praat.github.io/melder/melder_tensor.h:58:23: note: did you mean struct here?
   58 | template <typename T> class constmatrix;
      |                       ^~~~~
      |                       struct
praat.github.io/melder/melder_tensor.h:532:1: warning: 'matrixview' defined as a struct template here but previously declared as a class template; this is valid, but may result in linker errors under the Microsoft C++ ABI [-Wmismatched-tags]
  532 | struct matrixview {
      | ^
praat.github.io/melder/melder_tensor.h:59:23: note: did you mean struct here?
   59 | template <typename T> class matrixview;
      |                       ^~~~~
      |                       struct
praat.github.io/melder/melder_tensor.h:612:1: warning: 'constmatrixview' defined as a struct template here but previously declared as a class template; this is valid, but may result in linker errors under the Microsoft C++ ABI [-Wmismatched-tags]
  612 | struct constmatrixview {
      | ^
praat.github.io/melder/melder_tensor.h:60:23: note: did you mean struct here?
   60 | template <typename T> class constmatrixview;
      |                       ^~~~~
      |                       struct
praat.github.io/melder/melder_tensor.h:683:1: warning: 'automatrix' defined as a struct template here but previously declared as a class template; this is valid, but may result in linker errors under the Microsoft C++ ABI [-Wmismatched-tags]
  683 | struct automatrix {
      | ^
praat.github.io/melder/melder_tensor.h:61:23: note: did you mean struct here?
   61 | template <typename T> class automatrix;
      |                       ^~~~~
      |                       struct
praat.github.io/melder/melder_tensor.h:703:18: warning: unused variable 'numberOfColumnsInThisRow' [-Wunused-variable]
  703 |                         const integer numberOfColumnsInThisRow = uinteger_to_integer_a (row.size());
      |                                       ^~~~~~~~~~~~~~~~~~~~~~~~
melder/STRVEC.cpp:35:17: warning: variable 'pathIsHomeRelative' set but not used [-Wunused-but-set-variable]
   35 |         if (const bool pathIsHomeRelative = ( path [0] == U'~' &&
      |                        ^
12 warnings generated.
clang++ -arch arm64 -std=gnu++17 -I"/Library/Frameworks/R.framework/Resources/include" -DNDEBUG -I. -Ipraat.github.io -Ipraat.github.io/kar -Ipraat.github.io/melder -Ipraat.github.io/sys -Ipraat.github.io/dwsys -Ipraat.github.io/dwtools -Ipraat.github.io/stat -Ipraat.github.io/fon -Ipraat.github.io/foned -Ipraat.github.io/LPC -Ipraat.github.io/sensors -Ipraat.github.io/external/portaudio -Ipraat.github.io/external/flac -Ipraat.github.io/external/mp3 -Ipraat.github.io/external/espeak -Ipraat.github.io/external/gsl -Ipraat.github.io/external/glpk -I'/Library/Frameworks/R.framework/Versions/4.4-arm64/Resources/library/Rcpp/include' -I/opt/R/arm64/include -I/opt/homebrew/opt/libomp/include -Xclang -fopenmp   -DPRAAT_LIB -DNO_GUI -DNO_AUDIO -DNO_GRAPHICS -DNO_NETWORK -DUNIX -pthread -ffp-contract=off -Wno-unused-parameter -Wno-sign-compare -Wno-unused-variable -Wno-deprecated-declarations -Wno-trigraphs -Wno-logical-op-parentheses -Wno-shift-op-parentheses -Wno-mismatched-tags -Wno-unused-const-variable -Wno-c++11-narrowing -fPIC  -falign-functions=64 -Wall -g -O2   -c melder/MelderCat.cpp -o melder/MelderCat.o
In file included from melder/MelderCat.cpp:19:
In file included from praat.github.io/melder/melder.h:76:
praat.github.io/melder/melder_tensor.h:64:1: warning: 'vector' defined as a struct template here but previously declared as a class template; this is valid, but may result in linker errors under the Microsoft C++ ABI [-Wmismatched-tags]
   64 | struct vector {
      | ^
praat.github.io/melder/melder_tensor.h:52:23: note: did you mean struct here?
   52 | template <typename T> class vector;
      |                       ^~~~~
      |                       struct
praat.github.io/melder/melder_tensor.h:104:1: warning: 'constvector' defined as a struct template here but previously declared as a class template; this is valid, but may result in linker errors under the Microsoft C++ ABI [-Wmismatched-tags]
  104 | struct constvector {
      | ^
praat.github.io/melder/melder_tensor.h:53:23: note: did you mean struct here?
   53 | template <typename T> class constvector;
      |                       ^~~~~
      |                       struct
praat.github.io/melder/melder_tensor.h:137:1: warning: 'vectorview' defined as a struct template here but previously declared as a class template; this is valid, but may result in linker errors under the Microsoft C++ ABI [-Wmismatched-tags]
  137 | struct vectorview {
      | ^
praat.github.io/melder/melder_tensor.h:54:23: note: did you mean struct here?
   54 | template <typename T> class vectorview;
      |                       ^~~~~
      |                       struct
praat.github.io/melder/melder_tensor.h:167:1: warning: 'constvectorview' defined as a struct template here but previously declared as a class template; this is valid, but may result in linker errors under the Microsoft C++ ABI [-Wmismatched-tags]
  167 | struct constvectorview {
      | ^
praat.github.io/melder/melder_tensor.h:55:23: note: did you mean struct here?
   55 | template <typename T> class constvectorview;
      |                       ^~~~~
      |                       struct
praat.github.io/melder/melder_tensor.h:207:1: warning: 'autovector' defined as a struct template here but previously declared as a class template; this is valid, but may result in linker errors under the Microsoft C++ ABI [-Wmismatched-tags]
  207 | struct autovector {
      | ^
praat.github.io/melder/melder_tensor.h:56:23: note: did you mean struct here?
   56 | template <typename T> class autovector;
      |                       ^~~~~
      |                       struct
praat.github.io/melder/melder_tensor.h:388:1: warning: 'matrix' defined as a struct template here but previously declared as a class template; this is valid, but may result in linker errors under the Microsoft C++ ABI [-Wmismatched-tags]
  388 | struct matrix {
      | ^
praat.github.io/melder/melder_tensor.h:57:23: note: did you mean struct here?
   57 | template <typename T> class matrix;
      |                       ^~~~~
      |                       struct
praat.github.io/melder/melder_tensor.h:461:1: warning: 'constmatrix' defined as a struct template here but previously declared as a class template; this is valid, but may result in linker errors under the Microsoft C++ ABI [-Wmismatched-tags]
  461 | struct constmatrix {
      | ^
praat.github.io/melder/melder_tensor.h:58:23: note: did you mean struct here?
   58 | template <typename T> class constmatrix;
      |                       ^~~~~
      |                       struct
praat.github.io/melder/melder_tensor.h:532:1: warning: 'matrixview' defined as a struct template here but previously declared as a class template; this is valid, but may result in linker errors under the Microsoft C++ ABI [-Wmismatched-tags]
  532 | struct matrixview {
      | ^
praat.github.io/melder/melder_tensor.h:59:23: note: did you mean struct here?
   59 | template <typename T> class matrixview;
      |                       ^~~~~
      |                       struct
praat.github.io/melder/melder_tensor.h:612:1: warning: 'constmatrixview' defined as a struct template here but previously declared as a class template; this is valid, but may result in linker errors under the Microsoft C++ ABI [-Wmismatched-tags]
  612 | struct constmatrixview {
      | ^
praat.github.io/melder/melder_tensor.h:60:23: note: did you mean struct here?
   60 | template <typename T> class constmatrixview;
      |                       ^~~~~
      |                       struct
praat.github.io/melder/melder_tensor.h:683:1: warning: 'automatrix' defined as a struct template here but previously declared as a class template; this is valid, but may result in linker errors under the Microsoft C++ ABI [-Wmismatched-tags]
  683 | struct automatrix {
      | ^
praat.github.io/melder/melder_tensor.h:61:23: note: did you mean struct here?
   61 | template <typename T> class automatrix;
      |                       ^~~~~
      |                       struct
praat.github.io/melder/melder_tensor.h:703:18: warning: unused variable 'numberOfColumnsInThisRow' [-Wunused-variable]
  703 |                         const integer numberOfColumnsInThisRow = uinteger_to_integer_a (row.size());
      |                                       ^~~~~~~~~~~~~~~~~~~~~~~~
11 warnings generated.
clang++ -arch arm64 -std=gnu++17 -I"/Library/Frameworks/R.framework/Resources/include" -DNDEBUG -I. -Ipraat.github.io -Ipraat.github.io/kar -Ipraat.github.io/melder -Ipraat.github.io/sys -Ipraat.github.io/dwsys -Ipraat.github.io/dwtools -Ipraat.github.io/stat -Ipraat.github.io/fon -Ipraat.github.io/foned -Ipraat.github.io/LPC -Ipraat.github.io/sensors -Ipraat.github.io/external/portaudio -Ipraat.github.io/external/flac -Ipraat.github.io/external/mp3 -Ipraat.github.io/external/espeak -Ipraat.github.io/external/gsl -Ipraat.github.io/external/glpk -I'/Library/Frameworks/R.framework/Versions/4.4-arm64/Resources/library/Rcpp/include' -I/opt/R/arm64/include -I/opt/homebrew/opt/libomp/include -Xclang -fopenmp   -DPRAAT_LIB -DNO_GUI -DNO_AUDIO -DNO_GRAPHICS -DNO_NETWORK -DUNIX -pthread -ffp-contract=off -Wno-unused-parameter -Wno-sign-compare -Wno-unused-variable -Wno-deprecated-declarations -Wno-trigraphs -Wno-logical-op-parentheses -Wno-shift-op-parentheses -Wno-mismatched-tags -Wno-unused-const-variable -Wno-c++11-narrowing -fPIC  -falign-functions=64 -Wall -g -O2   -c melder/melder_casual.cpp -o melder/melder_casual.o
In file included from melder/melder_casual.cpp:19:
In file included from praat.github.io/melder/melder.h:76:
praat.github.io/melder/melder_tensor.h:64:1: warning: 'vector' defined as a struct template here but previously declared as a class template; this is valid, but may result in linker errors under the Microsoft C++ ABI [-Wmismatched-tags]
   64 | struct vector {
      | ^
praat.github.io/melder/melder_tensor.h:52:23: note: did you mean struct here?
   52 | template <typename T> class vector;
      |                       ^~~~~
      |                       struct
praat.github.io/melder/melder_tensor.h:104:1: warning: 'constvector' defined as a struct template here but previously declared as a class template; this is valid, but may result in linker errors under the Microsoft C++ ABI [-Wmismatched-tags]
  104 | struct constvector {
      | ^
praat.github.io/melder/melder_tensor.h:53:23: note: did you mean struct here?
   53 | template <typename T> class constvector;
      |                       ^~~~~
      |                       struct
praat.github.io/melder/melder_tensor.h:137:1: warning: 'vectorview' defined as a struct template here but previously declared as a class template; this is valid, but may result in linker errors under the Microsoft C++ ABI [-Wmismatched-tags]
  137 | struct vectorview {
      | ^
praat.github.io/melder/melder_tensor.h:54:23: note: did you mean struct here?
   54 | template <typename T> class vectorview;
      |                       ^~~~~
      |                       struct
praat.github.io/melder/melder_tensor.h:167:1: warning: 'constvectorview' defined as a struct template here but previously declared as a class template; this is valid, but may result in linker errors under the Microsoft C++ ABI [-Wmismatched-tags]
  167 | struct constvectorview {
      | ^
praat.github.io/melder/melder_tensor.h:55:23: note: did you mean struct here?
   55 | template <typename T> class constvectorview;
      |                       ^~~~~
      |                       struct
praat.github.io/melder/melder_tensor.h:207:1: warning: 'autovector' defined as a struct template here but previously declared as a class template; this is valid, but may result in linker errors under the Microsoft C++ ABI [-Wmismatched-tags]
  207 | struct autovector {
      | ^
praat.github.io/melder/melder_tensor.h:56:23: note: did you mean struct here?
   56 | template <typename T> class autovector;
      |                       ^~~~~
      |                       struct
praat.github.io/melder/melder_tensor.h:388:1: warning: 'matrix' defined as a struct template here but previously declared as a class template; this is valid, but may result in linker errors under the Microsoft C++ ABI [-Wmismatched-tags]
  388 | struct matrix {
      | ^
praat.github.io/melder/melder_tensor.h:57:23: note: did you mean struct here?
   57 | template <typename T> class matrix;
      |                       ^~~~~
      |                       struct
praat.github.io/melder/melder_tensor.h:461:1: warning: 'constmatrix' defined as a struct template here but previously declared as a class template; this is valid, but may result in linker errors under the Microsoft C++ ABI [-Wmismatched-tags]
  461 | struct constmatrix {
      | ^
praat.github.io/melder/melder_tensor.h:58:23: note: did you mean struct here?
   58 | template <typename T> class constmatrix;
      |                       ^~~~~
      |                       struct
praat.github.io/melder/melder_tensor.h:532:1: warning: 'matrixview' defined as a struct template here but previously declared as a class template; this is valid, but may result in linker errors under the Microsoft C++ ABI [-Wmismatched-tags]
  532 | struct matrixview {
      | ^
praat.github.io/melder/melder_tensor.h:59:23: note: did you mean struct here?
   59 | template <typename T> class matrixview;
      |                       ^~~~~
      |                       struct
praat.github.io/melder/melder_tensor.h:612:1: warning: 'constmatrixview' defined as a struct template here but previously declared as a class template; this is valid, but may result in linker errors under the Microsoft C++ ABI [-Wmismatched-tags]
  612 | struct constmatrixview {
      | ^
praat.github.io/melder/melder_tensor.h:60:23: note: did you mean struct here?
   60 | template <typename T> class constmatrixview;
      |                       ^~~~~
      |                       struct
praat.github.io/melder/melder_tensor.h:683:1: warning: 'automatrix' defined as a struct template here but previously declared as a class template; this is valid, but may result in linker errors under the Microsoft C++ ABI [-Wmismatched-tags]
  683 | struct automatrix {
      | ^
praat.github.io/melder/melder_tensor.h:61:23: note: did you mean struct here?
   61 | template <typename T> class automatrix;
      |                       ^~~~~
      |                       struct
praat.github.io/melder/melder_tensor.h:703:18: warning: unused variable 'numberOfColumnsInThisRow' [-Wunused-variable]
  703 |                         const integer numberOfColumnsInThisRow = uinteger_to_integer_a (row.size());
      |                                       ^~~~~~~~~~~~~~~~~~~~~~~~
11 warnings generated.
clang++ -arch arm64 -std=gnu++17 -I"/Library/Frameworks/R.framework/Resources/include" -DNDEBUG -I. -Ipraat.github.io -Ipraat.github.io/kar -Ipraat.github.io/melder -Ipraat.github.io/sys -Ipraat.github.io/dwsys -Ipraat.github.io/dwtools -Ipraat.github.io/stat -Ipraat.github.io/fon -Ipraat.github.io/foned -Ipraat.github.io/LPC -Ipraat.github.io/sensors -Ipraat.github.io/external/portaudio -Ipraat.github.io/external/flac -Ipraat.github.io/external/mp3 -Ipraat.github.io/external/espeak -Ipraat.github.io/external/gsl -Ipraat.github.io/external/glpk -I'/Library/Frameworks/R.framework/Versions/4.4-arm64/Resources/library/Rcpp/include' -I/opt/R/arm64/include -I/opt/homebrew/opt/libomp/include -Xclang -fopenmp   -DPRAAT_LIB -DNO_GUI -DNO_AUDIO -DNO_GRAPHICS -DNO_NETWORK -DUNIX -pthread -ffp-contract=off -Wno-unused-parameter -Wno-sign-compare -Wno-unused-variable -Wno-deprecated-declarations -Wno-trigraphs -Wno-logical-op-parentheses -Wno-shift-op-parentheses -Wno-mismatched-tags -Wno-unused-const-variable -Wno-c++11-narrowing -fPIC  -falign-functions=64 -Wall -g -O2   -c melder/melder_app.cpp -o melder/melder_app.o
In file included from melder/melder_app.cpp:19:
In file included from praat.github.io/melder/melder.h:76:
praat.github.io/melder/melder_tensor.h:64:1: warning: 'vector' defined as a struct template here but previously declared as a class template; this is valid, but may result in linker errors under the Microsoft C++ ABI [-Wmismatched-tags]
   64 | struct vector {
      | ^
praat.github.io/melder/melder_tensor.h:52:23: note: did you mean struct here?
   52 | template <typename T> class vector;
      |                       ^~~~~
      |                       struct
praat.github.io/melder/melder_tensor.h:104:1: warning: 'constvector' defined as a struct template here but previously declared as a class template; this is valid, but may result in linker errors under the Microsoft C++ ABI [-Wmismatched-tags]
  104 | struct constvector {
      | ^
praat.github.io/melder/melder_tensor.h:53:23: note: did you mean struct here?
   53 | template <typename T> class constvector;
      |                       ^~~~~
      |                       struct
praat.github.io/melder/melder_tensor.h:137:1: warning: 'vectorview' defined as a struct template here but previously declared as a class template; this is valid, but may result in linker errors under the Microsoft C++ ABI [-Wmismatched-tags]
  137 | struct vectorview {
      | ^
praat.github.io/melder/melder_tensor.h:54:23: note: did you mean struct here?
   54 | template <typename T> class vectorview;
      |                       ^~~~~
      |                       struct
praat.github.io/melder/melder_tensor.h:167:1: warning: 'constvectorview' defined as a struct template here but previously declared as a class template; this is valid, but may result in linker errors under the Microsoft C++ ABI [-Wmismatched-tags]
  167 | struct constvectorview {
      | ^
praat.github.io/melder/melder_tensor.h:55:23: note: did you mean struct here?
   55 | template <typename T> class constvectorview;
      |                       ^~~~~
      |                       struct
praat.github.io/melder/melder_tensor.h:207:1: warning: 'autovector' defined as a struct template here but previously declared as a class template; this is valid, but may result in linker errors under the Microsoft C++ ABI [-Wmismatched-tags]
  207 | struct autovector {
      | ^
praat.github.io/melder/melder_tensor.h:56:23: note: did you mean struct here?
   56 | template <typename T> class autovector;
      |                       ^~~~~
      |                       struct
praat.github.io/melder/melder_tensor.h:388:1: warning: 'matrix' defined as a struct template here but previously declared as a class template; this is valid, but may result in linker errors under the Microsoft C++ ABI [-Wmismatched-tags]
  388 | struct matrix {
      | ^
praat.github.io/melder/melder_tensor.h:57:23: note: did you mean struct here?
   57 | template <typename T> class matrix;
      |                       ^~~~~
      |                       struct
praat.github.io/melder/melder_tensor.h:461:1: warning: 'constmatrix' defined as a struct template here but previously declared as a class template; this is valid, but may result in linker errors under the Microsoft C++ ABI [-Wmismatched-tags]
  461 | struct constmatrix {
      | ^
praat.github.io/melder/melder_tensor.h:58:23: note: did you mean struct here?
   58 | template <typename T> class constmatrix;
      |                       ^~~~~
      |                       struct
praat.github.io/melder/melder_tensor.h:532:1: warning: 'matrixview' defined as a struct template here but previously declared as a class template; this is valid, but may result in linker errors under the Microsoft C++ ABI [-Wmismatched-tags]
  532 | struct matrixview {
      | ^
praat.github.io/melder/melder_tensor.h:59:23: note: did you mean struct here?
   59 | template <typename T> class matrixview;
      |                       ^~~~~
      |                       struct
praat.github.io/melder/melder_tensor.h:612:1: warning: 'constmatrixview' defined as a struct template here but previously declared as a class template; this is valid, but may result in linker errors under the Microsoft C++ ABI [-Wmismatched-tags]
  612 | struct constmatrixview {
      | ^
praat.github.io/melder/melder_tensor.h:60:23: note: did you mean struct here?
   60 | template <typename T> class constmatrixview;
      |                       ^~~~~
      |                       struct
praat.github.io/melder/melder_tensor.h:683:1: warning: 'automatrix' defined as a struct template here but previously declared as a class template; this is valid, but may result in linker errors under the Microsoft C++ ABI [-Wmismatched-tags]
  683 | struct automatrix {
      | ^
praat.github.io/melder/melder_tensor.h:61:23: note: did you mean struct here?
   61 | template <typename T> class automatrix;
      |                       ^~~~~
      |                       struct
praat.github.io/melder/melder_tensor.h:703:18: warning: unused variable 'numberOfColumnsInThisRow' [-Wunused-variable]
  703 |                         const integer numberOfColumnsInThisRow = uinteger_to_integer_a (row.size());
      |                                       ^~~~~~~~~~~~~~~~~~~~~~~~
11 warnings generated.
clang++ -arch arm64 -std=gnu++17 -I"/Library/Frameworks/R.framework/Resources/include" -DNDEBUG -I. -Ipraat.github.io -Ipraat.github.io/kar -Ipraat.github.io/melder -Ipraat.github.io/sys -Ipraat.github.io/dwsys -Ipraat.github.io/dwtools -Ipraat.github.io/stat -Ipraat.github.io/fon -Ipraat.github.io/foned -Ipraat.github.io/LPC -Ipraat.github.io/sensors -Ipraat.github.io/external/portaudio -Ipraat.github.io/external/flac -Ipraat.github.io/external/mp3 -Ipraat.github.io/external/espeak -Ipraat.github.io/external/gsl -Ipraat.github.io/external/glpk -I'/Library/Frameworks/R.framework/Versions/4.4-arm64/Resources/library/Rcpp/include' -I/opt/R/arm64/include -I/opt/homebrew/opt/libomp/include -Xclang -fopenmp   -DPRAAT_LIB -DNO_GUI -DNO_AUDIO -DNO_GRAPHICS -DNO_NETWORK -DUNIX -pthread -ffp-contract=off -Wno-unused-parameter -Wno-sign-compare -Wno-unused-variable -Wno-deprecated-declarations -Wno-trigraphs -Wno-logical-op-parentheses -Wno-shift-op-parentheses -Wno-mismatched-tags -Wno-unused-const-variable -Wno-c++11-narrowing -fPIC  -falign-functions=64 -Wall -g -O2   -c melder/complex.cpp -o melder/complex.o
In file included from melder/complex.cpp:19:
In file included from praat.github.io/melder/melder.h:76:
praat.github.io/melder/melder_tensor.h:64:1: warning: 'vector' defined as a struct template here but previously declared as a class template; this is valid, but may result in linker errors under the Microsoft C++ ABI [-Wmismatched-tags]
   64 | struct vector {
      | ^
praat.github.io/melder/melder_tensor.h:52:23: note: did you mean struct here?
   52 | template <typename T> class vector;
      |                       ^~~~~
      |                       struct
praat.github.io/melder/melder_tensor.h:104:1: warning: 'constvector' defined as a struct template here but previously declared as a class template; this is valid, but may result in linker errors under the Microsoft C++ ABI [-Wmismatched-tags]
  104 | struct constvector {
      | ^
praat.github.io/melder/melder_tensor.h:53:23: note: did you mean struct here?
   53 | template <typename T> class constvector;
      |                       ^~~~~
      |                       struct
praat.github.io/melder/melder_tensor.h:137:1: warning: 'vectorview' defined as a struct template here but previously declared as a class template; this is valid, but may result in linker errors under the Microsoft C++ ABI [-Wmismatched-tags]
  137 | struct vectorview {
      | ^
praat.github.io/melder/melder_tensor.h:54:23: note: did you mean struct here?
   54 | template <typename T> class vectorview;
      |                       ^~~~~
      |                       struct
praat.github.io/melder/melder_tensor.h:167:1: warning: 'constvectorview' defined as a struct template here but previously declared as a class template; this is valid, but may result in linker errors under the Microsoft C++ ABI [-Wmismatched-tags]
  167 | struct constvectorview {
      | ^
praat.github.io/melder/melder_tensor.h:55:23: note: did you mean struct here?
   55 | template <typename T> class constvectorview;
      |                       ^~~~~
      |                       struct
praat.github.io/melder/melder_tensor.h:207:1: warning: 'autovector' defined as a struct template here but previously declared as a class template; this is valid, but may result in linker errors under the Microsoft C++ ABI [-Wmismatched-tags]
  207 | struct autovector {
      | ^
praat.github.io/melder/melder_tensor.h:56:23: note: did you mean struct here?
   56 | template <typename T> class autovector;
      |                       ^~~~~
      |                       struct
praat.github.io/melder/melder_tensor.h:388:1: warning: 'matrix' defined as a struct template here but previously declared as a class template; this is valid, but may result in linker errors under the Microsoft C++ ABI [-Wmismatched-tags]
  388 | struct matrix {
      | ^
praat.github.io/melder/melder_tensor.h:57:23: note: did you mean struct here?
   57 | template <typename T> class matrix;
      |                       ^~~~~
      |                       struct
praat.github.io/melder/melder_tensor.h:461:1: warning: 'constmatrix' defined as a struct template here but previously declared as a class template; this is valid, but may result in linker errors under the Microsoft C++ ABI [-Wmismatched-tags]
  461 | struct constmatrix {
      | ^
praat.github.io/melder/melder_tensor.h:58:23: note: did you mean struct here?
   58 | template <typename T> class constmatrix;
      |                       ^~~~~
      |                       struct
praat.github.io/melder/melder_tensor.h:532:1: warning: 'matrixview' defined as a struct template here but previously declared as a class template; this is valid, but may result in linker errors under the Microsoft C++ ABI [-Wmismatched-tags]
  532 | struct matrixview {
      | ^
praat.github.io/melder/melder_tensor.h:59:23: note: did you mean struct here?
   59 | template <typename T> class matrixview;
      |                       ^~~~~
      |                       struct
praat.github.io/melder/melder_tensor.h:612:1: warning: 'constmatrixview' defined as a struct template here but previously declared as a class template; this is valid, but may result in linker errors under the Microsoft C++ ABI [-Wmismatched-tags]
  612 | struct constmatrixview {
      | ^
praat.github.io/melder/melder_tensor.h:60:23: note: did you mean struct here?
   60 | template <typename T> class constmatrixview;
      |                       ^~~~~
      |                       struct
praat.github.io/melder/melder_tensor.h:683:1: warning: 'automatrix' defined as a struct template here but previously declared as a class template; this is valid, but may result in linker errors under the Microsoft C++ ABI [-Wmismatched-tags]
  683 | struct automatrix {
      | ^
praat.github.io/melder/melder_tensor.h:61:23: note: did you mean struct here?
   61 | template <typename T> class automatrix;
      |                       ^~~~~
      |                       struct
praat.github.io/melder/melder_tensor.h:703:18: warning: unused variable 'numberOfColumnsInThisRow' [-Wunused-variable]
  703 |                         const integer numberOfColumnsInThisRow = uinteger_to_integer_a (row.size());
      |                                       ^~~~~~~~~~~~~~~~~~~~~~~~
11 warnings generated.
clang++ -arch arm64 -std=gnu++17 -I"/Library/Frameworks/R.framework/Resources/include" -DNDEBUG -I. -Ipraat.github.io -Ipraat.github.io/kar -Ipraat.github.io/melder -Ipraat.github.io/sys -Ipraat.github.io/dwsys -Ipraat.github.io/dwtools -Ipraat.github.io/stat -Ipraat.github.io/fon -Ipraat.github.io/foned -Ipraat.github.io/LPC -Ipraat.github.io/sensors -Ipraat.github.io/external/portaudio -Ipraat.github.io/external/flac -Ipraat.github.io/external/mp3 -Ipraat.github.io/external/espeak -Ipraat.github.io/external/gsl -Ipraat.github.io/external/glpk -I'/Library/Frameworks/R.framework/Versions/4.4-arm64/Resources/library/Rcpp/include' -I/opt/R/arm64/include -I/opt/homebrew/opt/libomp/include -Xclang -fopenmp   -DPRAAT_LIB -DNO_GUI -DNO_AUDIO -DNO_GRAPHICS -DNO_NETWORK -DUNIX -pthread -ffp-contract=off -Wno-unused-parameter -Wno-sign-compare -Wno-unused-variable -Wno-deprecated-declarations -Wno-trigraphs -Wno-logical-op-parentheses -Wno-shift-op-parentheses -Wno-mismatched-tags -Wno-unused-const-variable -Wno-c++11-narrowing -fPIC  -falign-functions=64 -Wall -g -O2   -c melder/melder_trust.cpp -o melder/melder_trust.o
In file included from melder/melder_trust.cpp:19:
In file included from praat.github.io/sys/Interpreter.h:21:
In file included from praat.github.io/sys/Collection.h:25:
In file included from praat.github.io/sys/Simple.h:21:
In file included from praat.github.io/sys/Data.h:23:
In file included from praat.github.io/sys/Thing.h:24:
In file included from praat.github.io/melder/melder.h:76:
praat.github.io/melder/melder_tensor.h:64:1: warning: 'vector' defined as a struct template here but previously declared as a class template; this is valid, but may result in linker errors under the Microsoft C++ ABI [-Wmismatched-tags]
   64 | struct vector {
      | ^
praat.github.io/melder/melder_tensor.h:52:23: note: did you mean struct here?
   52 | template <typename T> class vector;
      |                       ^~~~~
      |                       struct
praat.github.io/melder/melder_tensor.h:104:1: warning: 'constvector' defined as a struct template here but previously declared as a class template; this is valid, but may result in linker errors under the Microsoft C++ ABI [-Wmismatched-tags]
  104 | struct constvector {
      | ^
praat.github.io/melder/melder_tensor.h:53:23: note: did you mean struct here?
   53 | template <typename T> class constvector;
      |                       ^~~~~
      |                       struct
praat.github.io/melder/melder_tensor.h:137:1: warning: 'vectorview' defined as a struct template here but previously declared as a class template; this is valid, but may result in linker errors under the Microsoft C++ ABI [-Wmismatched-tags]
  137 | struct vectorview {
      | ^
praat.github.io/melder/melder_tensor.h:54:23: note: did you mean struct here?
   54 | template <typename T> class vectorview;
      |                       ^~~~~
      |                       struct
praat.github.io/melder/melder_tensor.h:167:1: warning: 'constvectorview' defined as a struct template here but previously declared as a class template; this is valid, but may result in linker errors under the Microsoft C++ ABI [-Wmismatched-tags]
  167 | struct constvectorview {
      | ^
praat.github.io/melder/melder_tensor.h:55:23: note: did you mean struct here?
   55 | template <typename T> class constvectorview;
      |                       ^~~~~
      |                       struct
praat.github.io/melder/melder_tensor.h:207:1: warning: 'autovector' defined as a struct template here but previously declared as a class template; this is valid, but may result in linker errors under the Microsoft C++ ABI [-Wmismatched-tags]
  207 | struct autovector {
      | ^
praat.github.io/melder/melder_tensor.h:56:23: note: did you mean struct here?
   56 | template <typename T> class autovector;
      |                       ^~~~~
      |                       struct
praat.github.io/melder/melder_tensor.h:388:1: warning: 'matrix' defined as a struct template here but previously declared as a class template; this is valid, but may result in linker errors under the Microsoft C++ ABI [-Wmismatched-tags]
  388 | struct matrix {
      | ^
praat.github.io/melder/melder_tensor.h:57:23: note: did you mean struct here?
   57 | template <typename T> class matrix;
      |                       ^~~~~
      |                       struct
praat.github.io/melder/melder_tensor.h:461:1: warning: 'constmatrix' defined as a struct template here but previously declared as a class template; this is valid, but may result in linker errors under the Microsoft C++ ABI [-Wmismatched-tags]
  461 | struct constmatrix {
      | ^
praat.github.io/melder/melder_tensor.h:58:23: note: did you mean struct here?
   58 | template <typename T> class constmatrix;
      |                       ^~~~~
      |                       struct
praat.github.io/melder/melder_tensor.h:532:1: warning: 'matrixview' defined as a struct template here but previously declared as a class template; this is valid, but may result in linker errors under the Microsoft C++ ABI [-Wmismatched-tags]
  532 | struct matrixview {
      | ^
praat.github.io/melder/melder_tensor.h:59:23: note: did you mean struct here?
   59 | template <typename T> class matrixview;
      |                       ^~~~~
      |                       struct
praat.github.io/melder/melder_tensor.h:612:1: warning: 'constmatrixview' defined as a struct template here but previously declared as a class template; this is valid, but may result in linker errors under the Microsoft C++ ABI [-Wmismatched-tags]
  612 | struct constmatrixview {
      | ^
praat.github.io/melder/melder_tensor.h:60:23: note: did you mean struct here?
   60 | template <typename T> class constmatrixview;
      |                       ^~~~~
      |                       struct
praat.github.io/melder/melder_tensor.h:683:1: warning: 'automatrix' defined as a struct template here but previously declared as a class template; this is valid, but may result in linker errors under the Microsoft C++ ABI [-Wmismatched-tags]
  683 | struct automatrix {
      | ^
praat.github.io/melder/melder_tensor.h:61:23: note: did you mean struct here?
   61 | template <typename T> class automatrix;
      |                       ^~~~~
      |                       struct
praat.github.io/melder/melder_tensor.h:703:18: warning: unused variable 'numberOfColumnsInThisRow' [-Wunused-variable]
  703 |                         const integer numberOfColumnsInThisRow = uinteger_to_integer_a (row.size());
      |                                       ^~~~~~~~~~~~~~~~~~~~~~~~
In file included from melder/melder_trust.cpp:19:
In file included from praat.github.io/sys/Interpreter.h:21:
In file included from praat.github.io/sys/Collection.h:25:
In file included from praat.github.io/sys/Simple.h:21:
In file included from praat.github.io/sys/Data.h:23:
praat.github.io/sys/Thing.h:77:9: warning: struct 'structThing' was previously declared as a class; this is valid, but may result in linker errors under the Microsoft C++ ABI [-Wmismatched-tags]
   77 | typedef struct structThing *Thing;   // we need an explicit "struct" here, because this is a forward declaration
      |         ^
praat.github.io/melder/MelderArg.h:21:15: note: previous use is here
   21 | typedef class structThing *Thing;   // forward declaration
      |               ^
In file included from melder/melder_trust.cpp:19:
In file included from praat.github.io/sys/Interpreter.h:21:
In file included from praat.github.io/sys/Collection.h:25:
In file included from praat.github.io/sys/Simple.h:21:
In file included from praat.github.io/sys/Data.h:23:
praat.github.io/sys/Thing.h:78:9: warning: struct 'structThing' was previously declared as a class; this is valid, but may result in linker errors under the Microsoft C++ ABI [-Wmismatched-tags]
   78 | typedef struct structThing *mutableThing;
      |         ^
praat.github.io/melder/MelderArg.h:21:15: note: previous use is here
   21 | typedef class structThing *Thing;   // forward declaration
      |               ^
In file included from melder/melder_trust.cpp:19:
In file included from praat.github.io/sys/Interpreter.h:21:
In file included from praat.github.io/sys/Collection.h:25:
In file included from praat.github.io/sys/Simple.h:21:
In file included from praat.github.io/sys/Data.h:23:
praat.github.io/sys/Thing.h:79:15: warning: struct 'structThing' was previously declared as a class; this is valid, but may result in linker errors under the Microsoft C++ ABI [-Wmismatched-tags]
   79 | typedef const struct structThing *constThing;
      |               ^
praat.github.io/melder/MelderArg.h:21:15: note: previous use is here
   21 | typedef class structThing *Thing;   // forward declaration
      |               ^
In file included from melder/melder_trust.cpp:19:
In file included from praat.github.io/sys/Interpreter.h:21:
In file included from praat.github.io/sys/Collection.h:25:
In file included from praat.github.io/sys/Simple.h:21:
In file included from praat.github.io/sys/Data.h:23:
praat.github.io/sys/Thing.h:82:1: warning: 'structThing' defined as a struct here but previously declared as a class; this is valid, but may result in linker errors under the Microsoft C++ ABI [-Wmismatched-tags]
   82 | struct structThing {
      | ^
praat.github.io/melder/MelderArg.h:21:9: note: did you mean struct here?
   21 | typedef class structThing *Thing;   // forward declaration
      |         ^~~~~
      |         struct
15 warnings generated.
clang++ -arch arm64 -std=gnu++17 -I"/Library/Frameworks/R.framework/Resources/include" -DNDEBUG -I. -Ipraat.github.io -Ipraat.github.io/kar -Ipraat.github.io/melder -Ipraat.github.io/sys -Ipraat.github.io/dwsys -Ipraat.github.io/dwtools -Ipraat.github.io/stat -Ipraat.github.io/fon -Ipraat.github.io/foned -Ipraat.github.io/LPC -Ipraat.github.io/sensors -Ipraat.github.io/external/portaudio -Ipraat.github.io/external/flac -Ipraat.github.io/external/mp3 -Ipraat.github.io/external/espeak -Ipraat.github.io/external/gsl -Ipraat.github.io/external/glpk -I'/Library/Frameworks/R.framework/Versions/4.4-arm64/Resources/library/Rcpp/include' -I/opt/R/arm64/include -I/opt/homebrew/opt/libomp/include -Xclang -fopenmp   -DPRAAT_LIB -DNO_GUI -DNO_AUDIO -DNO_GRAPHICS -DNO_NETWORK -DUNIX -pthread -ffp-contract=off -Wno-unused-parameter -Wno-sign-compare -Wno-unused-variable -Wno-deprecated-declarations -Wno-trigraphs -Wno-logical-op-parentheses -Wno-shift-op-parentheses -Wno-mismatched-tags -Wno-unused-const-variable -Wno-c++11-narrowing -fPIC  -falign-functions=64 -Wall -g -O2   -c sys/Thing.cpp -o sys/Thing.o
In file included from sys/Thing.cpp:21:
In file included from praat.github.io/sys/Thing.h:24:
In file included from praat.github.io/melder/melder.h:76:
praat.github.io/melder/melder_tensor.h:64:1: warning: 'vector' defined as a struct template here but previously declared as a class template; this is valid, but may result in linker errors under the Microsoft C++ ABI [-Wmismatched-tags]
   64 | struct vector {
      | ^
praat.github.io/melder/melder_tensor.h:52:23: note: did you mean struct here?
   52 | template <typename T> class vector;
      |                       ^~~~~
      |                       struct
praat.github.io/melder/melder_tensor.h:104:1: warning: 'constvector' defined as a struct template here but previously declared as a class template; this is valid, but may result in linker errors under the Microsoft C++ ABI [-Wmismatched-tags]
  104 | struct constvector {
      | ^
praat.github.io/melder/melder_tensor.h:53:23: note: did you mean struct here?
   53 | template <typename T> class constvector;
      |                       ^~~~~
      |                       struct
praat.github.io/melder/melder_tensor.h:137:1: warning: 'vectorview' defined as a struct template here but previously declared as a class template; this is valid, but may result in linker errors under the Microsoft C++ ABI [-Wmismatched-tags]
  137 | struct vectorview {
      | ^
praat.github.io/melder/melder_tensor.h:54:23: note: did you mean struct here?
   54 | template <typename T> class vectorview;
      |                       ^~~~~
      |                       struct
praat.github.io/melder/melder_tensor.h:167:1: warning: 'constvectorview' defined as a struct template here but previously declared as a class template; this is valid, but may result in linker errors under the Microsoft C++ ABI [-Wmismatched-tags]
  167 | struct constvectorview {
      | ^
praat.github.io/melder/melder_tensor.h:55:23: note: did you mean struct here?
   55 | template <typename T> class constvectorview;
      |                       ^~~~~
      |                       struct
praat.github.io/melder/melder_tensor.h:207:1: warning: 'autovector' defined as a struct template here but previously declared as a class template; this is valid, but may result in linker errors under the Microsoft C++ ABI [-Wmismatched-tags]
  207 | struct autovector {
      | ^
praat.github.io/melder/melder_tensor.h:56:23: note: did you mean struct here?
   56 | template <typename T> class autovector;
      |                       ^~~~~
      |                       struct
praat.github.io/melder/melder_tensor.h:388:1: warning: 'matrix' defined as a struct template here but previously declared as a class template; this is valid, but may result in linker errors under the Microsoft C++ ABI [-Wmismatched-tags]
  388 | struct matrix {
      | ^
praat.github.io/melder/melder_tensor.h:57:23: note: did you mean struct here?
   57 | template <typename T> class matrix;
      |                       ^~~~~
      |                       struct
praat.github.io/melder/melder_tensor.h:461:1: warning: 'constmatrix' defined as a struct template here but previously declared as a class template; this is valid, but may result in linker errors under the Microsoft C++ ABI [-Wmismatched-tags]
  461 | struct constmatrix {
      | ^
praat.github.io/melder/melder_tensor.h:58:23: note: did you mean struct here?
   58 | template <typename T> class constmatrix;
      |                       ^~~~~
      |                       struct
praat.github.io/melder/melder_tensor.h:532:1: warning: 'matrixview' defined as a struct template here but previously declared as a class template; this is valid, but may result in linker errors under the Microsoft C++ ABI [-Wmismatched-tags]
  532 | struct matrixview {
      | ^
praat.github.io/melder/melder_tensor.h:59:23: note: did you mean struct here?
   59 | template <typename T> class matrixview;
      |                       ^~~~~
      |                       struct
praat.github.io/melder/melder_tensor.h:612:1: warning: 'constmatrixview' defined as a struct template here but previously declared as a class template; this is valid, but may result in linker errors under the Microsoft C++ ABI [-Wmismatched-tags]
  612 | struct constmatrixview {
      | ^
praat.github.io/melder/melder_tensor.h:60:23: note: did you mean struct here?
   60 | template <typename T> class constmatrixview;
      |                       ^~~~~
      |                       struct
praat.github.io/melder/melder_tensor.h:683:1: warning: 'automatrix' defined as a struct template here but previously declared as a class template; this is valid, but may result in linker errors under the Microsoft C++ ABI [-Wmismatched-tags]
  683 | struct automatrix {
      | ^
praat.github.io/melder/melder_tensor.h:61:23: note: did you mean struct here?
   61 | template <typename T> class automatrix;
      |                       ^~~~~
      |                       struct
praat.github.io/melder/melder_tensor.h:703:18: warning: unused variable 'numberOfColumnsInThisRow' [-Wunused-variable]
  703 |                         const integer numberOfColumnsInThisRow = uinteger_to_integer_a (row.size());
      |                                       ^~~~~~~~~~~~~~~~~~~~~~~~
In file included from sys/Thing.cpp:21:
praat.github.io/sys/Thing.h:77:9: warning: struct 'structThing' was previously declared as a class; this is valid, but may result in linker errors under the Microsoft C++ ABI [-Wmismatched-tags]
   77 | typedef struct structThing *Thing;   // we need an explicit "struct" here, because this is a forward declaration
      |         ^
praat.github.io/melder/MelderArg.h:21:15: note: previous use is here
   21 | typedef class structThing *Thing;   // forward declaration
      |               ^
In file included from sys/Thing.cpp:21:
praat.github.io/sys/Thing.h:78:9: warning: struct 'structThing' was previously declared as a class; this is valid, but may result in linker errors under the Microsoft C++ ABI [-Wmismatched-tags]
   78 | typedef struct structThing *mutableThing;
      |         ^
praat.github.io/melder/MelderArg.h:21:15: note: previous use is here
   21 | typedef class structThing *Thing;   // forward declaration
      |               ^
In file included from sys/Thing.cpp:21:
praat.github.io/sys/Thing.h:79:15: warning: struct 'structThing' was previously declared as a class; this is valid, but may result in linker errors under the Microsoft C++ ABI [-Wmismatched-tags]
   79 | typedef const struct structThing *constThing;
      |               ^
praat.github.io/melder/MelderArg.h:21:15: note: previous use is here
   21 | typedef class structThing *Thing;   // forward declaration
      |               ^
In file included from sys/Thing.cpp:21:
praat.github.io/sys/Thing.h:82:1: warning: 'structThing' defined as a struct here but previously declared as a class; this is valid, but may result in linker errors under the Microsoft C++ ABI [-Wmismatched-tags]
   82 | struct structThing {
      | ^
praat.github.io/melder/MelderArg.h:21:9: note: did you mean struct here?
   21 | typedef class structThing *Thing;   // forward declaration
      |         ^~~~~
      |         struct
sys/Thing.cpp:38:10: warning: class 'structThing' was previously declared as a struct; this is valid, but may result in linker errors under the Microsoft C++ ABI [-Wmismatched-tags]
   38 |         sizeof (class structThing),
      |                 ^
praat.github.io/sys/Thing.h:82:8: note: previous use is here
   82 | struct structThing {
      |        ^
sys/Thing.cpp:38:10: note: did you mean struct here?
   38 |         sizeof (class structThing),
      |                 ^~~~~
      |                 struct
16 warnings generated.
clang++ -arch arm64 -std=gnu++17 -I"/Library/Frameworks/R.framework/Resources/include" -DNDEBUG -I. -Ipraat.github.io -Ipraat.github.io/kar -Ipraat.github.io/melder -Ipraat.github.io/sys -Ipraat.github.io/dwsys -Ipraat.github.io/dwtools -Ipraat.github.io/stat -Ipraat.github.io/fon -Ipraat.github.io/foned -Ipraat.github.io/LPC -Ipraat.github.io/sensors -Ipraat.github.io/external/portaudio -Ipraat.github.io/external/flac -Ipraat.github.io/external/mp3 -Ipraat.github.io/external/espeak -Ipraat.github.io/external/gsl -Ipraat.github.io/external/glpk -I'/Library/Frameworks/R.framework/Versions/4.4-arm64/Resources/library/Rcpp/include' -I/opt/R/arm64/include -I/opt/homebrew/opt/libomp/include -Xclang -fopenmp   -DPRAAT_LIB -DNO_GUI -DNO_AUDIO -DNO_GRAPHICS -DNO_NETWORK -DUNIX -pthread -ffp-contract=off -Wno-unused-parameter -Wno-sign-compare -Wno-unused-variable -Wno-deprecated-declarations -Wno-trigraphs -Wno-logical-op-parentheses -Wno-shift-op-parentheses -Wno-mismatched-tags -Wno-unused-const-variable -Wno-c++11-narrowing -fPIC  -falign-functions=64 -Wall -g -O2   -c sys/Data.cpp -o sys/Data.o
In file included from sys/Data.cpp:19:
In file included from praat.github.io/sys/Collection.h:25:
In file included from praat.github.io/sys/Simple.h:21:
In file included from praat.github.io/sys/Data.h:23:
In file included from praat.github.io/sys/Thing.h:24:
In file included from praat.github.io/melder/melder.h:76:
praat.github.io/melder/melder_tensor.h:64:1: warning: 'vector' defined as a struct template here but previously declared as a class template; this is valid, but may result in linker errors under the Microsoft C++ ABI [-Wmismatched-tags]
   64 | struct vector {
      | ^
praat.github.io/melder/melder_tensor.h:52:23: note: did you mean struct here?
   52 | template <typename T> class vector;
      |                       ^~~~~
      |                       struct
praat.github.io/melder/melder_tensor.h:104:1: warning: 'constvector' defined as a struct template here but previously declared as a class template; this is valid, but may result in linker errors under the Microsoft C++ ABI [-Wmismatched-tags]
  104 | struct constvector {
      | ^
praat.github.io/melder/melder_tensor.h:53:23: note: did you mean struct here?
   53 | template <typename T> class constvector;
      |                       ^~~~~
      |                       struct
praat.github.io/melder/melder_tensor.h:137:1: warning: 'vectorview' defined as a struct template here but previously declared as a class template; this is valid, but may result in linker errors under the Microsoft C++ ABI [-Wmismatched-tags]
  137 | struct vectorview {
      | ^
praat.github.io/melder/melder_tensor.h:54:23: note: did you mean struct here?
   54 | template <typename T> class vectorview;
      |                       ^~~~~
      |                       struct
praat.github.io/melder/melder_tensor.h:167:1: warning: 'constvectorview' defined as a struct template here but previously declared as a class template; this is valid, but may result in linker errors under the Microsoft C++ ABI [-Wmismatched-tags]
  167 | struct constvectorview {
      | ^
praat.github.io/melder/melder_tensor.h:55:23: note: did you mean struct here?
   55 | template <typename T> class constvectorview;
      |                       ^~~~~
      |                       struct
praat.github.io/melder/melder_tensor.h:207:1: warning: 'autovector' defined as a struct template here but previously declared as a class template; this is valid, but may result in linker errors under the Microsoft C++ ABI [-Wmismatched-tags]
  207 | struct autovector {
      | ^
praat.github.io/melder/melder_tensor.h:56:23: note: did you mean struct here?
   56 | template <typename T> class autovector;
      |                       ^~~~~
      |                       struct
praat.github.io/melder/melder_tensor.h:388:1: warning: 'matrix' defined as a struct template here but previously declared as a class template; this is valid, but may result in linker errors under the Microsoft C++ ABI [-Wmismatched-tags]
  388 | struct matrix {
      | ^
praat.github.io/melder/melder_tensor.h:57:23: note: did you mean struct here?
   57 | template <typename T> class matrix;
      |                       ^~~~~
      |                       struct
praat.github.io/melder/melder_tensor.h:461:1: warning: 'constmatrix' defined as a struct template here but previously declared as a class template; this is valid, but may result in linker errors under the Microsoft C++ ABI [-Wmismatched-tags]
  461 | struct constmatrix {
      | ^
praat.github.io/melder/melder_tensor.h:58:23: note: did you mean struct here?
   58 | template <typename T> class constmatrix;
      |                       ^~~~~
      |                       struct
praat.github.io/melder/melder_tensor.h:532:1: warning: 'matrixview' defined as a struct template here but previously declared as a class template; this is valid, but may result in linker errors under the Microsoft C++ ABI [-Wmismatched-tags]
  532 | struct matrixview {
      | ^
praat.github.io/melder/melder_tensor.h:59:23: note: did you mean struct here?
   59 | template <typename T> class matrixview;
      |                       ^~~~~
      |                       struct
praat.github.io/melder/melder_tensor.h:612:1: warning: 'constmatrixview' defined as a struct template here but previously declared as a class template; this is valid, but may result in linker errors under the Microsoft C++ ABI [-Wmismatched-tags]
  612 | struct constmatrixview {
      | ^
praat.github.io/melder/melder_tensor.h:60:23: note: did you mean struct here?
   60 | template <typename T> class constmatrixview;
      |                       ^~~~~
      |                       struct
praat.github.io/melder/melder_tensor.h:683:1: warning: 'automatrix' defined as a struct template here but previously declared as a class template; this is valid, but may result in linker errors under the Microsoft C++ ABI [-Wmismatched-tags]
  683 | struct automatrix {
      | ^
praat.github.io/melder/melder_tensor.h:61:23: note: did you mean struct here?
   61 | template <typename T> class automatrix;
      |                       ^~~~~
      |                       struct
praat.github.io/melder/melder_tensor.h:703:18: warning: unused variable 'numberOfColumnsInThisRow' [-Wunused-variable]
  703 |                         const integer numberOfColumnsInThisRow = uinteger_to_integer_a (row.size());
      |                                       ^~~~~~~~~~~~~~~~~~~~~~~~
In file included from sys/Data.cpp:19:
In file included from praat.github.io/sys/Collection.h:25:
In file included from praat.github.io/sys/Simple.h:21:
In file included from praat.github.io/sys/Data.h:23:
praat.github.io/sys/Thing.h:77:9: warning: struct 'structThing' was previously declared as a class; this is valid, but may result in linker errors under the Microsoft C++ ABI [-Wmismatched-tags]
   77 | typedef struct structThing *Thing;   // we need an explicit "struct" here, because this is a forward declaration
      |         ^
praat.github.io/melder/MelderArg.h:21:15: note: previous use is here
   21 | typedef class structThing *Thing;   // forward declaration
      |               ^
In file included from sys/Data.cpp:19:
In file included from praat.github.io/sys/Collection.h:25:
In file included from praat.github.io/sys/Simple.h:21:
In file included from praat.github.io/sys/Data.h:23:
praat.github.io/sys/Thing.h:78:9: warning: struct 'structThing' was previously declared as a class; this is valid, but may result in linker errors under the Microsoft C++ ABI [-Wmismatched-tags]
   78 | typedef struct structThing *mutableThing;
      |         ^
praat.github.io/melder/MelderArg.h:21:15: note: previous use is here
   21 | typedef class structThing *Thing;   // forward declaration
      |               ^
In file included from sys/Data.cpp:19:
In file included from praat.github.io/sys/Collection.h:25:
In file included from praat.github.io/sys/Simple.h:21:
In file included from praat.github.io/sys/Data.h:23:
praat.github.io/sys/Thing.h:79:15: warning: struct 'structThing' was previously declared as a class; this is valid, but may result in linker errors under the Microsoft C++ ABI [-Wmismatched-tags]
   79 | typedef const struct structThing *constThing;
      |               ^
praat.github.io/melder/MelderArg.h:21:15: note: previous use is here
   21 | typedef class structThing *Thing;   // forward declaration
      |               ^
In file included from sys/Data.cpp:19:
In file included from praat.github.io/sys/Collection.h:25:
In file included from praat.github.io/sys/Simple.h:21:
In file included from praat.github.io/sys/Data.h:23:
praat.github.io/sys/Thing.h:82:1: warning: 'structThing' defined as a struct here but previously declared as a class; this is valid, but may result in linker errors under the Microsoft C++ ABI [-Wmismatched-tags]
   82 | struct structThing {
      | ^
praat.github.io/melder/MelderArg.h:21:9: note: did you mean struct here?
   21 | typedef class structThing *Thing;   // forward declaration
      |         ^~~~~
      |         struct
sys/Data.cpp:21:1: warning: class 'structDaata' was previously declared as a struct; this is valid, but may result in linker errors under the Microsoft C++ ABI [-Wmismatched-tags]
   21 | Thing_implement (Daata, Thing, 0);
      | ^
praat.github.io/sys/Thing.h:66:105: note: expanded from macro 'Thing_implement'
   66 |         struct structClassInfo theClassInfo_##klas = { U"" #klas, & theClassInfo_##semanticParentKlas, sizeof (class struct##klas), _##klas##_new, version, 0, nullptr}; \
      |                                                                                                                ^
praat.github.io/sys/Data.h:42:1: note: previous use is here
   42 | Thing_define (Daata, Thing) {
      | ^
praat.github.io/sys/Thing.h:62:9: note: expanded from macro 'Thing_define'
   62 |         struct struct##klas : public struct##syntacticParentKlas
      |                ^
<scratch space>:171:1: note: expanded from here
  171 | structDaata
      | ^
sys/Data.cpp:21:1: note: did you mean struct here?
   21 | Thing_implement (Daata, Thing, 0);
      | ^
praat.github.io/sys/Thing.h:66:105: note: expanded from macro 'Thing_implement'
   66 |         struct structClassInfo theClassInfo_##klas = { U"" #klas, & theClassInfo_##semanticParentKlas, sizeof (class struct##klas), _##klas##_new, version, 0, nullptr}; \
      |                                                                                                                ^
16 warnings generated.
clang++ -arch arm64 -std=gnu++17 -I"/Library/Frameworks/R.framework/Resources/include" -DNDEBUG -I. -Ipraat.github.io -Ipraat.github.io/kar -Ipraat.github.io/melder -Ipraat.github.io/sys -Ipraat.github.io/dwsys -Ipraat.github.io/dwtools -Ipraat.github.io/stat -Ipraat.github.io/fon -Ipraat.github.io/foned -Ipraat.github.io/LPC -Ipraat.github.io/sensors -Ipraat.github.io/external/portaudio -Ipraat.github.io/external/flac -Ipraat.github.io/external/mp3 -Ipraat.github.io/external/espeak -Ipraat.github.io/external/gsl -Ipraat.github.io/external/glpk -I'/Library/Frameworks/R.framework/Versions/4.4-arm64/Resources/library/Rcpp/include' -I/opt/R/arm64/include -I/opt/homebrew/opt/libomp/include -Xclang -fopenmp   -DPRAAT_LIB -DNO_GUI -DNO_AUDIO -DNO_GRAPHICS -DNO_NETWORK -DUNIX -pthread -ffp-contract=off -Wno-unused-parameter -Wno-sign-compare -Wno-unused-variable -Wno-deprecated-declarations -Wno-trigraphs -Wno-logical-op-parentheses -Wno-shift-op-parentheses -Wno-mismatched-tags -Wno-unused-const-variable -Wno-c++11-narrowing -fPIC  -falign-functions=64 -Wall -g -O2   -c sys/Simple.cpp -o sys/Simple.o
In file included from sys/Simple.cpp:19:
In file included from praat.github.io/sys/Simple.h:21:
In file included from praat.github.io/sys/Data.h:23:
In file included from praat.github.io/sys/Thing.h:24:
In file included from praat.github.io/melder/melder.h:76:
praat.github.io/melder/melder_tensor.h:64:1: warning: 'vector' defined as a struct template here but previously declared as a class template; this is valid, but may result in linker errors under the Microsoft C++ ABI [-Wmismatched-tags]
   64 | struct vector {
      | ^
praat.github.io/melder/melder_tensor.h:52:23: note: did you mean struct here?
   52 | template <typename T> class vector;
      |                       ^~~~~
      |                       struct
praat.github.io/melder/melder_tensor.h:104:1: warning: 'constvector' defined as a struct template here but previously declared as a class template; this is valid, but may result in linker errors under the Microsoft C++ ABI [-Wmismatched-tags]
  104 | struct constvector {
      | ^
praat.github.io/melder/melder_tensor.h:53:23: note: did you mean struct here?
   53 | template <typename T> class constvector;
      |                       ^~~~~
      |                       struct
praat.github.io/melder/melder_tensor.h:137:1: warning: 'vectorview' defined as a struct template here but previously declared as a class template; this is valid, but may result in linker errors under the Microsoft C++ ABI [-Wmismatched-tags]
  137 | struct vectorview {
      | ^
praat.github.io/melder/melder_tensor.h:54:23: note: did you mean struct here?
   54 | template <typename T> class vectorview;
      |                       ^~~~~
      |                       struct
praat.github.io/melder/melder_tensor.h:167:1: warning: 'constvectorview' defined as a struct template here but previously declared as a class template; this is valid, but may result in linker errors under the Microsoft C++ ABI [-Wmismatched-tags]
  167 | struct constvectorview {
      | ^
praat.github.io/melder/melder_tensor.h:55:23: note: did you mean struct here?
   55 | template <typename T> class constvectorview;
      |                       ^~~~~
      |                       struct
praat.github.io/melder/melder_tensor.h:207:1: warning: 'autovector' defined as a struct template here but previously declared as a class template; this is valid, but may result in linker errors under the Microsoft C++ ABI [-Wmismatched-tags]
  207 | struct autovector {
      | ^
praat.github.io/melder/melder_tensor.h:56:23: note: did you mean struct here?
   56 | template <typename T> class autovector;
      |                       ^~~~~
      |                       struct
praat.github.io/melder/melder_tensor.h:388:1: warning: 'matrix' defined as a struct template here but previously declared as a class template; this is valid, but may result in linker errors under the Microsoft C++ ABI [-Wmismatched-tags]
  388 | struct matrix {
      | ^
praat.github.io/melder/melder_tensor.h:57:23: note: did you mean struct here?
   57 | template <typename T> class matrix;
      |                       ^~~~~
      |                       struct
praat.github.io/melder/melder_tensor.h:461:1: warning: 'constmatrix' defined as a struct template here but previously declared as a class template; this is valid, but may result in linker errors under the Microsoft C++ ABI [-Wmismatched-tags]
  461 | struct constmatrix {
      | ^
praat.github.io/melder/melder_tensor.h:58:23: note: did you mean struct here?
   58 | template <typename T> class constmatrix;
      |                       ^~~~~
      |                       struct
praat.github.io/melder/melder_tensor.h:532:1: warning: 'matrixview' defined as a struct template here but previously declared as a class template; this is valid, but may result in linker errors under the Microsoft C++ ABI [-Wmismatched-tags]
  532 | struct matrixview {
      | ^
praat.github.io/melder/melder_tensor.h:59:23: note: did you mean struct here?
   59 | template <typename T> class matrixview;
      |                       ^~~~~
      |                       struct
praat.github.io/melder/melder_tensor.h:612:1: warning: 'constmatrixview' defined as a struct template here but previously declared as a class template; this is valid, but may result in linker errors under the Microsoft C++ ABI [-Wmismatched-tags]
  612 | struct constmatrixview {
      | ^
praat.github.io/melder/melder_tensor.h:60:23: note: did you mean struct here?
   60 | template <typename T> class constmatrixview;
      |                       ^~~~~
      |                       struct
praat.github.io/melder/melder_tensor.h:683:1: warning: 'automatrix' defined as a struct template here but previously declared as a class template; this is valid, but may result in linker errors under the Microsoft C++ ABI [-Wmismatched-tags]
  683 | struct automatrix {
      | ^
praat.github.io/melder/melder_tensor.h:61:23: note: did you mean struct here?
   61 | template <typename T> class automatrix;
      |                       ^~~~~
      |                       struct
praat.github.io/melder/melder_tensor.h:703:18: warning: unused variable 'numberOfColumnsInThisRow' [-Wunused-variable]
  703 |                         const integer numberOfColumnsInThisRow = uinteger_to_integer_a (row.size());
      |                                       ^~~~~~~~~~~~~~~~~~~~~~~~
In file included from sys/Simple.cpp:19:
In file included from praat.github.io/sys/Simple.h:21:
In file included from praat.github.io/sys/Data.h:23:
praat.github.io/sys/Thing.h:77:9: warning: struct 'structThing' was previously declared as a class; this is valid, but may result in linker errors under the Microsoft C++ ABI [-Wmismatched-tags]
   77 | typedef struct structThing *Thing;   // we need an explicit "struct" here, because this is a forward declaration
      |         ^
praat.github.io/melder/MelderArg.h:21:15: note: previous use is here
   21 | typedef class structThing *Thing;   // forward declaration
      |               ^
In file included from sys/Simple.cpp:19:
In file included from praat.github.io/sys/Simple.h:21:
In file included from praat.github.io/sys/Data.h:23:
praat.github.io/sys/Thing.h:78:9: warning: struct 'structThing' was previously declared as a class; this is valid, but may result in linker errors under the Microsoft C++ ABI [-Wmismatched-tags]
   78 | typedef struct structThing *mutableThing;
      |         ^
praat.github.io/melder/MelderArg.h:21:15: note: previous use is here
   21 | typedef class structThing *Thing;   // forward declaration
      |               ^
In file included from sys/Simple.cpp:19:
In file included from praat.github.io/sys/Simple.h:21:
In file included from praat.github.io/sys/Data.h:23:
praat.github.io/sys/Thing.h:79:15: warning: struct 'structThing' was previously declared as a class; this is valid, but may result in linker errors under the Microsoft C++ ABI [-Wmismatched-tags]
   79 | typedef const struct structThing *constThing;
      |               ^
praat.github.io/melder/MelderArg.h:21:15: note: previous use is here
   21 | typedef class structThing *Thing;   // forward declaration
      |               ^
In file included from sys/Simple.cpp:19:
In file included from praat.github.io/sys/Simple.h:21:
In file included from praat.github.io/sys/Data.h:23:
praat.github.io/sys/Thing.h:82:1: warning: 'structThing' defined as a struct here but previously declared as a class; this is valid, but may result in linker errors under the Microsoft C++ ABI [-Wmismatched-tags]
   82 | struct structThing {
      | ^
praat.github.io/melder/MelderArg.h:21:9: note: did you mean struct here?
   21 | typedef class structThing *Thing;   // forward declaration
      |         ^~~~~
      |         struct
In file included from sys/Simple.cpp:38:
praat.github.io/sys/Simple_def.h:20:1: warning: class 'structSimpleInteger' was previously declared as a struct; this is valid, but may result in linker errors under the Microsoft C++ ABI [-Wmismatched-tags]
   20 | oo_DEFINE_CLASS (SimpleInteger, Daata)
      | ^
praat.github.io/sys/oo_DESCRIPTION.h:158:39: note: expanded from macro 'oo_DEFINE_CLASS'
  158 |                 { U"" #Class, inheritwa, 0, sizeof (class struct##Class), U"" #Class, & theClassInfo_##Parent, 0, nullptr, nullptr, nullptr, nullptr },
      |                                                     ^
praat.github.io/sys/Simple_def.h:20:1: note: previous use is here
   20 | oo_DEFINE_CLASS (SimpleInteger, Daata)
      | ^
praat.github.io/sys/oo.h:183:9: note: expanded from macro 'oo_DEFINE_CLASS'
  183 |         struct struct##klas : public struct##parent {
      |                ^
<scratch space>:8:1: note: expanded from here
    8 | structSimpleInteger
      | ^
praat.github.io/sys/Simple_def.h:20:1: note: did you mean struct here?
   20 | oo_DEFINE_CLASS (SimpleInteger, Daata)
      | ^
praat.github.io/sys/oo_DESCRIPTION.h:158:39: note: expanded from macro 'oo_DEFINE_CLASS'
  158 |                 { U"" #Class, inheritwa, 0, sizeof (class struct##Class), U"" #Class, & theClassInfo_##Parent, 0, nullptr, nullptr, nullptr, nullptr },
      |                                                     ^
In file included from sys/Simple.cpp:38:
praat.github.io/sys/Simple_def.h:26:1: warning: class 'structSimpleDouble' was previously declared as a struct; this is valid, but may result in linker errors under the Microsoft C++ ABI [-Wmismatched-tags]
   26 | oo_DEFINE_CLASS (SimpleDouble, Daata)
      | ^
praat.github.io/sys/oo_DESCRIPTION.h:158:39: note: expanded from macro 'oo_DEFINE_CLASS'
  158 |                 { U"" #Class, inheritwa, 0, sizeof (class struct##Class), U"" #Class, & theClassInfo_##Parent, 0, nullptr, nullptr, nullptr, nullptr },
      |                                                     ^
praat.github.io/sys/Simple_def.h:26:1: note: previous use is here
   26 | oo_DEFINE_CLASS (SimpleDouble, Daata)
      | ^
praat.github.io/sys/oo.h:183:9: note: expanded from macro 'oo_DEFINE_CLASS'
  183 |         struct struct##klas : public struct##parent {
      |                ^
<scratch space>:21:1: note: expanded from here
   21 | structSimpleDouble
      | ^
praat.github.io/sys/Simple_def.h:26:1: note: did you mean struct here?
   26 | oo_DEFINE_CLASS (SimpleDouble, Daata)
      | ^
praat.github.io/sys/oo_DESCRIPTION.h:158:39: note: expanded from macro 'oo_DEFINE_CLASS'
  158 |                 { U"" #Class, inheritwa, 0, sizeof (class struct##Class), U"" #Class, & theClassInfo_##Parent, 0, nullptr, nullptr, nullptr, nullptr },
      |                                                     ^
In file included from sys/Simple.cpp:38:
praat.github.io/sys/Simple_def.h:32:1: warning: class 'structSimpleString' was previously declared as a struct; this is valid, but may result in linker errors under the Microsoft C++ ABI [-Wmismatched-tags]
   32 | oo_DEFINE_CLASS (SimpleString, Daata)
      | ^
praat.github.io/sys/oo_DESCRIPTION.h:158:39: note: expanded from macro 'oo_DEFINE_CLASS'
  158 |                 { U"" #Class, inheritwa, 0, sizeof (class struct##Class), U"" #Class, & theClassInfo_##Parent, 0, nullptr, nullptr, nullptr, nullptr },
      |                                                     ^
praat.github.io/sys/Simple_def.h:32:1: note: previous use is here
   32 | oo_DEFINE_CLASS (SimpleString, Daata)
      | ^
praat.github.io/sys/oo.h:183:9: note: expanded from macro 'oo_DEFINE_CLASS'
  183 |         struct struct##klas : public struct##parent {
      |                ^
<scratch space>:34:1: note: expanded from here
   34 | structSimpleString
      | ^
praat.github.io/sys/Simple_def.h:32:1: note: did you mean struct here?
   32 | oo_DEFINE_CLASS (SimpleString, Daata)
      | ^
praat.github.io/sys/oo_DESCRIPTION.h:158:39: note: expanded from macro 'oo_DEFINE_CLASS'
  158 |                 { U"" #Class, inheritwa, 0, sizeof (class struct##Class), U"" #Class, & theClassInfo_##Parent, 0, nullptr, nullptr, nullptr, nullptr },
      |                                                     ^
sys/Simple.cpp:40:1: warning: class 'structSimpleInteger' was previously declared as a struct; this is valid, but may result in linker errors under the Microsoft C++ ABI [-Wmismatched-tags]
   40 | Thing_implement (SimpleInteger, Daata, 0);
      | ^
praat.github.io/sys/Thing.h:66:105: note: expanded from macro 'Thing_implement'
   66 |         struct structClassInfo theClassInfo_##klas = { U"" #klas, & theClassInfo_##semanticParentKlas, sizeof (class struct##klas), _##klas##_new, version, 0, nullptr}; \
      |                                                                                                                ^
praat.github.io/sys/Simple_def.h:20:1: note: previous use is here
   20 | oo_DEFINE_CLASS (SimpleInteger, Daata)
      | ^
praat.github.io/sys/oo.h:183:9: note: expanded from macro 'oo_DEFINE_CLASS'
  183 |         struct struct##klas : public struct##parent {
      |                ^
<scratch space>:8:1: note: expanded from here
    8 | structSimpleInteger
      | ^
sys/Simple.cpp:40:1: note: did you mean struct here?
   40 | Thing_implement (SimpleInteger, Daata, 0);
      | ^
praat.github.io/sys/Thing.h:66:105: note: expanded from macro 'Thing_implement'
   66 |         struct structClassInfo theClassInfo_##klas = { U"" #klas, & theClassInfo_##semanticParentKlas, sizeof (class struct##klas), _##klas##_new, version, 0, nullptr}; \
      |                                                                                                                ^
sys/Simple.cpp:48:1: warning: class 'structSimpleDouble' was previously declared as a struct; this is valid, but may result in linker errors under the Microsoft C++ ABI [-Wmismatched-tags]
   48 | Thing_implement (SimpleDouble, Daata, 0);
      | ^
praat.github.io/sys/Thing.h:66:105: note: expanded from macro 'Thing_implement'
   66 |         struct structClassInfo theClassInfo_##klas = { U"" #klas, & theClassInfo_##semanticParentKlas, sizeof (class struct##klas), _##klas##_new, version, 0, nullptr}; \
      |                                                                                                                ^
praat.github.io/sys/Simple_def.h:26:1: note: previous use is here
   26 | oo_DEFINE_CLASS (SimpleDouble, Daata)
      | ^
praat.github.io/sys/oo.h:183:9: note: expanded from macro 'oo_DEFINE_CLASS'
  183 |         struct struct##klas : public struct##parent {
      |                ^
<scratch space>:21:1: note: expanded from here
   21 | structSimpleDouble
      | ^
sys/Simple.cpp:48:1: note: did you mean struct here?
   48 | Thing_implement (SimpleDouble, Daata, 0);
      | ^
praat.github.io/sys/Thing.h:66:105: note: expanded from macro 'Thing_implement'
   66 |         struct structClassInfo theClassInfo_##klas = { U"" #klas, & theClassInfo_##semanticParentKlas, sizeof (class struct##klas), _##klas##_new, version, 0, nullptr}; \
      |                                                                                                                ^
sys/Simple.cpp:56:1: warning: class 'structSimpleString' was previously declared as a struct; this is valid, but may result in linker errors under the Microsoft C++ ABI [-Wmismatched-tags]
   56 | Thing_implement (SimpleString, Daata, 0);
      | ^
praat.github.io/sys/Thing.h:66:105: note: expanded from macro 'Thing_implement'
   66 |         struct structClassInfo theClassInfo_##klas = { U"" #klas, & theClassInfo_##semanticParentKlas, sizeof (class struct##klas), _##klas##_new, version, 0, nullptr}; \
      |                                                                                                                ^
praat.github.io/sys/Simple_def.h:32:1: note: previous use is here
   32 | oo_DEFINE_CLASS (SimpleString, Daata)
      | ^
praat.github.io/sys/oo.h:183:9: note: expanded from macro 'oo_DEFINE_CLASS'
  183 |         struct struct##klas : public struct##parent {
      |                ^
<scratch space>:34:1: note: expanded from here
   34 | structSimpleString
      | ^
sys/Simple.cpp:56:1: note: did you mean struct here?
   56 | Thing_implement (SimpleString, Daata, 0);
      | ^
praat.github.io/sys/Thing.h:66:105: note: expanded from macro 'Thing_implement'
   66 |         struct structClassInfo theClassInfo_##klas = { U"" #klas, & theClassInfo_##semanticParentKlas, sizeof (class struct##klas), _##klas##_new, version, 0, nullptr}; \
      |                                                                                                                ^
21 warnings generated.
clang++ -arch arm64 -std=gnu++17 -I"/Library/Frameworks/R.framework/Resources/include" -DNDEBUG -I. -Ipraat.github.io -Ipraat.github.io/kar -Ipraat.github.io/melder -Ipraat.github.io/sys -Ipraat.github.io/dwsys -Ipraat.github.io/dwtools -Ipraat.github.io/stat -Ipraat.github.io/fon -Ipraat.github.io/foned -Ipraat.github.io/LPC -Ipraat.github.io/sensors -Ipraat.github.io/external/portaudio -Ipraat.github.io/external/flac -Ipraat.github.io/external/mp3 -Ipraat.github.io/external/espeak -Ipraat.github.io/external/gsl -Ipraat.github.io/external/glpk -I'/Library/Frameworks/R.framework/Versions/4.4-arm64/Resources/library/Rcpp/include' -I/opt/R/arm64/include -I/opt/homebrew/opt/libomp/include -Xclang -fopenmp   -DPRAAT_LIB -DNO_GUI -DNO_AUDIO -DNO_GRAPHICS -DNO_NETWORK -DUNIX -pthread -ffp-contract=off -Wno-unused-parameter -Wno-sign-compare -Wno-unused-variable -Wno-deprecated-declarations -Wno-trigraphs -Wno-logical-op-parentheses -Wno-shift-op-parentheses -Wno-mismatched-tags -Wno-unused-const-variable -Wno-c++11-narrowing -fPIC  -falign-functions=64 -Wall -g -O2   -c sys/Collection.cpp -o sys/Collection.o
In file included from sys/Collection.cpp:19:
In file included from praat.github.io/sys/Collection.h:25:
In file included from praat.github.io/sys/Simple.h:21:
In file included from praat.github.io/sys/Data.h:23:
In file included from praat.github.io/sys/Thing.h:24:
In file included from praat.github.io/melder/melder.h:76:
praat.github.io/melder/melder_tensor.h:64:1: warning: 'vector' defined as a struct template here but previously declared as a class template; this is valid, but may result in linker errors under the Microsoft C++ ABI [-Wmismatched-tags]
   64 | struct vector {
      | ^
praat.github.io/melder/melder_tensor.h:52:23: note: did you mean struct here?
   52 | template <typename T> class vector;
      |                       ^~~~~
      |                       struct
praat.github.io/melder/melder_tensor.h:104:1: warning: 'constvector' defined as a struct template here but previously declared as a class template; this is valid, but may result in linker errors under the Microsoft C++ ABI [-Wmismatched-tags]
  104 | struct constvector {
      | ^
praat.github.io/melder/melder_tensor.h:53:23: note: did you mean struct here?
   53 | template <typename T> class constvector;
      |                       ^~~~~
      |                       struct
praat.github.io/melder/melder_tensor.h:137:1: warning: 'vectorview' defined as a struct template here but previously declared as a class template; this is valid, but may result in linker errors under the Microsoft C++ ABI [-Wmismatched-tags]
  137 | struct vectorview {
      | ^
praat.github.io/melder/melder_tensor.h:54:23: note: did you mean struct here?
   54 | template <typename T> class vectorview;
      |                       ^~~~~
      |                       struct
praat.github.io/melder/melder_tensor.h:167:1: warning: 'constvectorview' defined as a struct template here but previously declared as a class template; this is valid, but may result in linker errors under the Microsoft C++ ABI [-Wmismatched-tags]
  167 | struct constvectorview {
      | ^
praat.github.io/melder/melder_tensor.h:55:23: note: did you mean struct here?
   55 | template <typename T> class constvectorview;
      |                       ^~~~~
      |                       struct
praat.github.io/melder/melder_tensor.h:207:1: warning: 'autovector' defined as a struct template here but previously declared as a class template; this is valid, but may result in linker errors under the Microsoft C++ ABI [-Wmismatched-tags]
  207 | struct autovector {
      | ^
praat.github.io/melder/melder_tensor.h:56:23: note: did you mean struct here?
   56 | template <typename T> class autovector;
      |                       ^~~~~
      |                       struct
praat.github.io/melder/melder_tensor.h:388:1: warning: 'matrix' defined as a struct template here but previously declared as a class template; this is valid, but may result in linker errors under the Microsoft C++ ABI [-Wmismatched-tags]
  388 | struct matrix {
      | ^
praat.github.io/melder/melder_tensor.h:57:23: note: did you mean struct here?
   57 | template <typename T> class matrix;
      |                       ^~~~~
      |                       struct
praat.github.io/melder/melder_tensor.h:461:1: warning: 'constmatrix' defined as a struct template here but previously declared as a class template; this is valid, but may result in linker errors under the Microsoft C++ ABI [-Wmismatched-tags]
  461 | struct constmatrix {
      | ^
praat.github.io/melder/melder_tensor.h:58:23: note: did you mean struct here?
   58 | template <typename T> class constmatrix;
      |                       ^~~~~
      |                       struct
praat.github.io/melder/melder_tensor.h:532:1: warning: 'matrixview' defined as a struct template here but previously declared as a class template; this is valid, but may result in linker errors under the Microsoft C++ ABI [-Wmismatched-tags]
  532 | struct matrixview {
      | ^
praat.github.io/melder/melder_tensor.h:59:23: note: did you mean struct here?
   59 | template <typename T> class matrixview;
      |                       ^~~~~
      |                       struct
praat.github.io/melder/melder_tensor.h:612:1: warning: 'constmatrixview' defined as a struct template here but previously declared as a class template; this is valid, but may result in linker errors under the Microsoft C++ ABI [-Wmismatched-tags]
  612 | struct constmatrixview {
      | ^
praat.github.io/melder/melder_tensor.h:60:23: note: did you mean struct here?
   60 | template <typename T> class constmatrixview;
      |                       ^~~~~
      |                       struct
praat.github.io/melder/melder_tensor.h:683:1: warning: 'automatrix' defined as a struct template here but previously declared as a class template; this is valid, but may result in linker errors under the Microsoft C++ ABI [-Wmismatched-tags]
  683 | struct automatrix {
      | ^
praat.github.io/melder/melder_tensor.h:61:23: note: did you mean struct here?
   61 | template <typename T> class automatrix;
      |                       ^~~~~
      |                       struct
praat.github.io/melder/melder_tensor.h:703:18: warning: unused variable 'numberOfColumnsInThisRow' [-Wunused-variable]
  703 |                         const integer numberOfColumnsInThisRow = uinteger_to_integer_a (row.size());
      |                                       ^~~~~~~~~~~~~~~~~~~~~~~~
In file included from sys/Collection.cpp:19:
In file included from praat.github.io/sys/Collection.h:25:
In file included from praat.github.io/sys/Simple.h:21:
In file included from praat.github.io/sys/Data.h:23:
praat.github.io/sys/Thing.h:77:9: warning: struct 'structThing' was previously declared as a class; this is valid, but may result in linker errors under the Microsoft C++ ABI [-Wmismatched-tags]
   77 | typedef struct structThing *Thing;   // we need an explicit "struct" here, because this is a forward declaration
      |         ^
praat.github.io/melder/MelderArg.h:21:15: note: previous use is here
   21 | typedef class structThing *Thing;   // forward declaration
      |               ^
In file included from sys/Collection.cpp:19:
In file included from praat.github.io/sys/Collection.h:25:
In file included from praat.github.io/sys/Simple.h:21:
In file included from praat.github.io/sys/Data.h:23:
praat.github.io/sys/Thing.h:78:9: warning: struct 'structThing' was previously declared as a class; this is valid, but may result in linker errors under the Microsoft C++ ABI [-Wmismatched-tags]
   78 | typedef struct structThing *mutableThing;
      |         ^
praat.github.io/melder/MelderArg.h:21:15: note: previous use is here
   21 | typedef class structThing *Thing;   // forward declaration
      |               ^
In file included from sys/Collection.cpp:19:
In file included from praat.github.io/sys/Collection.h:25:
In file included from praat.github.io/sys/Simple.h:21:
In file included from praat.github.io/sys/Data.h:23:
praat.github.io/sys/Thing.h:79:15: warning: struct 'structThing' was previously declared as a class; this is valid, but may result in linker errors under the Microsoft C++ ABI [-Wmismatched-tags]
   79 | typedef const struct structThing *constThing;
      |               ^
praat.github.io/melder/MelderArg.h:21:15: note: previous use is here
   21 | typedef class structThing *Thing;   // forward declaration
      |               ^
In file included from sys/Collection.cpp:19:
In file included from praat.github.io/sys/Collection.h:25:
In file included from praat.github.io/sys/Simple.h:21:
In file included from praat.github.io/sys/Data.h:23:
praat.github.io/sys/Thing.h:82:1: warning: 'structThing' defined as a struct here but previously declared as a class; this is valid, but may result in linker errors under the Microsoft C++ ABI [-Wmismatched-tags]
   82 | struct structThing {
      | ^
praat.github.io/melder/MelderArg.h:21:9: note: did you mean struct here?
   21 | typedef class structThing *Thing;   // forward declaration
      |         ^~~~~
      |         struct
sys/Collection.cpp:232:1: warning: class 'structStringList' was previously declared as a struct; this is valid, but may result in linker errors under the Microsoft C++ ABI [-Wmismatched-tags]
  232 | Thing_implement (StringList, Ordered, 0);
      | ^
praat.github.io/sys/Thing.h:66:105: note: expanded from macro 'Thing_implement'
   66 |         struct structClassInfo theClassInfo_##klas = { U"" #klas, & theClassInfo_##semanticParentKlas, sizeof (class struct##klas), _##klas##_new, version, 0, nullptr}; \
      |                                                                                                                ^
praat.github.io/sys/Collection.h:798:1: note: previous use is here
  798 | Collection_define (StringList, OrderedOf, /* final */ SimpleString) {
      | ^
praat.github.io/sys/Collection.h:789:9: note: expanded from macro 'Collection_define'
  789 |         struct struct##klas : genericClass<struct##itemClass>
      |                ^
<scratch space>:124:1: note: expanded from here
  124 | structStringList
      | ^
sys/Collection.cpp:232:1: note: did you mean struct here?
  232 | Thing_implement (StringList, Ordered, 0);
      | ^
praat.github.io/sys/Thing.h:66:105: note: expanded from macro 'Thing_implement'
   66 |         struct structClassInfo theClassInfo_##klas = { U"" #klas, & theClassInfo_##semanticParentKlas, sizeof (class struct##klas), _##klas##_new, version, 0, nullptr}; \
      |                                                                                                                ^
sys/Collection.cpp:233:1: warning: class 'structStringSet' was previously declared as a struct; this is valid, but may result in linker errors under the Microsoft C++ ABI [-Wmismatched-tags]
  233 | Thing_implement (StringSet, SortedSet, 0);
      | ^
praat.github.io/sys/Thing.h:66:105: note: expanded from macro 'Thing_implement'
   66 |         struct structClassInfo theClassInfo_##klas = { U"" #klas, & theClassInfo_##semanticParentKlas, sizeof (class struct##klas), _##klas##_new, version, 0, nullptr}; \
      |                                                                                                                ^
praat.github.io/sys/Collection.h:803:1: note: previous use is here
  803 | Collection_define (StringSet, SortedSetOfStringOf, /* final */ SimpleString) {
      | ^
praat.github.io/sys/Collection.h:789:9: note: expanded from macro 'Collection_define'
  789 |         struct struct##klas : genericClass<struct##itemClass>
      |                ^
<scratch space>:139:1: note: expanded from here
  139 | structStringSet
      | ^
sys/Collection.cpp:233:1: note: did you mean struct here?
  233 | Thing_implement (StringSet, SortedSet, 0);
      | ^
praat.github.io/sys/Thing.h:66:105: note: expanded from macro 'Thing_implement'
   66 |         struct structClassInfo theClassInfo_##klas = { U"" #klas, & theClassInfo_##semanticParentKlas, sizeof (class struct##klas), _##klas##_new, version, 0, nullptr}; \
      |                                                                                                                ^
17 warnings generated.
clang++ -arch arm64 -std=gnu++17 -I"/Library/Frameworks/R.framework/Resources/include" -DNDEBUG -I. -Ipraat.github.io -Ipraat.github.io/kar -Ipraat.github.io/melder -Ipraat.github.io/sys -Ipraat.github.io/dwsys -Ipraat.github.io/dwtools -Ipraat.github.io/stat -Ipraat.github.io/fon -Ipraat.github.io/foned -Ipraat.github.io/LPC -Ipraat.github.io/sensors -Ipraat.github.io/external/portaudio -Ipraat.github.io/external/flac -Ipraat.github.io/external/mp3 -Ipraat.github.io/external/espeak -Ipraat.github.io/external/gsl -Ipraat.github.io/external/glpk -I'/Library/Frameworks/R.framework/Versions/4.4-arm64/Resources/library/Rcpp/include' -I/opt/R/arm64/include -I/opt/homebrew/opt/libomp/include -Xclang -fopenmp   -DPRAAT_LIB -DNO_GUI -DNO_AUDIO -DNO_GRAPHICS -DNO_NETWORK -DUNIX -pthread -ffp-contract=off -Wno-unused-parameter -Wno-sign-compare -Wno-unused-variable -Wno-deprecated-declarations -Wno-trigraphs -Wno-logical-op-parentheses -Wno-shift-op-parentheses -Wno-mismatched-tags -Wno-unused-const-variable -Wno-c++11-narrowing -fPIC  -falign-functions=64 -Wall -g -O2   -c sys/Strings.cpp -o sys/Strings.o
In file included from sys/Strings.cpp:19:
In file included from praat.github.io/sys/Strings_.h:21:
In file included from praat.github.io/sys/Data.h:23:
In file included from praat.github.io/sys/Thing.h:24:
In file included from praat.github.io/melder/melder.h:76:
praat.github.io/melder/melder_tensor.h:64:1: warning: 'vector' defined as a struct template here but previously declared as a class template; this is valid, but may result in linker errors under the Microsoft C++ ABI [-Wmismatched-tags]
   64 | struct vector {
      | ^
praat.github.io/melder/melder_tensor.h:52:23: note: did you mean struct here?
   52 | template <typename T> class vector;
      |                       ^~~~~
      |                       struct
praat.github.io/melder/melder_tensor.h:104:1: warning: 'constvector' defined as a struct template here but previously declared as a class template; this is valid, but may result in linker errors under the Microsoft C++ ABI [-Wmismatched-tags]
  104 | struct constvector {
      | ^
praat.github.io/melder/melder_tensor.h:53:23: note: did you mean struct here?
   53 | template <typename T> class constvector;
      |                       ^~~~~
      |                       struct
praat.github.io/melder/melder_tensor.h:137:1: warning: 'vectorview' defined as a struct template here but previously declared as a class template; this is valid, but may result in linker errors under the Microsoft C++ ABI [-Wmismatched-tags]
  137 | struct vectorview {
      | ^
praat.github.io/melder/melder_tensor.h:54:23: note: did you mean struct here?
   54 | template <typename T> class vectorview;
      |                       ^~~~~
      |                       struct
praat.github.io/melder/melder_tensor.h:167:1: warning: 'constvectorview' defined as a struct template here but previously declared as a class template; this is valid, but may result in linker errors under the Microsoft C++ ABI [-Wmismatched-tags]
  167 | struct constvectorview {
      | ^
praat.github.io/melder/melder_tensor.h:55:23: note: did you mean struct here?
   55 | template <typename T> class constvectorview;
      |                       ^~~~~
      |                       struct
praat.github.io/melder/melder_tensor.h:207:1: warning: 'autovector' defined as a struct template here but previously declared as a class template; this is valid, but may result in linker errors under the Microsoft C++ ABI [-Wmismatched-tags]
  207 | struct autovector {
      | ^
praat.github.io/melder/melder_tensor.h:56:23: note: did you mean struct here?
   56 | template <typename T> class autovector;
      |                       ^~~~~
      |                       struct
praat.github.io/melder/melder_tensor.h:388:1: warning: 'matrix' defined as a struct template here but previously declared as a class template; this is valid, but may result in linker errors under the Microsoft C++ ABI [-Wmismatched-tags]
  388 | struct matrix {
      | ^
praat.github.io/melder/melder_tensor.h:57:23: note: did you mean struct here?
   57 | template <typename T> class matrix;
      |                       ^~~~~
      |                       struct
praat.github.io/melder/melder_tensor.h:461:1: warning: 'constmatrix' defined as a struct template here but previously declared as a class template; this is valid, but may result in linker errors under the Microsoft C++ ABI [-Wmismatched-tags]
  461 | struct constmatrix {
      | ^
praat.github.io/melder/melder_tensor.h:58:23: note: did you mean struct here?
   58 | template <typename T> class constmatrix;
      |                       ^~~~~
      |                       struct
praat.github.io/melder/melder_tensor.h:532:1: warning: 'matrixview' defined as a struct template here but previously declared as a class template; this is valid, but may result in linker errors under the Microsoft C++ ABI [-Wmismatched-tags]
  532 | struct matrixview {
      | ^
praat.github.io/melder/melder_tensor.h:59:23: note: did you mean struct here?
   59 | template <typename T> class matrixview;
      |                       ^~~~~
      |                       struct
praat.github.io/melder/melder_tensor.h:612:1: warning: 'constmatrixview' defined as a struct template here but previously declared as a class template; this is valid, but may result in linker errors under the Microsoft C++ ABI [-Wmismatched-tags]
  612 | struct constmatrixview {
      | ^
praat.github.io/melder/melder_tensor.h:60:23: note: did you mean struct here?
   60 | template <typename T> class constmatrixview;
      |                       ^~~~~
      |                       struct
praat.github.io/melder/melder_tensor.h:683:1: warning: 'automatrix' defined as a struct template here but previously declared as a class template; this is valid, but may result in linker errors under the Microsoft C++ ABI [-Wmismatched-tags]
  683 | struct automatrix {
      | ^
praat.github.io/melder/melder_tensor.h:61:23: note: did you mean struct here?
   61 | template <typename T> class automatrix;
      |                       ^~~~~
      |                       struct
praat.github.io/melder/melder_tensor.h:703:18: warning: unused variable 'numberOfColumnsInThisRow' [-Wunused-variable]
  703 |                         const integer numberOfColumnsInThisRow = uinteger_to_integer_a (row.size());
      |                                       ^~~~~~~~~~~~~~~~~~~~~~~~
In file included from sys/Strings.cpp:19:
In file included from praat.github.io/sys/Strings_.h:21:
In file included from praat.github.io/sys/Data.h:23:
praat.github.io/sys/Thing.h:77:9: warning: struct 'structThing' was previously declared as a class; this is valid, but may result in linker errors under the Microsoft C++ ABI [-Wmismatched-tags]
   77 | typedef struct structThing *Thing;   // we need an explicit "struct" here, because this is a forward declaration
      |         ^
praat.github.io/melder/MelderArg.h:21:15: note: previous use is here
   21 | typedef class structThing *Thing;   // forward declaration
      |               ^
In file included from sys/Strings.cpp:19:
In file included from praat.github.io/sys/Strings_.h:21:
In file included from praat.github.io/sys/Data.h:23:
praat.github.io/sys/Thing.h:78:9: warning: struct 'structThing' was previously declared as a class; this is valid, but may result in linker errors under the Microsoft C++ ABI [-Wmismatched-tags]
   78 | typedef struct structThing *mutableThing;
      |         ^
praat.github.io/melder/MelderArg.h:21:15: note: previous use is here
   21 | typedef class structThing *Thing;   // forward declaration
      |               ^
In file included from sys/Strings.cpp:19:
In file included from praat.github.io/sys/Strings_.h:21:
In file included from praat.github.io/sys/Data.h:23:
praat.github.io/sys/Thing.h:79:15: warning: struct 'structThing' was previously declared as a class; this is valid, but may result in linker errors under the Microsoft C++ ABI [-Wmismatched-tags]
   79 | typedef const struct structThing *constThing;
      |               ^
praat.github.io/melder/MelderArg.h:21:15: note: previous use is here
   21 | typedef class structThing *Thing;   // forward declaration
      |               ^
In file included from sys/Strings.cpp:19:
In file included from praat.github.io/sys/Strings_.h:21:
In file included from praat.github.io/sys/Data.h:23:
praat.github.io/sys/Thing.h:82:1: warning: 'structThing' defined as a struct here but previously declared as a class; this is valid, but may result in linker errors under the Microsoft C++ ABI [-Wmismatched-tags]
   82 | struct structThing {
      | ^
praat.github.io/melder/MelderArg.h:21:9: note: did you mean struct here?
   21 | typedef class structThing *Thing;   // forward declaration
      |         ^~~~~
      |         struct
In file included from sys/Strings.cpp:39:
praat.github.io/sys/Strings_def.h:21:1: warning: class 'structStrings' was previously declared as a struct; this is valid, but may result in linker errors under the Microsoft C++ ABI [-Wmismatched-tags]
   21 | oo_DEFINE_CLASS (Strings, Daata)
      | ^
praat.github.io/sys/oo_DESCRIPTION.h:158:39: note: expanded from macro 'oo_DEFINE_CLASS'
  158 |                 { U"" #Class, inheritwa, 0, sizeof (class struct##Class), U"" #Class, & theClassInfo_##Parent, 0, nullptr, nullptr, nullptr, nullptr },
      |                                                     ^
praat.github.io/sys/Strings_def.h:21:1: note: previous use is here
   21 | oo_DEFINE_CLASS (Strings, Daata)
      | ^
praat.github.io/sys/oo.h:183:9: note: expanded from macro 'oo_DEFINE_CLASS'
  183 |         struct struct##klas : public struct##parent {
      |                ^
<scratch space>:5:1: note: expanded from here
    5 | structStrings
      | ^
praat.github.io/sys/Strings_def.h:21:1: note: did you mean struct here?
   21 | oo_DEFINE_CLASS (Strings, Daata)
      | ^
praat.github.io/sys/oo_DESCRIPTION.h:158:39: note: expanded from macro 'oo_DEFINE_CLASS'
  158 |                 { U"" #Class, inheritwa, 0, sizeof (class struct##Class), U"" #Class, & theClassInfo_##Parent, 0, nullptr, nullptr, nullptr, nullptr },
      |                                                     ^
sys/Strings.cpp:41:1: warning: class 'structStrings' was previously declared as a struct; this is valid, but may result in linker errors under the Microsoft C++ ABI [-Wmismatched-tags]
   41 | Thing_implement (Strings, Daata, 0);
      | ^
praat.github.io/sys/Thing.h:66:105: note: expanded from macro 'Thing_implement'
   66 |         struct structClassInfo theClassInfo_##klas = { U"" #klas, & theClassInfo_##semanticParentKlas, sizeof (class struct##klas), _##klas##_new, version, 0, nullptr}; \
      |                                                                                                                ^
praat.github.io/sys/Strings_def.h:21:1: note: previous use is here
   21 | oo_DEFINE_CLASS (Strings, Daata)
      | ^
praat.github.io/sys/oo.h:183:9: note: expanded from macro 'oo_DEFINE_CLASS'
  183 |         struct struct##klas : public struct##parent {
      |                ^
<scratch space>:5:1: note: expanded from here
    5 | structStrings
      | ^
sys/Strings.cpp:41:1: note: did you mean struct here?
   41 | Thing_implement (Strings, Daata, 0);
      | ^
praat.github.io/sys/Thing.h:66:105: note: expanded from macro 'Thing_implement'
   66 |         struct structClassInfo theClassInfo_##klas = { U"" #klas, & theClassInfo_##semanticParentKlas, sizeof (class struct##klas), _##klas##_new, version, 0, nullptr}; \
      |                                                                                                                ^
17 warnings generated.
clang++ -arch arm64 -std=gnu++17 -I"/Library/Frameworks/R.framework/Resources/include" -DNDEBUG -I. -Ipraat.github.io -Ipraat.github.io/kar -Ipraat.github.io/melder -Ipraat.github.io/sys -Ipraat.github.io/dwsys -Ipraat.github.io/dwtools -Ipraat.github.io/stat -Ipraat.github.io/fon -Ipraat.github.io/foned -Ipraat.github.io/LPC -Ipraat.github.io/sensors -Ipraat.github.io/external/portaudio -Ipraat.github.io/external/flac -Ipraat.github.io/external/mp3 -Ipraat.github.io/external/espeak -Ipraat.github.io/external/gsl -Ipraat.github.io/external/glpk -I'/Library/Frameworks/R.framework/Versions/4.4-arm64/Resources/library/Rcpp/include' -I/opt/R/arm64/include -I/opt/homebrew/opt/libomp/include -Xclang -fopenmp   -DPRAAT_LIB -DNO_GUI -DNO_AUDIO -DNO_GRAPHICS -DNO_NETWORK -DUNIX -pthread -ffp-contract=off -Wno-unused-parameter -Wno-sign-compare -Wno-unused-variable -Wno-deprecated-declarations -Wno-trigraphs -Wno-logical-op-parentheses -Wno-shift-op-parentheses -Wno-mismatched-tags -Wno-unused-const-variable -Wno-c++11-narrowing -fPIC  -falign-functions=64 -Wall -g -O2   -c sys/Formula.cpp -o sys/Formula.o
In file included from sys/Formula.cpp:22:
In file included from praat.github.io/kar/../dwsys/NUM2.h:21:
In file included from praat.github.io/kar/../dwsys/ExtendedReal.h:37:
In file included from praat.github.io/sys/Data.h:23:
In file included from praat.github.io/sys/Thing.h:24:
In file included from praat.github.io/melder/melder.h:76:
praat.github.io/melder/melder_tensor.h:64:1: warning: 'vector' defined as a struct template here but previously declared as a class template; this is valid, but may result in linker errors under the Microsoft C++ ABI [-Wmismatched-tags]
   64 | struct vector {
      | ^
praat.github.io/melder/melder_tensor.h:52:23: note: did you mean struct here?
   52 | template <typename T> class vector;
      |                       ^~~~~
      |                       struct
praat.github.io/melder/melder_tensor.h:104:1: warning: 'constvector' defined as a struct template here but previously declared as a class template; this is valid, but may result in linker errors under the Microsoft C++ ABI [-Wmismatched-tags]
  104 | struct constvector {
      | ^
praat.github.io/melder/melder_tensor.h:53:23: note: did you mean struct here?
   53 | template <typename T> class constvector;
      |                       ^~~~~
      |                       struct
praat.github.io/melder/melder_tensor.h:137:1: warning: 'vectorview' defined as a struct template here but previously declared as a class template; this is valid, but may result in linker errors under the Microsoft C++ ABI [-Wmismatched-tags]
  137 | struct vectorview {
      | ^
praat.github.io/melder/melder_tensor.h:54:23: note: did you mean struct here?
   54 | template <typename T> class vectorview;
      |                       ^~~~~
      |                       struct
praat.github.io/melder/melder_tensor.h:167:1: warning: 'constvectorview' defined as a struct template here but previously declared as a class template; this is valid, but may result in linker errors under the Microsoft C++ ABI [-Wmismatched-tags]
  167 | struct constvectorview {
      | ^
praat.github.io/melder/melder_tensor.h:55:23: note: did you mean struct here?
   55 | template <typename T> class constvectorview;
      |                       ^~~~~
      |                       struct
praat.github.io/melder/melder_tensor.h:207:1: warning: 'autovector' defined as a struct template here but previously declared as a class template; this is valid, but may result in linker errors under the Microsoft C++ ABI [-Wmismatched-tags]
  207 | struct autovector {
      | ^
praat.github.io/melder/melder_tensor.h:56:23: note: did you mean struct here?
   56 | template <typename T> class autovector;
      |                       ^~~~~
      |                       struct
praat.github.io/melder/melder_tensor.h:388:1: warning: 'matrix' defined as a struct template here but previously declared as a class template; this is valid, but may result in linker errors under the Microsoft C++ ABI [-Wmismatched-tags]
  388 | struct matrix {
      | ^
praat.github.io/melder/melder_tensor.h:57:23: note: did you mean struct here?
   57 | template <typename T> class matrix;
      |                       ^~~~~
      |                       struct
praat.github.io/melder/melder_tensor.h:461:1: warning: 'constmatrix' defined as a struct template here but previously declared as a class template; this is valid, but may result in linker errors under the Microsoft C++ ABI [-Wmismatched-tags]
  461 | struct constmatrix {
      | ^
praat.github.io/melder/melder_tensor.h:58:23: note: did you mean struct here?
   58 | template <typename T> class constmatrix;
      |                       ^~~~~
      |                       struct
praat.github.io/melder/melder_tensor.h:532:1: warning: 'matrixview' defined as a struct template here but previously declared as a class template; this is valid, but may result in linker errors under the Microsoft C++ ABI [-Wmismatched-tags]
  532 | struct matrixview {
      | ^
praat.github.io/melder/melder_tensor.h:59:23: note: did you mean struct here?
   59 | template <typename T> class matrixview;
      |                       ^~~~~
      |                       struct
praat.github.io/melder/melder_tensor.h:612:1: warning: 'constmatrixview' defined as a struct template here but previously declared as a class template; this is valid, but may result in linker errors under the Microsoft C++ ABI [-Wmismatched-tags]
  612 | struct constmatrixview {
      | ^
praat.github.io/melder/melder_tensor.h:60:23: note: did you mean struct here?
   60 | template <typename T> class constmatrixview;
      |                       ^~~~~
      |                       struct
praat.github.io/melder/melder_tensor.h:683:1: warning: 'automatrix' defined as a struct template here but previously declared as a class template; this is valid, but may result in linker errors under the Microsoft C++ ABI [-Wmismatched-tags]
  683 | struct automatrix {
      | ^
praat.github.io/melder/melder_tensor.h:61:23: note: did you mean struct here?
   61 | template <typename T> class automatrix;
      |                       ^~~~~
      |                       struct
praat.github.io/melder/melder_tensor.h:703:18: warning: unused variable 'numberOfColumnsInThisRow' [-Wunused-variable]
  703 |                         const integer numberOfColumnsInThisRow = uinteger_to_integer_a (row.size());
      |                                       ^~~~~~~~~~~~~~~~~~~~~~~~
In file included from sys/Formula.cpp:22:
In file included from praat.github.io/kar/../dwsys/NUM2.h:21:
In file included from praat.github.io/kar/../dwsys/ExtendedReal.h:37:
In file included from praat.github.io/sys/Data.h:23:
praat.github.io/sys/Thing.h:77:9: warning: struct 'structThing' was previously declared as a class; this is valid, but may result in linker errors under the Microsoft C++ ABI [-Wmismatched-tags]
   77 | typedef struct structThing *Thing;   // we need an explicit "struct" here, because this is a forward declaration
      |         ^
praat.github.io/melder/MelderArg.h:21:15: note: previous use is here
   21 | typedef class structThing *Thing;   // forward declaration
      |               ^
In file included from sys/Formula.cpp:22:
In file included from praat.github.io/kar/../dwsys/NUM2.h:21:
In file included from praat.github.io/kar/../dwsys/ExtendedReal.h:37:
In file included from praat.github.io/sys/Data.h:23:
praat.github.io/sys/Thing.h:78:9: warning: struct 'structThing' was previously declared as a class; this is valid, but may result in linker errors under the Microsoft C++ ABI [-Wmismatched-tags]
   78 | typedef struct structThing *mutableThing;
      |         ^
praat.github.io/melder/MelderArg.h:21:15: note: previous use is here
   21 | typedef class structThing *Thing;   // forward declaration
      |               ^
In file included from sys/Formula.cpp:22:
In file included from praat.github.io/kar/../dwsys/NUM2.h:21:
In file included from praat.github.io/kar/../dwsys/ExtendedReal.h:37:
In file included from praat.github.io/sys/Data.h:23:
praat.github.io/sys/Thing.h:79:15: warning: struct 'structThing' was previously declared as a class; this is valid, but may result in linker errors under the Microsoft C++ ABI [-Wmismatched-tags]
   79 | typedef const struct structThing *constThing;
      |               ^
praat.github.io/melder/MelderArg.h:21:15: note: previous use is here
   21 | typedef class structThing *Thing;   // forward declaration
      |               ^
In file included from sys/Formula.cpp:22:
In file included from praat.github.io/kar/../dwsys/NUM2.h:21:
In file included from praat.github.io/kar/../dwsys/ExtendedReal.h:37:
In file included from praat.github.io/sys/Data.h:23:
praat.github.io/sys/Thing.h:82:1: warning: 'structThing' defined as a struct here but previously declared as a class; this is valid, but may result in linker errors under the Microsoft C++ ABI [-Wmismatched-tags]
   82 | struct structThing {
      | ^
praat.github.io/melder/MelderArg.h:21:9: note: did you mean struct here?
   21 | typedef class structThing *Thing;   // forward declaration
      |         ^~~~~
      |         struct
In file included from sys/Formula.cpp:25:
In file included from praat.github.io/sys/Ui.h:21:
praat.github.io/sys/Graphics.h:42:1: warning: struct 'structGraphics' was previously declared as a class; this is valid, but may result in linker errors under the Microsoft C++ ABI [-Wmismatched-tags]
   42 | Thing_define (Graphics, Thing) {
      | ^
praat.github.io/sys/Thing.h:60:2: note: expanded from macro 'Thing_define'
   60 |         Thing_declare (klas); \
      |         ^
praat.github.io/sys/Thing.h:52:10: note: expanded from macro 'Thing_declare'
   52 |         typedef struct struct##klas *klas; \
      |                 ^
praat.github.io/melder/melder_progress.h:143:15: note: previous use is here
  143 | typedef class structGraphics *Graphics;
      |               ^
In file included from sys/Formula.cpp:25:
In file included from praat.github.io/sys/Ui.h:21:
praat.github.io/sys/Graphics.h:42:1: warning: struct 'structGraphics' was previously declared as a class; this is valid, but may result in linker errors under the Microsoft C++ ABI [-Wmismatched-tags]
   42 | Thing_define (Graphics, Thing) {
      | ^
praat.github.io/sys/Thing.h:60:2: note: expanded from macro 'Thing_define'
   60 |         Thing_declare (klas); \
      |         ^
praat.github.io/sys/Thing.h:53:10: note: expanded from macro 'Thing_declare'
   53 |         typedef struct struct##klas *mutable##klas; \
      |                 ^
praat.github.io/melder/melder_progress.h:143:15: note: previous use is here
  143 | typedef class structGraphics *Graphics;
      |               ^
In file included from sys/Formula.cpp:25:
In file included from praat.github.io/sys/Ui.h:21:
praat.github.io/sys/Graphics.h:42:1: warning: struct 'structGraphics' was previously declared as a class; this is valid, but may result in linker errors under the Microsoft C++ ABI [-Wmismatched-tags]
   42 | Thing_define (Graphics, Thing) {
      | ^
praat.github.io/sys/Thing.h:60:2: note: expanded from macro 'Thing_define'
   60 |         Thing_declare (klas); \
      |         ^
praat.github.io/sys/Thing.h:54:16: note: expanded from macro 'Thing_declare'
   54 |         typedef const struct struct##klas *const##klas; \
      |                       ^
praat.github.io/melder/melder_progress.h:143:15: note: previous use is here
  143 | typedef class structGraphics *Graphics;
      |               ^
In file included from sys/Formula.cpp:25:
In file included from praat.github.io/sys/Ui.h:21:
praat.github.io/sys/Graphics.h:42:1: warning: 'structGraphics' defined as a struct here but previously declared as a class; this is valid, but may result in linker errors under the Microsoft C++ ABI [-Wmismatched-tags]
   42 | Thing_define (Graphics, Thing) {
      | ^
praat.github.io/sys/Thing.h:62:2: note: expanded from macro 'Thing_define'
   62 |         struct struct##klas : public struct##syntacticParentKlas
      |         ^
praat.github.io/melder/melder_progress.h:143:9: note: did you mean struct here?
  143 | typedef class structGraphics *Graphics;
      |         ^~~~~
      |         struct
In file included from sys/Formula.cpp:26:
In file included from praat.github.io/sys/praatP.h:19:
In file included from praat.github.io/sys/praat.h:22:
In file included from praat.github.io/sys/Manual.h:22:
In file included from praat.github.io/sys/ManPages.h:21:
praat.github.io/sys/ManPage.h:40:38: warning: '&&' within '||' [-Wlogical-op-parentheses]
   39 |                 return our type == kManPage_type::SCRIPT || our type == kManPage_type::CODE ||
      |                                                                                             ~~
   40 |                                 our type >= kManPage_type::CODE1 && our type <= kManPage_type::CODE5;
      |                                 ~~~~~~~~~~~~~~~~~~~~~~~~~~~~~~~~~^~~~~~~~~~~~~~~~~~~~~~~~~~~~~~~~~~~
praat.github.io/sys/ManPage.h:40:38: note: place parentheses around the '&&' expression to silence this warning
   40 |                                 our type >= kManPage_type::CODE1 && our type <= kManPage_type::CODE5;
      |                                 ~~~~~~~~~~~~~~~~~~~~~~~~~~~~~~~~~^~~~~~~~~~~~~~~~~~~~~~~~~~~~~~~~~~~
sys/Formula.cpp:513:36: warning: '&&' within '||' [-Wlogical-op-parentheses]
  513 |                 } else if (Melder_isLetter (kar) && ! Melder_isUpperCaseLetter (kar) ||
      |                            ~~~~~~~~~~~~~~~~~~~~~~^~~~~~~~~~~~~~~~~~~~~~~~~~~~~~~~~~~ ~~
sys/Formula.cpp:513:36: note: place parentheses around the '&&' expression to silence this warning
  513 |                 } else if (Melder_isLetter (kar) && ! Melder_isUpperCaseLetter (kar) ||
      |                                                  ^
      |                            (                                                        )
21 warnings generated.
clang++ -arch arm64 -std=gnu++17 -I"/Library/Frameworks/R.framework/Resources/include" -DNDEBUG -I. -Ipraat.github.io -Ipraat.github.io/kar -Ipraat.github.io/melder -Ipraat.github.io/sys -Ipraat.github.io/dwsys -Ipraat.github.io/dwtools -Ipraat.github.io/stat -Ipraat.github.io/fon -Ipraat.github.io/foned -Ipraat.github.io/LPC -Ipraat.github.io/sensors -Ipraat.github.io/external/portaudio -Ipraat.github.io/external/flac -Ipraat.github.io/external/mp3 -Ipraat.github.io/external/espeak -Ipraat.github.io/external/gsl -Ipraat.github.io/external/glpk -I'/Library/Frameworks/R.framework/Versions/4.4-arm64/Resources/library/Rcpp/include' -I/opt/R/arm64/include -I/opt/homebrew/opt/libomp/include -Xclang -fopenmp   -DPRAAT_LIB -DNO_GUI -DNO_AUDIO -DNO_GRAPHICS -DNO_NETWORK -DUNIX -pthread -ffp-contract=off -Wno-unused-parameter -Wno-sign-compare -Wno-unused-variable -Wno-deprecated-declarations -Wno-trigraphs -Wno-logical-op-parentheses -Wno-shift-op-parentheses -Wno-mismatched-tags -Wno-unused-const-variable -Wno-c++11-narrowing -fPIC  -falign-functions=64 -Wall -g -O2   -c sys/Interpreter.cpp -o sys/Interpreter.o
In file included from sys/Interpreter.cpp:19:
In file included from praat.github.io/sys/Interpreter.h:21:
In file included from praat.github.io/sys/Collection.h:25:
In file included from praat.github.io/sys/Simple.h:21:
In file included from praat.github.io/sys/Data.h:23:
In file included from praat.github.io/sys/Thing.h:24:
In file included from praat.github.io/melder/melder.h:76:
praat.github.io/melder/melder_tensor.h:64:1: warning: 'vector' defined as a struct template here but previously declared as a class template; this is valid, but may result in linker errors under the Microsoft C++ ABI [-Wmismatched-tags]
   64 | struct vector {
      | ^
praat.github.io/melder/melder_tensor.h:52:23: note: did you mean struct here?
   52 | template <typename T> class vector;
      |                       ^~~~~
      |                       struct
praat.github.io/melder/melder_tensor.h:104:1: warning: 'constvector' defined as a struct template here but previously declared as a class template; this is valid, but may result in linker errors under the Microsoft C++ ABI [-Wmismatched-tags]
  104 | struct constvector {
      | ^
praat.github.io/melder/melder_tensor.h:53:23: note: did you mean struct here?
   53 | template <typename T> class constvector;
      |                       ^~~~~
      |                       struct
praat.github.io/melder/melder_tensor.h:137:1: warning: 'vectorview' defined as a struct template here but previously declared as a class template; this is valid, but may result in linker errors under the Microsoft C++ ABI [-Wmismatched-tags]
  137 | struct vectorview {
      | ^
praat.github.io/melder/melder_tensor.h:54:23: note: did you mean struct here?
   54 | template <typename T> class vectorview;
      |                       ^~~~~
      |                       struct
praat.github.io/melder/melder_tensor.h:167:1: warning: 'constvectorview' defined as a struct template here but previously declared as a class template; this is valid, but may result in linker errors under the Microsoft C++ ABI [-Wmismatched-tags]
  167 | struct constvectorview {
      | ^
praat.github.io/melder/melder_tensor.h:55:23: note: did you mean struct here?
   55 | template <typename T> class constvectorview;
      |                       ^~~~~
      |                       struct
praat.github.io/melder/melder_tensor.h:207:1: warning: 'autovector' defined as a struct template here but previously declared as a class template; this is valid, but may result in linker errors under the Microsoft C++ ABI [-Wmismatched-tags]
  207 | struct autovector {
      | ^
praat.github.io/melder/melder_tensor.h:56:23: note: did you mean struct here?
   56 | template <typename T> class autovector;
      |                       ^~~~~
      |                       struct
praat.github.io/melder/melder_tensor.h:388:1: warning: 'matrix' defined as a struct template here but previously declared as a class template; this is valid, but may result in linker errors under the Microsoft C++ ABI [-Wmismatched-tags]
  388 | struct matrix {
      | ^
praat.github.io/melder/melder_tensor.h:57:23: note: did you mean struct here?
   57 | template <typename T> class matrix;
      |                       ^~~~~
      |                       struct
praat.github.io/melder/melder_tensor.h:461:1: warning: 'constmatrix' defined as a struct template here but previously declared as a class template; this is valid, but may result in linker errors under the Microsoft C++ ABI [-Wmismatched-tags]
  461 | struct constmatrix {
      | ^
praat.github.io/melder/melder_tensor.h:58:23: note: did you mean struct here?
   58 | template <typename T> class constmatrix;
      |                       ^~~~~
      |                       struct
praat.github.io/melder/melder_tensor.h:532:1: warning: 'matrixview' defined as a struct template here but previously declared as a class template; this is valid, but may result in linker errors under the Microsoft C++ ABI [-Wmismatched-tags]
  532 | struct matrixview {
      | ^
praat.github.io/melder/melder_tensor.h:59:23: note: did you mean struct here?
   59 | template <typename T> class matrixview;
      |                       ^~~~~
      |                       struct
praat.github.io/melder/melder_tensor.h:612:1: warning: 'constmatrixview' defined as a struct template here but previously declared as a class template; this is valid, but may result in linker errors under the Microsoft C++ ABI [-Wmismatched-tags]
  612 | struct constmatrixview {
      | ^
praat.github.io/melder/melder_tensor.h:60:23: note: did you mean struct here?
   60 | template <typename T> class constmatrixview;
      |                       ^~~~~
      |                       struct
praat.github.io/melder/melder_tensor.h:683:1: warning: 'automatrix' defined as a struct template here but previously declared as a class template; this is valid, but may result in linker errors under the Microsoft C++ ABI [-Wmismatched-tags]
  683 | struct automatrix {
      | ^
praat.github.io/melder/melder_tensor.h:61:23: note: did you mean struct here?
   61 | template <typename T> class automatrix;
      |                       ^~~~~
      |                       struct
praat.github.io/melder/melder_tensor.h:703:18: warning: unused variable 'numberOfColumnsInThisRow' [-Wunused-variable]
  703 |                         const integer numberOfColumnsInThisRow = uinteger_to_integer_a (row.size());
      |                                       ^~~~~~~~~~~~~~~~~~~~~~~~
In file included from sys/Interpreter.cpp:19:
In file included from praat.github.io/sys/Interpreter.h:21:
In file included from praat.github.io/sys/Collection.h:25:
In file included from praat.github.io/sys/Simple.h:21:
In file included from praat.github.io/sys/Data.h:23:
praat.github.io/sys/Thing.h:77:9: warning: struct 'structThing' was previously declared as a class; this is valid, but may result in linker errors under the Microsoft C++ ABI [-Wmismatched-tags]
   77 | typedef struct structThing *Thing;   // we need an explicit "struct" here, because this is a forward declaration
      |         ^
praat.github.io/melder/MelderArg.h:21:15: note: previous use is here
   21 | typedef class structThing *Thing;   // forward declaration
      |               ^
In file included from sys/Interpreter.cpp:19:
In file included from praat.github.io/sys/Interpreter.h:21:
In file included from praat.github.io/sys/Collection.h:25:
In file included from praat.github.io/sys/Simple.h:21:
In file included from praat.github.io/sys/Data.h:23:
praat.github.io/sys/Thing.h:78:9: warning: struct 'structThing' was previously declared as a class; this is valid, but may result in linker errors under the Microsoft C++ ABI [-Wmismatched-tags]
   78 | typedef struct structThing *mutableThing;
      |         ^
praat.github.io/melder/MelderArg.h:21:15: note: previous use is here
   21 | typedef class structThing *Thing;   // forward declaration
      |               ^
In file included from sys/Interpreter.cpp:19:
In file included from praat.github.io/sys/Interpreter.h:21:
In file included from praat.github.io/sys/Collection.h:25:
In file included from praat.github.io/sys/Simple.h:21:
In file included from praat.github.io/sys/Data.h:23:
praat.github.io/sys/Thing.h:79:15: warning: struct 'structThing' was previously declared as a class; this is valid, but may result in linker errors under the Microsoft C++ ABI [-Wmismatched-tags]
   79 | typedef const struct structThing *constThing;
      |               ^
praat.github.io/melder/MelderArg.h:21:15: note: previous use is here
   21 | typedef class structThing *Thing;   // forward declaration
      |               ^
In file included from sys/Interpreter.cpp:19:
In file included from praat.github.io/sys/Interpreter.h:21:
In file included from praat.github.io/sys/Collection.h:25:
In file included from praat.github.io/sys/Simple.h:21:
In file included from praat.github.io/sys/Data.h:23:
praat.github.io/sys/Thing.h:82:1: warning: 'structThing' defined as a struct here but previously declared as a class; this is valid, but may result in linker errors under the Microsoft C++ ABI [-Wmismatched-tags]
   82 | struct structThing {
      | ^
praat.github.io/melder/MelderArg.h:21:9: note: did you mean struct here?
   21 | typedef class structThing *Thing;   // forward declaration
      |         ^~~~~
      |         struct
In file included from sys/Interpreter.cpp:20:
In file included from praat.github.io/sys/praatP.h:19:
In file included from praat.github.io/sys/praat.h:21:
In file included from praat.github.io/sys/ScriptEditor.h:22:
In file included from praat.github.io/sys/TextEditor.h:21:
In file included from praat.github.io/sys/Editor.h:24:
In file included from praat.github.io/sys/Ui.h:21:
praat.github.io/sys/Graphics.h:42:1: warning: struct 'structGraphics' was previously declared as a class; this is valid, but may result in linker errors under the Microsoft C++ ABI [-Wmismatched-tags]
   42 | Thing_define (Graphics, Thing) {
      | ^
praat.github.io/sys/Thing.h:60:2: note: expanded from macro 'Thing_define'
   60 |         Thing_declare (klas); \
      |         ^
praat.github.io/sys/Thing.h:52:10: note: expanded from macro 'Thing_declare'
   52 |         typedef struct struct##klas *klas; \
      |                 ^
praat.github.io/melder/melder_progress.h:143:15: note: previous use is here
  143 | typedef class structGraphics *Graphics;
      |               ^
In file included from sys/Interpreter.cpp:20:
In file included from praat.github.io/sys/praatP.h:19:
In file included from praat.github.io/sys/praat.h:21:
In file included from praat.github.io/sys/ScriptEditor.h:22:
In file included from praat.github.io/sys/TextEditor.h:21:
In file included from praat.github.io/sys/Editor.h:24:
In file included from praat.github.io/sys/Ui.h:21:
praat.github.io/sys/Graphics.h:42:1: warning: struct 'structGraphics' was previously declared as a class; this is valid, but may result in linker errors under the Microsoft C++ ABI [-Wmismatched-tags]
   42 | Thing_define (Graphics, Thing) {
      | ^
praat.github.io/sys/Thing.h:60:2: note: expanded from macro 'Thing_define'
   60 |         Thing_declare (klas); \
      |         ^
praat.github.io/sys/Thing.h:53:10: note: expanded from macro 'Thing_declare'
   53 |         typedef struct struct##klas *mutable##klas; \
      |                 ^
praat.github.io/melder/melder_progress.h:143:15: note: previous use is here
  143 | typedef class structGraphics *Graphics;
      |               ^
In file included from sys/Interpreter.cpp:20:
In file included from praat.github.io/sys/praatP.h:19:
In file included from praat.github.io/sys/praat.h:21:
In file included from praat.github.io/sys/ScriptEditor.h:22:
In file included from praat.github.io/sys/TextEditor.h:21:
In file included from praat.github.io/sys/Editor.h:24:
In file included from praat.github.io/sys/Ui.h:21:
praat.github.io/sys/Graphics.h:42:1: warning: struct 'structGraphics' was previously declared as a class; this is valid, but may result in linker errors under the Microsoft C++ ABI [-Wmismatched-tags]
   42 | Thing_define (Graphics, Thing) {
      | ^
praat.github.io/sys/Thing.h:60:2: note: expanded from macro 'Thing_define'
   60 |         Thing_declare (klas); \
      |         ^
praat.github.io/sys/Thing.h:54:16: note: expanded from macro 'Thing_declare'
   54 |         typedef const struct struct##klas *const##klas; \
      |                       ^
praat.github.io/melder/melder_progress.h:143:15: note: previous use is here
  143 | typedef class structGraphics *Graphics;
      |               ^
In file included from sys/Interpreter.cpp:20:
In file included from praat.github.io/sys/praatP.h:19:
In file included from praat.github.io/sys/praat.h:21:
In file included from praat.github.io/sys/ScriptEditor.h:22:
In file included from praat.github.io/sys/TextEditor.h:21:
In file included from praat.github.io/sys/Editor.h:24:
In file included from praat.github.io/sys/Ui.h:21:
praat.github.io/sys/Graphics.h:42:1: warning: 'structGraphics' defined as a struct here but previously declared as a class; this is valid, but may result in linker errors under the Microsoft C++ ABI [-Wmismatched-tags]
   42 | Thing_define (Graphics, Thing) {
      | ^
praat.github.io/sys/Thing.h:62:2: note: expanded from macro 'Thing_define'
   62 |         struct struct##klas : public struct##syntacticParentKlas
      |         ^
praat.github.io/melder/melder_progress.h:143:9: note: did you mean struct here?
  143 | typedef class structGraphics *Graphics;
      |         ^~~~~
      |         struct
In file included from sys/Interpreter.cpp:20:
In file included from praat.github.io/sys/praatP.h:19:
In file included from praat.github.io/sys/praat.h:22:
In file included from praat.github.io/sys/Manual.h:22:
In file included from praat.github.io/sys/ManPages.h:21:
praat.github.io/sys/ManPage.h:40:38: warning: '&&' within '||' [-Wlogical-op-parentheses]
   39 |                 return our type == kManPage_type::SCRIPT || our type == kManPage_type::CODE ||
      |                                                                                             ~~
   40 |                                 our type >= kManPage_type::CODE1 && our type <= kManPage_type::CODE5;
      |                                 ~~~~~~~~~~~~~~~~~~~~~~~~~~~~~~~~~^~~~~~~~~~~~~~~~~~~~~~~~~~~~~~~~~~~
praat.github.io/sys/ManPage.h:40:38: note: place parentheses around the '&&' expression to silence this warning
   40 |                                 our type >= kManPage_type::CODE1 && our type <= kManPage_type::CODE5;
      |                                 ~~~~~~~~~~~~~~~~~~~~~~~~~~~~~~~~~^~~~~~~~~~~~~~~~~~~~~~~~~~~~~~~~~~~
sys/Interpreter.cpp:60:1: warning: class 'structInterpreterVariable' was previously declared as a struct; this is valid, but may result in linker errors under the Microsoft C++ ABI [-Wmismatched-tags]
   60 | Thing_implement (InterpreterVariable, SimpleString, 0);
      | ^
praat.github.io/sys/Thing.h:66:105: note: expanded from macro 'Thing_implement'
   66 |         struct structClassInfo theClassInfo_##klas = { U"" #klas, & theClassInfo_##semanticParentKlas, sizeof (class struct##klas), _##klas##_new, version, 0, nullptr}; \
      |                                                                                                                ^
praat.github.io/sys/Interpreter.h:28:1: note: previous use is here
   28 | Thing_define (InterpreterVariable, SimpleString) {
      | ^
praat.github.io/sys/Thing.h:62:9: note: expanded from macro 'Thing_define'
   62 |         struct struct##klas : public struct##syntacticParentKlas
      |                ^
<scratch space>:166:1: note: expanded from here
  166 | structInterpreterVariable
      | ^
sys/Interpreter.cpp:60:1: note: did you mean struct here?
   60 | Thing_implement (InterpreterVariable, SimpleString, 0);
      | ^
praat.github.io/sys/Thing.h:66:105: note: expanded from macro 'Thing_implement'
   66 |         struct structClassInfo theClassInfo_##klas = { U"" #klas, & theClassInfo_##semanticParentKlas, sizeof (class struct##klas), _##klas##_new, version, 0, nullptr}; \
      |                                                                                                                ^
sys/Interpreter.cpp:105:1: warning: class 'structInterpreter' was previously declared as a struct; this is valid, but may result in linker errors under the Microsoft C++ ABI [-Wmismatched-tags]
  105 | Thing_implement (Interpreter, Thing, 0);
      | ^
praat.github.io/sys/Thing.h:66:105: note: expanded from macro 'Thing_implement'
   66 |         struct structClassInfo theClassInfo_##klas = { U"" #klas, & theClassInfo_##semanticParentKlas, sizeof (class struct##klas), _##klas##_new, version, 0, nullptr}; \
      |                                                                                                                ^
praat.github.io/sys/Interpreter.h:77:1: note: previous use is here
   77 | Thing_define (Interpreter, Thing) {
      | ^
praat.github.io/sys/Thing.h:62:9: note: expanded from macro 'Thing_define'
   62 |         struct struct##klas : public struct##syntacticParentKlas
      |                ^
<scratch space>:16:1: note: expanded from here
   16 | structInterpreter
      | ^
sys/Interpreter.cpp:105:1: note: did you mean struct here?
  105 | Thing_implement (Interpreter, Thing, 0);
      | ^
praat.github.io/sys/Thing.h:66:105: note: expanded from macro 'Thing_implement'
   66 |         struct structClassInfo theClassInfo_##klas = { U"" #klas, & theClassInfo_##semanticParentKlas, sizeof (class struct##klas), _##klas##_new, version, 0, nullptr}; \
      |                                                                                                                ^
sys/Interpreter.cpp:253:59: warning: '&&' within '||' [-Wlogical-op-parentheses]
  253 |                 if (*label == U'\0' || *label == U'(' || *label == U' ' && label [1] == U'(')
      |                                                       ~~ ~~~~~~~~~~~~~~~^~~~~~~~~~~~~~~~~~~~
sys/Interpreter.cpp:253:59: note: place parentheses around the '&&' expression to silence this warning
  253 |                 if (*label == U'\0' || *label == U'(' || *label == U' ' && label [1] == U'(')
      |                                                                         ^                   
      |                                                          (                                  )
sys/Interpreter.cpp:493:69: warning: '&&' within '||' [-Wlogical-op-parentheses]
  492 |                                                         type == Interpreter_INFILE || type == Interpreter_OUTFILE || type == Interpreter_FOLDER ||
      |                                                                                                                                                 ~~
  493 |                                                         type >= Interpreter_MINIMUM_TYPE_FOR_NUMERIC_VECTOR_VARIABLE &&
      |                                                         ~~~~~~~~~~~~~~~~~~~~~~~~~~~~~~~~~~~~~~~~~~~~~~~~~~~~~~~~~~~~~^~
  494 |                                                                         type <= Interpreter_MAXIMUM_TYPE_FOR_NUMERIC_VECTOR_VARIABLE
      |                                                                         ~~~~~~~~~~~~~~~~~~~~~~~~~~~~~~~~~~~~~~~~~~~~~~~~~~~~~~~~~~~~
sys/Interpreter.cpp:493:69: note: place parentheses around the '&&' expression to silence this warning
  493 |                                                         type >= Interpreter_MINIMUM_TYPE_FOR_NUMERIC_VECTOR_VARIABLE &&
      |                                                         ~~~~~~~~~~~~~~~~~~~~~~~~~~~~~~~~~~~~~~~~~~~~~~~~~~~~~~~~~~~~~^~
  494 |                                                                         type <= Interpreter_MAXIMUM_TYPE_FOR_NUMERIC_VECTOR_VARIABLE
      |                                                                         ~~~~~~~~~~~~~~~~~~~~~~~~~~~~~~~~~~~~~~~~~~~~~~~~~~~~~~~~~~~~
sys/Interpreter.cpp:243:13: warning: unused function 'parameterMatchesLabel' [-Wunused-function]
  243 | static bool parameterMatchesLabel (conststring32 parameter, conststring32 label) {
      |             ^~~~~~~~~~~~~~~~~~~~~
25 warnings generated.
clang++ -arch arm64 -std=gnu++17 -I"/Library/Frameworks/R.framework/Resources/include" -DNDEBUG -I. -Ipraat.github.io -Ipraat.github.io/kar -Ipraat.github.io/melder -Ipraat.github.io/sys -Ipraat.github.io/dwsys -Ipraat.github.io/dwtools -Ipraat.github.io/stat -Ipraat.github.io/fon -Ipraat.github.io/foned -Ipraat.github.io/LPC -Ipraat.github.io/sensors -Ipraat.github.io/external/portaudio -Ipraat.github.io/external/flac -Ipraat.github.io/external/mp3 -Ipraat.github.io/external/espeak -Ipraat.github.io/external/gsl -Ipraat.github.io/external/glpk -I'/Library/Frameworks/R.framework/Versions/4.4-arm64/Resources/library/Rcpp/include' -I/opt/R/arm64/include -I/opt/homebrew/opt/libomp/include -Xclang -fopenmp   -DPRAAT_LIB -DNO_GUI -DNO_AUDIO -DNO_GRAPHICS -DNO_NETWORK -DUNIX -pthread -ffp-contract=off -Wno-unused-parameter -Wno-sign-compare -Wno-unused-variable -Wno-deprecated-declarations -Wno-trigraphs -Wno-logical-op-parentheses -Wno-shift-op-parentheses -Wno-mismatched-tags -Wno-unused-const-variable -Wno-c++11-narrowing -fPIC  -falign-functions=64 -Wall -g -O2   -c sys/Script.cpp -o sys/Script.o
In file included from sys/Script.cpp:19:
In file included from praat.github.io/sys/Script.h:21:
In file included from praat.github.io/sys/Collection.h:25:
In file included from praat.github.io/sys/Simple.h:21:
In file included from praat.github.io/sys/Data.h:23:
In file included from praat.github.io/sys/Thing.h:24:
In file included from praat.github.io/melder/melder.h:76:
praat.github.io/melder/melder_tensor.h:64:1: warning: 'vector' defined as a struct template here but previously declared as a class template; this is valid, but may result in linker errors under the Microsoft C++ ABI [-Wmismatched-tags]
   64 | struct vector {
      | ^
praat.github.io/melder/melder_tensor.h:52:23: note: did you mean struct here?
   52 | template <typename T> class vector;
      |                       ^~~~~
      |                       struct
praat.github.io/melder/melder_tensor.h:104:1: warning: 'constvector' defined as a struct template here but previously declared as a class template; this is valid, but may result in linker errors under the Microsoft C++ ABI [-Wmismatched-tags]
  104 | struct constvector {
      | ^
praat.github.io/melder/melder_tensor.h:53:23: note: did you mean struct here?
   53 | template <typename T> class constvector;
      |                       ^~~~~
      |                       struct
praat.github.io/melder/melder_tensor.h:137:1: warning: 'vectorview' defined as a struct template here but previously declared as a class template; this is valid, but may result in linker errors under the Microsoft C++ ABI [-Wmismatched-tags]
  137 | struct vectorview {
      | ^
praat.github.io/melder/melder_tensor.h:54:23: note: did you mean struct here?
   54 | template <typename T> class vectorview;
      |                       ^~~~~
      |                       struct
praat.github.io/melder/melder_tensor.h:167:1: warning: 'constvectorview' defined as a struct template here but previously declared as a class template; this is valid, but may result in linker errors under the Microsoft C++ ABI [-Wmismatched-tags]
  167 | struct constvectorview {
      | ^
praat.github.io/melder/melder_tensor.h:55:23: note: did you mean struct here?
   55 | template <typename T> class constvectorview;
      |                       ^~~~~
      |                       struct
praat.github.io/melder/melder_tensor.h:207:1: warning: 'autovector' defined as a struct template here but previously declared as a class template; this is valid, but may result in linker errors under the Microsoft C++ ABI [-Wmismatched-tags]
  207 | struct autovector {
      | ^
praat.github.io/melder/melder_tensor.h:56:23: note: did you mean struct here?
   56 | template <typename T> class autovector;
      |                       ^~~~~
      |                       struct
praat.github.io/melder/melder_tensor.h:388:1: warning: 'matrix' defined as a struct template here but previously declared as a class template; this is valid, but may result in linker errors under the Microsoft C++ ABI [-Wmismatched-tags]
  388 | struct matrix {
      | ^
praat.github.io/melder/melder_tensor.h:57:23: note: did you mean struct here?
   57 | template <typename T> class matrix;
      |                       ^~~~~
      |                       struct
praat.github.io/melder/melder_tensor.h:461:1: warning: 'constmatrix' defined as a struct template here but previously declared as a class template; this is valid, but may result in linker errors under the Microsoft C++ ABI [-Wmismatched-tags]
  461 | struct constmatrix {
      | ^
praat.github.io/melder/melder_tensor.h:58:23: note: did you mean struct here?
   58 | template <typename T> class constmatrix;
      |                       ^~~~~
      |                       struct
praat.github.io/melder/melder_tensor.h:532:1: warning: 'matrixview' defined as a struct template here but previously declared as a class template; this is valid, but may result in linker errors under the Microsoft C++ ABI [-Wmismatched-tags]
  532 | struct matrixview {
      | ^
praat.github.io/melder/melder_tensor.h:59:23: note: did you mean struct here?
   59 | template <typename T> class matrixview;
      |                       ^~~~~
      |                       struct
praat.github.io/melder/melder_tensor.h:612:1: warning: 'constmatrixview' defined as a struct template here but previously declared as a class template; this is valid, but may result in linker errors under the Microsoft C++ ABI [-Wmismatched-tags]
  612 | struct constmatrixview {
      | ^
praat.github.io/melder/melder_tensor.h:60:23: note: did you mean struct here?
   60 | template <typename T> class constmatrixview;
      |                       ^~~~~
      |                       struct
praat.github.io/melder/melder_tensor.h:683:1: warning: 'automatrix' defined as a struct template here but previously declared as a class template; this is valid, but may result in linker errors under the Microsoft C++ ABI [-Wmismatched-tags]
  683 | struct automatrix {
      | ^
praat.github.io/melder/melder_tensor.h:61:23: note: did you mean struct here?
   61 | template <typename T> class automatrix;
      |                       ^~~~~
      |                       struct
praat.github.io/melder/melder_tensor.h:703:18: warning: unused variable 'numberOfColumnsInThisRow' [-Wunused-variable]
  703 |                         const integer numberOfColumnsInThisRow = uinteger_to_integer_a (row.size());
      |                                       ^~~~~~~~~~~~~~~~~~~~~~~~
In file included from sys/Script.cpp:19:
In file included from praat.github.io/sys/Script.h:21:
In file included from praat.github.io/sys/Collection.h:25:
In file included from praat.github.io/sys/Simple.h:21:
In file included from praat.github.io/sys/Data.h:23:
praat.github.io/sys/Thing.h:77:9: warning: struct 'structThing' was previously declared as a class; this is valid, but may result in linker errors under the Microsoft C++ ABI [-Wmismatched-tags]
   77 | typedef struct structThing *Thing;   // we need an explicit "struct" here, because this is a forward declaration
      |         ^
praat.github.io/melder/MelderArg.h:21:15: note: previous use is here
   21 | typedef class structThing *Thing;   // forward declaration
      |               ^
In file included from sys/Script.cpp:19:
In file included from praat.github.io/sys/Script.h:21:
In file included from praat.github.io/sys/Collection.h:25:
In file included from praat.github.io/sys/Simple.h:21:
In file included from praat.github.io/sys/Data.h:23:
praat.github.io/sys/Thing.h:78:9: warning: struct 'structThing' was previously declared as a class; this is valid, but may result in linker errors under the Microsoft C++ ABI [-Wmismatched-tags]
   78 | typedef struct structThing *mutableThing;
      |         ^
praat.github.io/melder/MelderArg.h:21:15: note: previous use is here
   21 | typedef class structThing *Thing;   // forward declaration
      |               ^
In file included from sys/Script.cpp:19:
In file included from praat.github.io/sys/Script.h:21:
In file included from praat.github.io/sys/Collection.h:25:
In file included from praat.github.io/sys/Simple.h:21:
In file included from praat.github.io/sys/Data.h:23:
praat.github.io/sys/Thing.h:79:15: warning: struct 'structThing' was previously declared as a class; this is valid, but may result in linker errors under the Microsoft C++ ABI [-Wmismatched-tags]
   79 | typedef const struct structThing *constThing;
      |               ^
praat.github.io/melder/MelderArg.h:21:15: note: previous use is here
   21 | typedef class structThing *Thing;   // forward declaration
      |               ^
In file included from sys/Script.cpp:19:
In file included from praat.github.io/sys/Script.h:21:
In file included from praat.github.io/sys/Collection.h:25:
In file included from praat.github.io/sys/Simple.h:21:
In file included from praat.github.io/sys/Data.h:23:
praat.github.io/sys/Thing.h:82:1: warning: 'structThing' defined as a struct here but previously declared as a class; this is valid, but may result in linker errors under the Microsoft C++ ABI [-Wmismatched-tags]
   82 | struct structThing {
      | ^
praat.github.io/melder/MelderArg.h:21:9: note: did you mean struct here?
   21 | typedef class structThing *Thing;   // forward declaration
      |         ^~~~~
      |         struct
sys/Script.cpp:21:1: warning: class 'structScript' was previously declared as a struct; this is valid, but may result in linker errors under the Microsoft C++ ABI [-Wmismatched-tags]
   21 | Thing_implement (Script, SimpleString, 0);
      | ^
praat.github.io/sys/Thing.h:66:105: note: expanded from macro 'Thing_implement'
   66 |         struct structClassInfo theClassInfo_##klas = { U"" #klas, & theClassInfo_##semanticParentKlas, sizeof (class struct##klas), _##klas##_new, version, 0, nullptr}; \
      |                                                                                                                ^
praat.github.io/sys/Script.h:23:1: note: previous use is here
   23 | Thing_define (Script, SimpleString) {
      | ^
praat.github.io/sys/Thing.h:62:9: note: expanded from macro 'Thing_define'
   62 |         struct struct##klas : public struct##syntacticParentKlas
      |                ^
<scratch space>:152:1: note: expanded from here
  152 | structScript
      | ^
sys/Script.cpp:21:1: note: did you mean struct here?
   21 | Thing_implement (Script, SimpleString, 0);
      | ^
praat.github.io/sys/Thing.h:66:105: note: expanded from macro 'Thing_implement'
   66 |         struct structClassInfo theClassInfo_##klas = { U"" #klas, & theClassInfo_##semanticParentKlas, sizeof (class struct##klas), _##klas##_new, version, 0, nullptr}; \
      |                                                                                                                ^
sys/Script.cpp:22:1: warning: class 'structScriptSet' was previously declared as a struct; this is valid, but may result in linker errors under the Microsoft C++ ABI [-Wmismatched-tags]
   22 | Thing_implement (ScriptSet, SortedSetOfString, 0);
      | ^
praat.github.io/sys/Thing.h:66:105: note: expanded from macro 'Thing_implement'
   66 |         struct structClassInfo theClassInfo_##klas = { U"" #klas, & theClassInfo_##semanticParentKlas, sizeof (class struct##klas), _##klas##_new, version, 0, nullptr}; \
      |                                                                                                                ^
praat.github.io/sys/Script.h:29:1: note: previous use is here
   29 | Collection_define (ScriptSet, SortedSetOfStringOf, Script) {
      | ^
praat.github.io/sys/Collection.h:789:9: note: expanded from macro 'Collection_define'
  789 |         struct struct##klas : genericClass<struct##itemClass>
      |                ^
<scratch space>:167:1: note: expanded from here
  167 | structScriptSet
      | ^
sys/Script.cpp:22:1: note: did you mean struct here?
   22 | Thing_implement (ScriptSet, SortedSetOfString, 0);
      | ^
praat.github.io/sys/Thing.h:66:105: note: expanded from macro 'Thing_implement'
   66 |         struct structClassInfo theClassInfo_##klas = { U"" #klas, & theClassInfo_##semanticParentKlas, sizeof (class struct##klas), _##klas##_new, version, 0, nullptr}; \
      |                                                                                                                ^
17 warnings generated.
clang++ -arch arm64 -std=gnu++17 -I"/Library/Frameworks/R.framework/Resources/include" -DNDEBUG -I. -Ipraat.github.io -Ipraat.github.io/kar -Ipraat.github.io/melder -Ipraat.github.io/sys -Ipraat.github.io/dwsys -Ipraat.github.io/dwtools -Ipraat.github.io/stat -Ipraat.github.io/fon -Ipraat.github.io/foned -Ipraat.github.io/LPC -Ipraat.github.io/sensors -Ipraat.github.io/external/portaudio -Ipraat.github.io/external/flac -Ipraat.github.io/external/mp3 -Ipraat.github.io/external/espeak -Ipraat.github.io/external/gsl -Ipraat.github.io/external/glpk -I'/Library/Frameworks/R.framework/Versions/4.4-arm64/Resources/library/Rcpp/include' -I/opt/R/arm64/include -I/opt/homebrew/opt/libomp/include -Xclang -fopenmp   -DPRAAT_LIB -DNO_GUI -DNO_AUDIO -DNO_GRAPHICS -DNO_NETWORK -DUNIX -pthread -ffp-contract=off -Wno-unused-parameter -Wno-sign-compare -Wno-unused-variable -Wno-deprecated-declarations -Wno-trigraphs -Wno-logical-op-parentheses -Wno-shift-op-parentheses -Wno-mismatched-tags -Wno-unused-const-variable -Wno-c++11-narrowing -fPIC  -falign-functions=64 -Wall -g -O2   -c praat.github.io/dwsys/NUMFourier.cpp -o praat.github.io/dwsys/NUMFourier.o
In file included from praat.github.io/dwsys/NUMFourier.cpp:19:
In file included from praat.github.io/dwsys/NUMFourier.h:21:
In file included from praat.github.io/sys/Data.h:23:
In file included from praat.github.io/sys/Thing.h:24:
In file included from praat.github.io/melder/melder.h:76:
praat.github.io/melder/melder_tensor.h:64:1: warning: 'vector' defined as a struct template here but previously declared as a class template; this is valid, but may result in linker errors under the Microsoft C++ ABI [-Wmismatched-tags]
   64 | struct vector {
      | ^
praat.github.io/melder/melder_tensor.h:52:23: note: did you mean struct here?
   52 | template <typename T> class vector;
      |                       ^~~~~
      |                       struct
praat.github.io/melder/melder_tensor.h:104:1: warning: 'constvector' defined as a struct template here but previously declared as a class template; this is valid, but may result in linker errors under the Microsoft C++ ABI [-Wmismatched-tags]
  104 | struct constvector {
      | ^
praat.github.io/melder/melder_tensor.h:53:23: note: did you mean struct here?
   53 | template <typename T> class constvector;
      |                       ^~~~~
      |                       struct
praat.github.io/melder/melder_tensor.h:137:1: warning: 'vectorview' defined as a struct template here but previously declared as a class template; this is valid, but may result in linker errors under the Microsoft C++ ABI [-Wmismatched-tags]
  137 | struct vectorview {
      | ^
praat.github.io/melder/melder_tensor.h:54:23: note: did you mean struct here?
   54 | template <typename T> class vectorview;
      |                       ^~~~~
      |                       struct
praat.github.io/melder/melder_tensor.h:167:1: warning: 'constvectorview' defined as a struct template here but previously declared as a class template; this is valid, but may result in linker errors under the Microsoft C++ ABI [-Wmismatched-tags]
  167 | struct constvectorview {
      | ^
praat.github.io/melder/melder_tensor.h:55:23: note: did you mean struct here?
   55 | template <typename T> class constvectorview;
      |                       ^~~~~
      |                       struct
praat.github.io/melder/melder_tensor.h:207:1: warning: 'autovector' defined as a struct template here but previously declared as a class template; this is valid, but may result in linker errors under the Microsoft C++ ABI [-Wmismatched-tags]
  207 | struct autovector {
      | ^
praat.github.io/melder/melder_tensor.h:56:23: note: did you mean struct here?
   56 | template <typename T> class autovector;
      |                       ^~~~~
      |                       struct
praat.github.io/melder/melder_tensor.h:388:1: warning: 'matrix' defined as a struct template here but previously declared as a class template; this is valid, but may result in linker errors under the Microsoft C++ ABI [-Wmismatched-tags]
  388 | struct matrix {
      | ^
praat.github.io/melder/melder_tensor.h:57:23: note: did you mean struct here?
   57 | template <typename T> class matrix;
      |                       ^~~~~
      |                       struct
praat.github.io/melder/melder_tensor.h:461:1: warning: 'constmatrix' defined as a struct template here but previously declared as a class template; this is valid, but may result in linker errors under the Microsoft C++ ABI [-Wmismatched-tags]
  461 | struct constmatrix {
      | ^
praat.github.io/melder/melder_tensor.h:58:23: note: did you mean struct here?
   58 | template <typename T> class constmatrix;
      |                       ^~~~~
      |                       struct
praat.github.io/melder/melder_tensor.h:532:1: warning: 'matrixview' defined as a struct template here but previously declared as a class template; this is valid, but may result in linker errors under the Microsoft C++ ABI [-Wmismatched-tags]
  532 | struct matrixview {
      | ^
praat.github.io/melder/melder_tensor.h:59:23: note: did you mean struct here?
   59 | template <typename T> class matrixview;
      |                       ^~~~~
      |                       struct
praat.github.io/melder/melder_tensor.h:612:1: warning: 'constmatrixview' defined as a struct template here but previously declared as a class template; this is valid, but may result in linker errors under the Microsoft C++ ABI [-Wmismatched-tags]
  612 | struct constmatrixview {
      | ^
praat.github.io/melder/melder_tensor.h:60:23: note: did you mean struct here?
   60 | template <typename T> class constmatrixview;
      |                       ^~~~~
      |                       struct
praat.github.io/melder/melder_tensor.h:683:1: warning: 'automatrix' defined as a struct template here but previously declared as a class template; this is valid, but may result in linker errors under the Microsoft C++ ABI [-Wmismatched-tags]
  683 | struct automatrix {
      | ^
praat.github.io/melder/melder_tensor.h:61:23: note: did you mean struct here?
   61 | template <typename T> class automatrix;
      |                       ^~~~~
      |                       struct
praat.github.io/melder/melder_tensor.h:703:18: warning: unused variable 'numberOfColumnsInThisRow' [-Wunused-variable]
  703 |                         const integer numberOfColumnsInThisRow = uinteger_to_integer_a (row.size());
      |                                       ^~~~~~~~~~~~~~~~~~~~~~~~
In file included from praat.github.io/dwsys/NUMFourier.cpp:19:
In file included from praat.github.io/dwsys/NUMFourier.h:21:
In file included from praat.github.io/sys/Data.h:23:
praat.github.io/sys/Thing.h:77:9: warning: struct 'structThing' was previously declared as a class; this is valid, but may result in linker errors under the Microsoft C++ ABI [-Wmismatched-tags]
   77 | typedef struct structThing *Thing;   // we need an explicit "struct" here, because this is a forward declaration
      |         ^
praat.github.io/melder/MelderArg.h:21:15: note: previous use is here
   21 | typedef class structThing *Thing;   // forward declaration
      |               ^
In file included from praat.github.io/dwsys/NUMFourier.cpp:19:
In file included from praat.github.io/dwsys/NUMFourier.h:21:
In file included from praat.github.io/sys/Data.h:23:
praat.github.io/sys/Thing.h:78:9: warning: struct 'structThing' was previously declared as a class; this is valid, but may result in linker errors under the Microsoft C++ ABI [-Wmismatched-tags]
   78 | typedef struct structThing *mutableThing;
      |         ^
praat.github.io/melder/MelderArg.h:21:15: note: previous use is here
   21 | typedef class structThing *Thing;   // forward declaration
      |               ^
In file included from praat.github.io/dwsys/NUMFourier.cpp:19:
In file included from praat.github.io/dwsys/NUMFourier.h:21:
In file included from praat.github.io/sys/Data.h:23:
praat.github.io/sys/Thing.h:79:15: warning: struct 'structThing' was previously declared as a class; this is valid, but may result in linker errors under the Microsoft C++ ABI [-Wmismatched-tags]
   79 | typedef const struct structThing *constThing;
      |               ^
praat.github.io/melder/MelderArg.h:21:15: note: previous use is here
   21 | typedef class structThing *Thing;   // forward declaration
      |               ^
In file included from praat.github.io/dwsys/NUMFourier.cpp:19:
In file included from praat.github.io/dwsys/NUMFourier.h:21:
In file included from praat.github.io/sys/Data.h:23:
praat.github.io/sys/Thing.h:82:1: warning: 'structThing' defined as a struct here but previously declared as a class; this is valid, but may result in linker errors under the Microsoft C++ ABI [-Wmismatched-tags]
   82 | struct structThing {
      | ^
praat.github.io/melder/MelderArg.h:21:9: note: did you mean struct here?
   21 | typedef class structThing *Thing;   // forward declaration
      |         ^~~~~
      |         struct
In file included from praat.github.io/dwsys/NUMFourier.cpp:26:
praat.github.io/dwsys/NUMFourierTable_def.h:25:2: warning: unused variable '_size' [-Wunused-variable]
   25 |         oo_VEC (trigcache, trigcacheSize)
      |         ^~~~~~~~~~~~~~~~~~~~~~~~~~~~~~~~~
praat.github.io/sys/oo.h:74:25: note: expanded from macro 'oo_VEC'
   74 | #define oo_VEC(x,size)  oo_ANYVEC (double, r64, x, size)
      |                         ^~~~~~~~~~~~~~~~~~~~~~~~~~~~~~~~
praat.github.io/sys/oo_EQUAL.h:31:11: note: expanded from macro 'oo_ANYVEC'
   31 |                 integer _size = (sizeExpression); \
      |                         ^~~~~
In file included from praat.github.io/dwsys/NUMFourier.cpp:26:
praat.github.io/dwsys/NUMFourierTable_def.h:26:2: warning: unused variable '_size' [-Wunused-variable]
   26 |         oo_INTVEC (splitcache, splitcacheSize)
      |         ^~~~~~~~~~~~~~~~~~~~~~~~~~~~~~~~~~~~~~
praat.github.io/sys/oo.h:76:28: note: expanded from macro 'oo_INTVEC'
   76 | #define oo_INTVEC(x,size)  oo_ANYVEC (integer, integer32BE, x, size)
      |                            ^~~~~~~~~~~~~~~~~~~~~~~~~~~~~~~~~~~~~~~~~
praat.github.io/sys/oo_EQUAL.h:31:11: note: expanded from macro 'oo_ANYVEC'
   31 |                 integer _size = (sizeExpression); \
      |                         ^~~~~
In file included from praat.github.io/dwsys/NUMFourier.cpp:30:
praat.github.io/dwsys/NUMFourierTable_def.h:25:2: warning: unused variable '_size' [-Wunused-variable]
   25 |         oo_VEC (trigcache, trigcacheSize)
      |         ^~~~~~~~~~~~~~~~~~~~~~~~~~~~~~~~~
praat.github.io/sys/oo.h:74:25: note: expanded from macro 'oo_VEC'
   74 | #define oo_VEC(x,size)  oo_ANYVEC (double, r64, x, size)
      |                         ^~~~~~~~~~~~~~~~~~~~~~~~~~~~~~~~
praat.github.io/sys/oo_WRITE_TEXT.h:33:11: note: expanded from macro 'oo_ANYVEC'
   33 |                 integer _size = (sizeExpression); \
      |                         ^~~~~
In file included from praat.github.io/dwsys/NUMFourier.cpp:30:
praat.github.io/dwsys/NUMFourierTable_def.h:26:2: warning: unused variable '_size' [-Wunused-variable]
   26 |         oo_INTVEC (splitcache, splitcacheSize)
      |         ^~~~~~~~~~~~~~~~~~~~~~~~~~~~~~~~~~~~~~
praat.github.io/sys/oo.h:76:28: note: expanded from macro 'oo_INTVEC'
   76 | #define oo_INTVEC(x,size)  oo_ANYVEC (integer, integer32BE, x, size)
      |                            ^~~~~~~~~~~~~~~~~~~~~~~~~~~~~~~~~~~~~~~~~
praat.github.io/sys/oo_WRITE_TEXT.h:33:11: note: expanded from macro 'oo_ANYVEC'
   33 |                 integer _size = (sizeExpression); \
      |                         ^~~~~
In file included from praat.github.io/dwsys/NUMFourier.cpp:32:
praat.github.io/dwsys/NUMFourierTable_def.h:25:2: warning: unused variable '_size' [-Wunused-variable]
   25 |         oo_VEC (trigcache, trigcacheSize)
      |         ^~~~~~~~~~~~~~~~~~~~~~~~~~~~~~~~~
praat.github.io/sys/oo.h:74:25: note: expanded from macro 'oo_VEC'
   74 | #define oo_VEC(x,size)  oo_ANYVEC (double, r64, x, size)
      |                         ^~~~~~~~~~~~~~~~~~~~~~~~~~~~~~~~
praat.github.io/sys/oo_WRITE_BINARY.h:31:11: note: expanded from macro 'oo_ANYVEC'
   31 |                 integer _size = (sizeExpression); \
      |                         ^~~~~
In file included from praat.github.io/dwsys/NUMFourier.cpp:32:
praat.github.io/dwsys/NUMFourierTable_def.h:26:2: warning: unused variable '_size' [-Wunused-variable]
   26 |         oo_INTVEC (splitcache, splitcacheSize)
      |         ^~~~~~~~~~~~~~~~~~~~~~~~~~~~~~~~~~~~~~
praat.github.io/sys/oo.h:76:28: note: expanded from macro 'oo_INTVEC'
   76 | #define oo_INTVEC(x,size)  oo_ANYVEC (integer, integer32BE, x, size)
      |                            ^~~~~~~~~~~~~~~~~~~~~~~~~~~~~~~~~~~~~~~~~
praat.github.io/sys/oo_WRITE_BINARY.h:31:11: note: expanded from macro 'oo_ANYVEC'
   31 |                 integer _size = (sizeExpression); \
      |                         ^~~~~
In file included from praat.github.io/dwsys/NUMFourier.cpp:38:
praat.github.io/dwsys/NUMFourierTable_def.h:20:1: warning: class 'structNUMFourierTable' was previously declared as a struct; this is valid, but may result in linker errors under the Microsoft C++ ABI [-Wmismatched-tags]
   20 | oo_DEFINE_CLASS (NUMFourierTable, Daata)
      | ^
praat.github.io/sys/oo_DESCRIPTION.h:158:39: note: expanded from macro 'oo_DEFINE_CLASS'
  158 |                 { U"" #Class, inheritwa, 0, sizeof (class struct##Class), U"" #Class, & theClassInfo_##Parent, 0, nullptr, nullptr, nullptr, nullptr },
      |                                                     ^
praat.github.io/dwsys/NUMFourierTable_def.h:20:1: note: previous use is here
   20 | oo_DEFINE_CLASS (NUMFourierTable, Daata)
      | ^
praat.github.io/sys/oo.h:183:9: note: expanded from macro 'oo_DEFINE_CLASS'
  183 |         struct struct##klas : public struct##parent {
      |                ^
<scratch space>:8:1: note: expanded from here
    8 | structNUMFourierTable
      | ^
praat.github.io/dwsys/NUMFourierTable_def.h:20:1: note: did you mean struct here?
   20 | oo_DEFINE_CLASS (NUMFourierTable, Daata)
      | ^
praat.github.io/sys/oo_DESCRIPTION.h:158:39: note: expanded from macro 'oo_DEFINE_CLASS'
  158 |                 { U"" #Class, inheritwa, 0, sizeof (class struct##Class), U"" #Class, & theClassInfo_##Parent, 0, nullptr, nullptr, nullptr, nullptr },
      |                                                     ^
praat.github.io/dwsys/NUMFourier.cpp:43:1: warning: class 'structNUMFourierTable' was previously declared as a struct; this is valid, but may result in linker errors under the Microsoft C++ ABI [-Wmismatched-tags]
   43 | Thing_implement (NUMFourierTable, Daata, 0);
      | ^
praat.github.io/sys/Thing.h:66:105: note: expanded from macro 'Thing_implement'
   66 |         struct structClassInfo theClassInfo_##klas = { U"" #klas, & theClassInfo_##semanticParentKlas, sizeof (class struct##klas), _##klas##_new, version, 0, nullptr}; \
      |                                                                                                                ^
praat.github.io/dwsys/NUMFourierTable_def.h:20:1: note: previous use is here
   20 | oo_DEFINE_CLASS (NUMFourierTable, Daata)
      | ^
praat.github.io/sys/oo.h:183:9: note: expanded from macro 'oo_DEFINE_CLASS'
  183 |         struct struct##klas : public struct##parent {
      |                ^
<scratch space>:8:1: note: expanded from here
    8 | structNUMFourierTable
      | ^
praat.github.io/dwsys/NUMFourier.cpp:43:1: note: did you mean struct here?
   43 | Thing_implement (NUMFourierTable, Daata, 0);
      | ^
praat.github.io/sys/Thing.h:66:105: note: expanded from macro 'Thing_implement'
   66 |         struct structClassInfo theClassInfo_##klas = { U"" #klas, & theClassInfo_##semanticParentKlas, sizeof (class struct##klas), _##klas##_new, version, 0, nullptr}; \
      |                                                                                                                ^
23 warnings generated.
clang++ -arch arm64 -std=gnu++17 -I"/Library/Frameworks/R.framework/Resources/include" -DNDEBUG -I. -Ipraat.github.io -Ipraat.github.io/kar -Ipraat.github.io/melder -Ipraat.github.io/sys -Ipraat.github.io/dwsys -Ipraat.github.io/dwtools -Ipraat.github.io/stat -Ipraat.github.io/fon -Ipraat.github.io/foned -Ipraat.github.io/LPC -Ipraat.github.io/sensors -Ipraat.github.io/external/portaudio -Ipraat.github.io/external/flac -Ipraat.github.io/external/mp3 -Ipraat.github.io/external/espeak -Ipraat.github.io/external/gsl -Ipraat.github.io/external/glpk -I'/Library/Frameworks/R.framework/Versions/4.4-arm64/Resources/library/Rcpp/include' -I/opt/R/arm64/include -I/opt/homebrew/opt/libomp/include -Xclang -fopenmp   -DPRAAT_LIB -DNO_GUI -DNO_AUDIO -DNO_GRAPHICS -DNO_NETWORK -DUNIX -pthread -ffp-contract=off -Wno-unused-parameter -Wno-sign-compare -Wno-unused-variable -Wno-deprecated-declarations -Wno-trigraphs -Wno-logical-op-parentheses -Wno-shift-op-parentheses -Wno-mismatched-tags -Wno-unused-const-variable -Wno-c++11-narrowing -fPIC  -falign-functions=64 -Wall -g -O2   -c praat.github.io/dwsys/Polynomial.cpp -o praat.github.io/dwsys/Polynomial.o
In file included from praat.github.io/dwsys/Polynomial.cpp:30:
In file included from praat.github.io/dwsys/Roots.h:25:
In file included from praat.github.io/sys/Data.h:23:
In file included from praat.github.io/sys/Thing.h:24:
In file included from praat.github.io/melder/melder.h:76:
praat.github.io/melder/melder_tensor.h:64:1: warning: 'vector' defined as a struct template here but previously declared as a class template; this is valid, but may result in linker errors under the Microsoft C++ ABI [-Wmismatched-tags]
   64 | struct vector {
      | ^
praat.github.io/melder/melder_tensor.h:52:23: note: did you mean struct here?
   52 | template <typename T> class vector;
      |                       ^~~~~
      |                       struct
praat.github.io/melder/melder_tensor.h:104:1: warning: 'constvector' defined as a struct template here but previously declared as a class template; this is valid, but may result in linker errors under the Microsoft C++ ABI [-Wmismatched-tags]
  104 | struct constvector {
      | ^
praat.github.io/melder/melder_tensor.h:53:23: note: did you mean struct here?
   53 | template <typename T> class constvector;
      |                       ^~~~~
      |                       struct
praat.github.io/melder/melder_tensor.h:137:1: warning: 'vectorview' defined as a struct template here but previously declared as a class template; this is valid, but may result in linker errors under the Microsoft C++ ABI [-Wmismatched-tags]
  137 | struct vectorview {
      | ^
praat.github.io/melder/melder_tensor.h:54:23: note: did you mean struct here?
   54 | template <typename T> class vectorview;
      |                       ^~~~~
      |                       struct
praat.github.io/melder/melder_tensor.h:167:1: warning: 'constvectorview' defined as a struct template here but previously declared as a class template; this is valid, but may result in linker errors under the Microsoft C++ ABI [-Wmismatched-tags]
  167 | struct constvectorview {
      | ^
praat.github.io/melder/melder_tensor.h:55:23: note: did you mean struct here?
   55 | template <typename T> class constvectorview;
      |                       ^~~~~
      |                       struct
praat.github.io/melder/melder_tensor.h:207:1: warning: 'autovector' defined as a struct template here but previously declared as a class template; this is valid, but may result in linker errors under the Microsoft C++ ABI [-Wmismatched-tags]
  207 | struct autovector {
      | ^
praat.github.io/melder/melder_tensor.h:56:23: note: did you mean struct here?
   56 | template <typename T> class autovector;
      |                       ^~~~~
      |                       struct
praat.github.io/melder/melder_tensor.h:388:1: warning: 'matrix' defined as a struct template here but previously declared as a class template; this is valid, but may result in linker errors under the Microsoft C++ ABI [-Wmismatched-tags]
  388 | struct matrix {
      | ^
praat.github.io/melder/melder_tensor.h:57:23: note: did you mean struct here?
   57 | template <typename T> class matrix;
      |                       ^~~~~
      |                       struct
praat.github.io/melder/melder_tensor.h:461:1: warning: 'constmatrix' defined as a struct template here but previously declared as a class template; this is valid, but may result in linker errors under the Microsoft C++ ABI [-Wmismatched-tags]
  461 | struct constmatrix {
      | ^
praat.github.io/melder/melder_tensor.h:58:23: note: did you mean struct here?
   58 | template <typename T> class constmatrix;
      |                       ^~~~~
      |                       struct
praat.github.io/melder/melder_tensor.h:532:1: warning: 'matrixview' defined as a struct template here but previously declared as a class template; this is valid, but may result in linker errors under the Microsoft C++ ABI [-Wmismatched-tags]
  532 | struct matrixview {
      | ^
praat.github.io/melder/melder_tensor.h:59:23: note: did you mean struct here?
   59 | template <typename T> class matrixview;
      |                       ^~~~~
      |                       struct
praat.github.io/melder/melder_tensor.h:612:1: warning: 'constmatrixview' defined as a struct template here but previously declared as a class template; this is valid, but may result in linker errors under the Microsoft C++ ABI [-Wmismatched-tags]
  612 | struct constmatrixview {
      | ^
praat.github.io/melder/melder_tensor.h:60:23: note: did you mean struct here?
   60 | template <typename T> class constmatrixview;
      |                       ^~~~~
      |                       struct
praat.github.io/melder/melder_tensor.h:683:1: warning: 'automatrix' defined as a struct template here but previously declared as a class template; this is valid, but may result in linker errors under the Microsoft C++ ABI [-Wmismatched-tags]
  683 | struct automatrix {
      | ^
praat.github.io/melder/melder_tensor.h:61:23: note: did you mean struct here?
   61 | template <typename T> class automatrix;
      |                       ^~~~~
      |                       struct
praat.github.io/melder/melder_tensor.h:703:18: warning: unused variable 'numberOfColumnsInThisRow' [-Wunused-variable]
  703 |                         const integer numberOfColumnsInThisRow = uinteger_to_integer_a (row.size());
      |                                       ^~~~~~~~~~~~~~~~~~~~~~~~
In file included from praat.github.io/dwsys/Polynomial.cpp:30:
In file included from praat.github.io/dwsys/Roots.h:25:
In file included from praat.github.io/sys/Data.h:23:
praat.github.io/sys/Thing.h:77:9: warning: struct 'structThing' was previously declared as a class; this is valid, but may result in linker errors under the Microsoft C++ ABI [-Wmismatched-tags]
   77 | typedef struct structThing *Thing;   // we need an explicit "struct" here, because this is a forward declaration
      |         ^
praat.github.io/melder/MelderArg.h:21:15: note: previous use is here
   21 | typedef class structThing *Thing;   // forward declaration
      |               ^
In file included from praat.github.io/dwsys/Polynomial.cpp:30:
In file included from praat.github.io/dwsys/Roots.h:25:
In file included from praat.github.io/sys/Data.h:23:
praat.github.io/sys/Thing.h:78:9: warning: struct 'structThing' was previously declared as a class; this is valid, but may result in linker errors under the Microsoft C++ ABI [-Wmismatched-tags]
   78 | typedef struct structThing *mutableThing;
      |         ^
praat.github.io/melder/MelderArg.h:21:15: note: previous use is here
   21 | typedef class structThing *Thing;   // forward declaration
      |               ^
In file included from praat.github.io/dwsys/Polynomial.cpp:30:
In file included from praat.github.io/dwsys/Roots.h:25:
In file included from praat.github.io/sys/Data.h:23:
praat.github.io/sys/Thing.h:79:15: warning: struct 'structThing' was previously declared as a class; this is valid, but may result in linker errors under the Microsoft C++ ABI [-Wmismatched-tags]
   79 | typedef const struct structThing *constThing;
      |               ^
praat.github.io/melder/MelderArg.h:21:15: note: previous use is here
   21 | typedef class structThing *Thing;   // forward declaration
      |               ^
In file included from praat.github.io/dwsys/Polynomial.cpp:30:
In file included from praat.github.io/dwsys/Roots.h:25:
In file included from praat.github.io/sys/Data.h:23:
praat.github.io/sys/Thing.h:82:1: warning: 'structThing' defined as a struct here but previously declared as a class; this is valid, but may result in linker errors under the Microsoft C++ ABI [-Wmismatched-tags]
   82 | struct structThing {
      | ^
praat.github.io/melder/MelderArg.h:21:9: note: did you mean struct here?
   21 | typedef class structThing *Thing;   // forward declaration
      |         ^~~~~
      |         struct
In file included from praat.github.io/dwsys/Polynomial.cpp:30:
In file included from praat.github.io/dwsys/Roots.h:26:
praat.github.io/sys/Graphics.h:42:1: warning: struct 'structGraphics' was previously declared as a class; this is valid, but may result in linker errors under the Microsoft C++ ABI [-Wmismatched-tags]
   42 | Thing_define (Graphics, Thing) {
      | ^
praat.github.io/sys/Thing.h:60:2: note: expanded from macro 'Thing_define'
   60 |         Thing_declare (klas); \
      |         ^
praat.github.io/sys/Thing.h:52:10: note: expanded from macro 'Thing_declare'
   52 |         typedef struct struct##klas *klas; \
      |                 ^
praat.github.io/melder/melder_progress.h:143:15: note: previous use is here
  143 | typedef class structGraphics *Graphics;
      |               ^
In file included from praat.github.io/dwsys/Polynomial.cpp:30:
In file included from praat.github.io/dwsys/Roots.h:26:
praat.github.io/sys/Graphics.h:42:1: warning: struct 'structGraphics' was previously declared as a class; this is valid, but may result in linker errors under the Microsoft C++ ABI [-Wmismatched-tags]
   42 | Thing_define (Graphics, Thing) {
      | ^
praat.github.io/sys/Thing.h:60:2: note: expanded from macro 'Thing_define'
   60 |         Thing_declare (klas); \
      |         ^
praat.github.io/sys/Thing.h:53:10: note: expanded from macro 'Thing_declare'
   53 |         typedef struct struct##klas *mutable##klas; \
      |                 ^
praat.github.io/melder/melder_progress.h:143:15: note: previous use is here
  143 | typedef class structGraphics *Graphics;
      |               ^
In file included from praat.github.io/dwsys/Polynomial.cpp:30:
In file included from praat.github.io/dwsys/Roots.h:26:
praat.github.io/sys/Graphics.h:42:1: warning: struct 'structGraphics' was previously declared as a class; this is valid, but may result in linker errors under the Microsoft C++ ABI [-Wmismatched-tags]
   42 | Thing_define (Graphics, Thing) {
      | ^
praat.github.io/sys/Thing.h:60:2: note: expanded from macro 'Thing_define'
   60 |         Thing_declare (klas); \
      |         ^
praat.github.io/sys/Thing.h:54:16: note: expanded from macro 'Thing_declare'
   54 |         typedef const struct struct##klas *const##klas; \
      |                       ^
praat.github.io/melder/melder_progress.h:143:15: note: previous use is here
  143 | typedef class structGraphics *Graphics;
      |               ^
In file included from praat.github.io/dwsys/Polynomial.cpp:30:
In file included from praat.github.io/dwsys/Roots.h:26:
praat.github.io/sys/Graphics.h:42:1: warning: 'structGraphics' defined as a struct here but previously declared as a class; this is valid, but may result in linker errors under the Microsoft C++ ABI [-Wmismatched-tags]
   42 | Thing_define (Graphics, Thing) {
      | ^
praat.github.io/sys/Thing.h:62:2: note: expanded from macro 'Thing_define'
   62 |         struct struct##klas : public struct##syntacticParentKlas
      |         ^
praat.github.io/melder/melder_progress.h:143:9: note: did you mean struct here?
  143 | typedef class structGraphics *Graphics;
      |         ^~~~~
      |         struct
praat.github.io/dwsys/Polynomial.cpp:105:1: warning: class 'structPolynomial' was previously declared as a struct; this is valid, but may result in linker errors under the Microsoft C++ ABI [-Wmismatched-tags]
  105 | Thing_implement (Polynomial, FunctionSeries, 1);
      | ^
praat.github.io/sys/Thing.h:66:105: note: expanded from macro 'Thing_implement'
   66 |         struct structClassInfo theClassInfo_##klas = { U"" #klas, & theClassInfo_##semanticParentKlas, sizeof (class struct##klas), _##klas##_new, version, 0, nullptr}; \
      |                                                                                                                ^
praat.github.io/dwsys/Polynomial.h:29:1: note: previous use is here
   29 | Thing_define (Polynomial, FunctionSeries) {
      | ^
praat.github.io/sys/Thing.h:62:9: note: expanded from macro 'Thing_define'
   62 |         struct struct##klas : public struct##syntacticParentKlas
      |                ^
<scratch space>:22:1: note: expanded from here
   22 | structPolynomial
      | ^
praat.github.io/dwsys/Polynomial.cpp:105:1: note: did you mean struct here?
  105 | Thing_implement (Polynomial, FunctionSeries, 1);
      | ^
praat.github.io/sys/Thing.h:66:105: note: expanded from macro 'Thing_implement'
   66 |         struct structClassInfo theClassInfo_##klas = { U"" #klas, & theClassInfo_##semanticParentKlas, sizeof (class struct##klas), _##klas##_new, version, 0, nullptr}; \
      |                                                                                                                ^
20 warnings generated.
clang++ -arch arm64 -std=gnu++17 -I"/Library/Frameworks/R.framework/Resources/include" -DNDEBUG -I. -Ipraat.github.io -Ipraat.github.io/kar -Ipraat.github.io/melder -Ipraat.github.io/sys -Ipraat.github.io/dwsys -Ipraat.github.io/dwtools -Ipraat.github.io/stat -Ipraat.github.io/fon -Ipraat.github.io/foned -Ipraat.github.io/LPC -Ipraat.github.io/sensors -Ipraat.github.io/external/portaudio -Ipraat.github.io/external/flac -Ipraat.github.io/external/mp3 -Ipraat.github.io/external/espeak -Ipraat.github.io/external/gsl -Ipraat.github.io/external/glpk -I'/Library/Frameworks/R.framework/Versions/4.4-arm64/Resources/library/Rcpp/include' -I/opt/R/arm64/include -I/opt/homebrew/opt/libomp/include -Xclang -fopenmp   -DPRAAT_LIB -DNO_GUI -DNO_AUDIO -DNO_GRAPHICS -DNO_NETWORK -DUNIX -pthread -ffp-contract=off -Wno-unused-parameter -Wno-sign-compare -Wno-unused-variable -Wno-deprecated-declarations -Wno-trigraphs -Wno-logical-op-parentheses -Wno-shift-op-parentheses -Wno-mismatched-tags -Wno-unused-const-variable -Wno-c++11-narrowing -fPIC  -falign-functions=64 -Wall -g -O2   -c praat.github.io/dwsys/FunctionSeries.cpp -o praat.github.io/dwsys/FunctionSeries.o
In file included from praat.github.io/dwsys/FunctionSeries.cpp:19:
In file included from praat.github.io/dwsys/FunctionSeries.h:26:
In file included from praat.github.io/fon/Function.h:21:
In file included from praat.github.io/sys/Collection.h:25:
In file included from praat.github.io/sys/Simple.h:21:
In file included from praat.github.io/sys/Data.h:23:
In file included from praat.github.io/sys/Thing.h:24:
In file included from praat.github.io/melder/melder.h:76:
praat.github.io/melder/melder_tensor.h:64:1: warning: 'vector' defined as a struct template here but previously declared as a class template; this is valid, but may result in linker errors under the Microsoft C++ ABI [-Wmismatched-tags]
   64 | struct vector {
      | ^
praat.github.io/melder/melder_tensor.h:52:23: note: did you mean struct here?
   52 | template <typename T> class vector;
      |                       ^~~~~
      |                       struct
praat.github.io/melder/melder_tensor.h:104:1: warning: 'constvector' defined as a struct template here but previously declared as a class template; this is valid, but may result in linker errors under the Microsoft C++ ABI [-Wmismatched-tags]
  104 | struct constvector {
      | ^
praat.github.io/melder/melder_tensor.h:53:23: note: did you mean struct here?
   53 | template <typename T> class constvector;
      |                       ^~~~~
      |                       struct
praat.github.io/melder/melder_tensor.h:137:1: warning: 'vectorview' defined as a struct template here but previously declared as a class template; this is valid, but may result in linker errors under the Microsoft C++ ABI [-Wmismatched-tags]
  137 | struct vectorview {
      | ^
praat.github.io/melder/melder_tensor.h:54:23: note: did you mean struct here?
   54 | template <typename T> class vectorview;
      |                       ^~~~~
      |                       struct
praat.github.io/melder/melder_tensor.h:167:1: warning: 'constvectorview' defined as a struct template here but previously declared as a class template; this is valid, but may result in linker errors under the Microsoft C++ ABI [-Wmismatched-tags]
  167 | struct constvectorview {
      | ^
praat.github.io/melder/melder_tensor.h:55:23: note: did you mean struct here?
   55 | template <typename T> class constvectorview;
      |                       ^~~~~
      |                       struct
praat.github.io/melder/melder_tensor.h:207:1: warning: 'autovector' defined as a struct template here but previously declared as a class template; this is valid, but may result in linker errors under the Microsoft C++ ABI [-Wmismatched-tags]
  207 | struct autovector {
      | ^
praat.github.io/melder/melder_tensor.h:56:23: note: did you mean struct here?
   56 | template <typename T> class autovector;
      |                       ^~~~~
      |                       struct
praat.github.io/melder/melder_tensor.h:388:1: warning: 'matrix' defined as a struct template here but previously declared as a class template; this is valid, but may result in linker errors under the Microsoft C++ ABI [-Wmismatched-tags]
  388 | struct matrix {
      | ^
praat.github.io/melder/melder_tensor.h:57:23: note: did you mean struct here?
   57 | template <typename T> class matrix;
      |                       ^~~~~
      |                       struct
praat.github.io/melder/melder_tensor.h:461:1: warning: 'constmatrix' defined as a struct template here but previously declared as a class template; this is valid, but may result in linker errors under the Microsoft C++ ABI [-Wmismatched-tags]
  461 | struct constmatrix {
      | ^
praat.github.io/melder/melder_tensor.h:58:23: note: did you mean struct here?
   58 | template <typename T> class constmatrix;
      |                       ^~~~~
      |                       struct
praat.github.io/melder/melder_tensor.h:532:1: warning: 'matrixview' defined as a struct template here but previously declared as a class template; this is valid, but may result in linker errors under the Microsoft C++ ABI [-Wmismatched-tags]
  532 | struct matrixview {
      | ^
praat.github.io/melder/melder_tensor.h:59:23: note: did you mean struct here?
   59 | template <typename T> class matrixview;
      |                       ^~~~~
      |                       struct
praat.github.io/melder/melder_tensor.h:612:1: warning: 'constmatrixview' defined as a struct template here but previously declared as a class template; this is valid, but may result in linker errors under the Microsoft C++ ABI [-Wmismatched-tags]
  612 | struct constmatrixview {
      | ^
praat.github.io/melder/melder_tensor.h:60:23: note: did you mean struct here?
   60 | template <typename T> class constmatrixview;
      |                       ^~~~~
      |                       struct
praat.github.io/melder/melder_tensor.h:683:1: warning: 'automatrix' defined as a struct template here but previously declared as a class template; this is valid, but may result in linker errors under the Microsoft C++ ABI [-Wmismatched-tags]
  683 | struct automatrix {
      | ^
praat.github.io/melder/melder_tensor.h:61:23: note: did you mean struct here?
   61 | template <typename T> class automatrix;
      |                       ^~~~~
      |                       struct
praat.github.io/melder/melder_tensor.h:703:18: warning: unused variable 'numberOfColumnsInThisRow' [-Wunused-variable]
  703 |                         const integer numberOfColumnsInThisRow = uinteger_to_integer_a (row.size());
      |                                       ^~~~~~~~~~~~~~~~~~~~~~~~
In file included from praat.github.io/dwsys/FunctionSeries.cpp:19:
In file included from praat.github.io/dwsys/FunctionSeries.h:26:
In file included from praat.github.io/fon/Function.h:21:
In file included from praat.github.io/sys/Collection.h:25:
In file included from praat.github.io/sys/Simple.h:21:
In file included from praat.github.io/sys/Data.h:23:
praat.github.io/sys/Thing.h:77:9: warning: struct 'structThing' was previously declared as a class; this is valid, but may result in linker errors under the Microsoft C++ ABI [-Wmismatched-tags]
   77 | typedef struct structThing *Thing;   // we need an explicit "struct" here, because this is a forward declaration
      |         ^
praat.github.io/melder/MelderArg.h:21:15: note: previous use is here
   21 | typedef class structThing *Thing;   // forward declaration
      |               ^
In file included from praat.github.io/dwsys/FunctionSeries.cpp:19:
In file included from praat.github.io/dwsys/FunctionSeries.h:26:
In file included from praat.github.io/fon/Function.h:21:
In file included from praat.github.io/sys/Collection.h:25:
In file included from praat.github.io/sys/Simple.h:21:
In file included from praat.github.io/sys/Data.h:23:
praat.github.io/sys/Thing.h:78:9: warning: struct 'structThing' was previously declared as a class; this is valid, but may result in linker errors under the Microsoft C++ ABI [-Wmismatched-tags]
   78 | typedef struct structThing *mutableThing;
      |         ^
praat.github.io/melder/MelderArg.h:21:15: note: previous use is here
   21 | typedef class structThing *Thing;   // forward declaration
      |               ^
In file included from praat.github.io/dwsys/FunctionSeries.cpp:19:
In file included from praat.github.io/dwsys/FunctionSeries.h:26:
In file included from praat.github.io/fon/Function.h:21:
In file included from praat.github.io/sys/Collection.h:25:
In file included from praat.github.io/sys/Simple.h:21:
In file included from praat.github.io/sys/Data.h:23:
praat.github.io/sys/Thing.h:79:15: warning: struct 'structThing' was previously declared as a class; this is valid, but may result in linker errors under the Microsoft C++ ABI [-Wmismatched-tags]
   79 | typedef const struct structThing *constThing;
      |               ^
praat.github.io/melder/MelderArg.h:21:15: note: previous use is here
   21 | typedef class structThing *Thing;   // forward declaration
      |               ^
In file included from praat.github.io/dwsys/FunctionSeries.cpp:19:
In file included from praat.github.io/dwsys/FunctionSeries.h:26:
In file included from praat.github.io/fon/Function.h:21:
In file included from praat.github.io/sys/Collection.h:25:
In file included from praat.github.io/sys/Simple.h:21:
In file included from praat.github.io/sys/Data.h:23:
praat.github.io/sys/Thing.h:82:1: warning: 'structThing' defined as a struct here but previously declared as a class; this is valid, but may result in linker errors under the Microsoft C++ ABI [-Wmismatched-tags]
   82 | struct structThing {
      | ^
praat.github.io/melder/MelderArg.h:21:9: note: did you mean struct here?
   21 | typedef class structThing *Thing;   // forward declaration
      |         ^~~~~
      |         struct
In file included from praat.github.io/dwsys/FunctionSeries.cpp:19:
In file included from praat.github.io/dwsys/FunctionSeries.h:27:
praat.github.io/sys/Graphics.h:42:1: warning: struct 'structGraphics' was previously declared as a class; this is valid, but may result in linker errors under the Microsoft C++ ABI [-Wmismatched-tags]
   42 | Thing_define (Graphics, Thing) {
      | ^
praat.github.io/sys/Thing.h:60:2: note: expanded from macro 'Thing_define'
   60 |         Thing_declare (klas); \
      |         ^
praat.github.io/sys/Thing.h:52:10: note: expanded from macro 'Thing_declare'
   52 |         typedef struct struct##klas *klas; \
      |                 ^
praat.github.io/melder/melder_progress.h:143:15: note: previous use is here
  143 | typedef class structGraphics *Graphics;
      |               ^
In file included from praat.github.io/dwsys/FunctionSeries.cpp:19:
In file included from praat.github.io/dwsys/FunctionSeries.h:27:
praat.github.io/sys/Graphics.h:42:1: warning: struct 'structGraphics' was previously declared as a class; this is valid, but may result in linker errors under the Microsoft C++ ABI [-Wmismatched-tags]
   42 | Thing_define (Graphics, Thing) {
      | ^
praat.github.io/sys/Thing.h:60:2: note: expanded from macro 'Thing_define'
   60 |         Thing_declare (klas); \
      |         ^
praat.github.io/sys/Thing.h:53:10: note: expanded from macro 'Thing_declare'
   53 |         typedef struct struct##klas *mutable##klas; \
      |                 ^
praat.github.io/melder/melder_progress.h:143:15: note: previous use is here
  143 | typedef class structGraphics *Graphics;
      |               ^
In file included from praat.github.io/dwsys/FunctionSeries.cpp:19:
In file included from praat.github.io/dwsys/FunctionSeries.h:27:
praat.github.io/sys/Graphics.h:42:1: warning: struct 'structGraphics' was previously declared as a class; this is valid, but may result in linker errors under the Microsoft C++ ABI [-Wmismatched-tags]
   42 | Thing_define (Graphics, Thing) {
      | ^
praat.github.io/sys/Thing.h:60:2: note: expanded from macro 'Thing_define'
   60 |         Thing_declare (klas); \
      |         ^
praat.github.io/sys/Thing.h:54:16: note: expanded from macro 'Thing_declare'
   54 |         typedef const struct struct##klas *const##klas; \
      |                       ^
praat.github.io/melder/melder_progress.h:143:15: note: previous use is here
  143 | typedef class structGraphics *Graphics;
      |               ^
In file included from praat.github.io/dwsys/FunctionSeries.cpp:19:
In file included from praat.github.io/dwsys/FunctionSeries.h:27:
praat.github.io/sys/Graphics.h:42:1: warning: 'structGraphics' defined as a struct here but previously declared as a class; this is valid, but may result in linker errors under the Microsoft C++ ABI [-Wmismatched-tags]
   42 | Thing_define (Graphics, Thing) {
      | ^
praat.github.io/sys/Thing.h:62:2: note: expanded from macro 'Thing_define'
   62 |         struct struct##klas : public struct##syntacticParentKlas
      |         ^
praat.github.io/melder/melder_progress.h:143:9: note: did you mean struct here?
  143 | typedef class structGraphics *Graphics;
      |         ^~~~~
      |         struct
In file included from praat.github.io/dwsys/FunctionSeries.cpp:27:
praat.github.io/dwsys/FunctionSeries_def.h:28:2: warning: unused variable '_size' [-Wunused-variable]
   28 |         oo_VEC (coefficients, numberOfCoefficients)
      |         ^~~~~~~~~~~~~~~~~~~~~~~~~~~~~~~~~~~~~~~~~~~
praat.github.io/sys/oo.h:74:25: note: expanded from macro 'oo_VEC'
   74 | #define oo_VEC(x,size)  oo_ANYVEC (double, r64, x, size)
      |                         ^~~~~~~~~~~~~~~~~~~~~~~~~~~~~~~~
praat.github.io/sys/oo_EQUAL.h:31:11: note: expanded from macro 'oo_ANYVEC'
   31 |                 integer _size = (sizeExpression); \
      |                         ^~~~~
In file included from praat.github.io/dwsys/FunctionSeries.cpp:31:
praat.github.io/dwsys/FunctionSeries_def.h:28:2: warning: unused variable '_size' [-Wunused-variable]
   28 |         oo_VEC (coefficients, numberOfCoefficients)
      |         ^~~~~~~~~~~~~~~~~~~~~~~~~~~~~~~~~~~~~~~~~~~
praat.github.io/sys/oo.h:74:25: note: expanded from macro 'oo_VEC'
   74 | #define oo_VEC(x,size)  oo_ANYVEC (double, r64, x, size)
      |                         ^~~~~~~~~~~~~~~~~~~~~~~~~~~~~~~~
praat.github.io/sys/oo_WRITE_TEXT.h:33:11: note: expanded from macro 'oo_ANYVEC'
   33 |                 integer _size = (sizeExpression); \
      |                         ^~~~~
In file included from praat.github.io/dwsys/FunctionSeries.cpp:33:
praat.github.io/dwsys/FunctionSeries_def.h:28:2: warning: unused variable '_size' [-Wunused-variable]
   28 |         oo_VEC (coefficients, numberOfCoefficients)
      |         ^~~~~~~~~~~~~~~~~~~~~~~~~~~~~~~~~~~~~~~~~~~
praat.github.io/sys/oo.h:74:25: note: expanded from macro 'oo_VEC'
   74 | #define oo_VEC(x,size)  oo_ANYVEC (double, r64, x, size)
      |                         ^~~~~~~~~~~~~~~~~~~~~~~~~~~~~~~~
praat.github.io/sys/oo_WRITE_BINARY.h:31:11: note: expanded from macro 'oo_ANYVEC'
   31 |                 integer _size = (sizeExpression); \
      |                         ^~~~~
In file included from praat.github.io/dwsys/FunctionSeries.cpp:39:
praat.github.io/dwsys/FunctionSeries_def.h:25:1: warning: class 'structFunctionSeries' was previously declared as a struct; this is valid, but may result in linker errors under the Microsoft C++ ABI [-Wmismatched-tags]
   25 | oo_DEFINE_CLASS (FunctionSeries, Function)
      | ^
praat.github.io/sys/oo_DESCRIPTION.h:158:39: note: expanded from macro 'oo_DEFINE_CLASS'
  158 |                 { U"" #Class, inheritwa, 0, sizeof (class struct##Class), U"" #Class, & theClassInfo_##Parent, 0, nullptr, nullptr, nullptr, nullptr },
      |                                                     ^
praat.github.io/dwsys/FunctionSeries_def.h:25:1: note: previous use is here
   25 | oo_DEFINE_CLASS (FunctionSeries, Function)
      | ^
praat.github.io/sys/oo.h:183:9: note: expanded from macro 'oo_DEFINE_CLASS'
  183 |         struct struct##klas : public struct##parent {
      |                ^
<scratch space>:8:1: note: expanded from here
    8 | structFunctionSeries
      | ^
praat.github.io/dwsys/FunctionSeries_def.h:25:1: note: did you mean struct here?
   25 | oo_DEFINE_CLASS (FunctionSeries, Function)
      | ^
praat.github.io/sys/oo_DESCRIPTION.h:158:39: note: expanded from macro 'oo_DEFINE_CLASS'
  158 |                 { U"" #Class, inheritwa, 0, sizeof (class struct##Class), U"" #Class, & theClassInfo_##Parent, 0, nullptr, nullptr, nullptr, nullptr },
      |                                                     ^
praat.github.io/dwsys/FunctionSeries.cpp:41:1: warning: class 'structFunctionSeries' was previously declared as a struct; this is valid, but may result in linker errors under the Microsoft C++ ABI [-Wmismatched-tags]
   41 | Thing_implement (FunctionSeries, Function, 0);
      | ^
praat.github.io/sys/Thing.h:66:105: note: expanded from macro 'Thing_implement'
   66 |         struct structClassInfo theClassInfo_##klas = { U"" #klas, & theClassInfo_##semanticParentKlas, sizeof (class struct##klas), _##klas##_new, version, 0, nullptr}; \
      |                                                                                                                ^
praat.github.io/dwsys/FunctionSeries_def.h:25:1: note: previous use is here
   25 | oo_DEFINE_CLASS (FunctionSeries, Function)
      | ^
praat.github.io/sys/oo.h:183:9: note: expanded from macro 'oo_DEFINE_CLASS'
  183 |         struct struct##klas : public struct##parent {
      |                ^
<scratch space>:8:1: note: expanded from here
    8 | structFunctionSeries
      | ^
praat.github.io/dwsys/FunctionSeries.cpp:41:1: note: did you mean struct here?
   41 | Thing_implement (FunctionSeries, Function, 0);
      | ^
praat.github.io/sys/Thing.h:66:105: note: expanded from macro 'Thing_implement'
   66 |         struct structClassInfo theClassInfo_##klas = { U"" #klas, & theClassInfo_##semanticParentKlas, sizeof (class struct##klas), _##klas##_new, version, 0, nullptr}; \
      |                                                                                                                ^
24 warnings generated.
clang++ -arch arm64 -std=gnu++17 -I"/Library/Frameworks/R.framework/Resources/include" -DNDEBUG -I. -Ipraat.github.io -Ipraat.github.io/kar -Ipraat.github.io/melder -Ipraat.github.io/sys -Ipraat.github.io/dwsys -Ipraat.github.io/dwtools -Ipraat.github.io/stat -Ipraat.github.io/fon -Ipraat.github.io/foned -Ipraat.github.io/LPC -Ipraat.github.io/sensors -Ipraat.github.io/external/portaudio -Ipraat.github.io/external/flac -Ipraat.github.io/external/mp3 -Ipraat.github.io/external/espeak -Ipraat.github.io/external/gsl -Ipraat.github.io/external/glpk -I'/Library/Frameworks/R.framework/Versions/4.4-arm64/Resources/library/Rcpp/include' -I/opt/R/arm64/include -I/opt/homebrew/opt/libomp/include -Xclang -fopenmp   -DPRAAT_LIB -DNO_GUI -DNO_AUDIO -DNO_GRAPHICS -DNO_NETWORK -DUNIX -pthread -ffp-contract=off -Wno-unused-parameter -Wno-sign-compare -Wno-unused-variable -Wno-deprecated-declarations -Wno-trigraphs -Wno-logical-op-parentheses -Wno-shift-op-parentheses -Wno-mismatched-tags -Wno-unused-const-variable -Wno-c++11-narrowing -fPIC  -falign-functions=64 -Wall -g -O2   -c praat.github.io/dwsys/SVD.cpp -o praat.github.io/dwsys/SVD.o
In file included from praat.github.io/dwsys/SVD.cpp:23:
In file included from praat.github.io/dwsys/SVD.h:26:
In file included from praat.github.io/dwsys/NUM2.h:21:
In file included from praat.github.io/dwsys/ExtendedReal.h:37:
In file included from praat.github.io/sys/Data.h:23:
In file included from praat.github.io/sys/Thing.h:24:
In file included from praat.github.io/melder/melder.h:76:
praat.github.io/melder/melder_tensor.h:64:1: warning: 'vector' defined as a struct template here but previously declared as a class template; this is valid, but may result in linker errors under the Microsoft C++ ABI [-Wmismatched-tags]
   64 | struct vector {
      | ^
praat.github.io/melder/melder_tensor.h:52:23: note: did you mean struct here?
   52 | template <typename T> class vector;
      |                       ^~~~~
      |                       struct
praat.github.io/melder/melder_tensor.h:104:1: warning: 'constvector' defined as a struct template here but previously declared as a class template; this is valid, but may result in linker errors under the Microsoft C++ ABI [-Wmismatched-tags]
  104 | struct constvector {
      | ^
praat.github.io/melder/melder_tensor.h:53:23: note: did you mean struct here?
   53 | template <typename T> class constvector;
      |                       ^~~~~
      |                       struct
praat.github.io/melder/melder_tensor.h:137:1: warning: 'vectorview' defined as a struct template here but previously declared as a class template; this is valid, but may result in linker errors under the Microsoft C++ ABI [-Wmismatched-tags]
  137 | struct vectorview {
      | ^
praat.github.io/melder/melder_tensor.h:54:23: note: did you mean struct here?
   54 | template <typename T> class vectorview;
      |                       ^~~~~
      |                       struct
praat.github.io/melder/melder_tensor.h:167:1: warning: 'constvectorview' defined as a struct template here but previously declared as a class template; this is valid, but may result in linker errors under the Microsoft C++ ABI [-Wmismatched-tags]
  167 | struct constvectorview {
      | ^
praat.github.io/melder/melder_tensor.h:55:23: note: did you mean struct here?
   55 | template <typename T> class constvectorview;
      |                       ^~~~~
      |                       struct
praat.github.io/melder/melder_tensor.h:207:1: warning: 'autovector' defined as a struct template here but previously declared as a class template; this is valid, but may result in linker errors under the Microsoft C++ ABI [-Wmismatched-tags]
  207 | struct autovector {
      | ^
praat.github.io/melder/melder_tensor.h:56:23: note: did you mean struct here?
   56 | template <typename T> class autovector;
      |                       ^~~~~
      |                       struct
praat.github.io/melder/melder_tensor.h:388:1: warning: 'matrix' defined as a struct template here but previously declared as a class template; this is valid, but may result in linker errors under the Microsoft C++ ABI [-Wmismatched-tags]
  388 | struct matrix {
      | ^
praat.github.io/melder/melder_tensor.h:57:23: note: did you mean struct here?
   57 | template <typename T> class matrix;
      |                       ^~~~~
      |                       struct
praat.github.io/melder/melder_tensor.h:461:1: warning: 'constmatrix' defined as a struct template here but previously declared as a class template; this is valid, but may result in linker errors under the Microsoft C++ ABI [-Wmismatched-tags]
  461 | struct constmatrix {
      | ^
praat.github.io/melder/melder_tensor.h:58:23: note: did you mean struct here?
   58 | template <typename T> class constmatrix;
      |                       ^~~~~
      |                       struct
praat.github.io/melder/melder_tensor.h:532:1: warning: 'matrixview' defined as a struct template here but previously declared as a class template; this is valid, but may result in linker errors under the Microsoft C++ ABI [-Wmismatched-tags]
  532 | struct matrixview {
      | ^
praat.github.io/melder/melder_tensor.h:59:23: note: did you mean struct here?
   59 | template <typename T> class matrixview;
      |                       ^~~~~
      |                       struct
praat.github.io/melder/melder_tensor.h:612:1: warning: 'constmatrixview' defined as a struct template here but previously declared as a class template; this is valid, but may result in linker errors under the Microsoft C++ ABI [-Wmismatched-tags]
  612 | struct constmatrixview {
      | ^
praat.github.io/melder/melder_tensor.h:60:23: note: did you mean struct here?
   60 | template <typename T> class constmatrixview;
      |                       ^~~~~
      |                       struct
praat.github.io/melder/melder_tensor.h:683:1: warning: 'automatrix' defined as a struct template here but previously declared as a class template; this is valid, but may result in linker errors under the Microsoft C++ ABI [-Wmismatched-tags]
  683 | struct automatrix {
      | ^
praat.github.io/melder/melder_tensor.h:61:23: note: did you mean struct here?
   61 | template <typename T> class automatrix;
      |                       ^~~~~
      |                       struct
praat.github.io/melder/melder_tensor.h:703:18: warning: unused variable 'numberOfColumnsInThisRow' [-Wunused-variable]
  703 |                         const integer numberOfColumnsInThisRow = uinteger_to_integer_a (row.size());
      |                                       ^~~~~~~~~~~~~~~~~~~~~~~~
In file included from praat.github.io/dwsys/SVD.cpp:23:
In file included from praat.github.io/dwsys/SVD.h:26:
In file included from praat.github.io/dwsys/NUM2.h:21:
In file included from praat.github.io/dwsys/ExtendedReal.h:37:
In file included from praat.github.io/sys/Data.h:23:
praat.github.io/sys/Thing.h:77:9: warning: struct 'structThing' was previously declared as a class; this is valid, but may result in linker errors under the Microsoft C++ ABI [-Wmismatched-tags]
   77 | typedef struct structThing *Thing;   // we need an explicit "struct" here, because this is a forward declaration
      |         ^
praat.github.io/melder/MelderArg.h:21:15: note: previous use is here
   21 | typedef class structThing *Thing;   // forward declaration
      |               ^
In file included from praat.github.io/dwsys/SVD.cpp:23:
In file included from praat.github.io/dwsys/SVD.h:26:
In file included from praat.github.io/dwsys/NUM2.h:21:
In file included from praat.github.io/dwsys/ExtendedReal.h:37:
In file included from praat.github.io/sys/Data.h:23:
praat.github.io/sys/Thing.h:78:9: warning: struct 'structThing' was previously declared as a class; this is valid, but may result in linker errors under the Microsoft C++ ABI [-Wmismatched-tags]
   78 | typedef struct structThing *mutableThing;
      |         ^
praat.github.io/melder/MelderArg.h:21:15: note: previous use is here
   21 | typedef class structThing *Thing;   // forward declaration
      |               ^
In file included from praat.github.io/dwsys/SVD.cpp:23:
In file included from praat.github.io/dwsys/SVD.h:26:
In file included from praat.github.io/dwsys/NUM2.h:21:
In file included from praat.github.io/dwsys/ExtendedReal.h:37:
In file included from praat.github.io/sys/Data.h:23:
praat.github.io/sys/Thing.h:79:15: warning: struct 'structThing' was previously declared as a class; this is valid, but may result in linker errors under the Microsoft C++ ABI [-Wmismatched-tags]
   79 | typedef const struct structThing *constThing;
      |               ^
praat.github.io/melder/MelderArg.h:21:15: note: previous use is here
   21 | typedef class structThing *Thing;   // forward declaration
      |               ^
In file included from praat.github.io/dwsys/SVD.cpp:23:
In file included from praat.github.io/dwsys/SVD.h:26:
In file included from praat.github.io/dwsys/NUM2.h:21:
In file included from praat.github.io/dwsys/ExtendedReal.h:37:
In file included from praat.github.io/sys/Data.h:23:
praat.github.io/sys/Thing.h:82:1: warning: 'structThing' defined as a struct here but previously declared as a class; this is valid, but may result in linker errors under the Microsoft C++ ABI [-Wmismatched-tags]
   82 | struct structThing {
      | ^
praat.github.io/melder/MelderArg.h:21:9: note: did you mean struct here?
   21 | typedef class structThing *Thing;   // forward declaration
      |         ^~~~~
      |         struct
In file included from praat.github.io/dwsys/SVD.cpp:28:
praat.github.io/dwsys/NUMlapack.h:22:10: fatal error: 'clapack.h' file not found
   22 | #include "clapack.h"
      |          ^~~~~~~~~~~
15 warnings and 1 error generated.
make: *** [praat.github.io/dwsys/SVD.o] Error 1
ERROR: compilation failed for package ‘speaker’
* removing ‘/Library/Frameworks/R.framework/Versions/4.4-arm64/Resources/library/speaker’
